Player,Nation,Pos,Squad,Age,Born,90s,CrdY,CrdR,2CrdY,Fls,Fld,Off,Crs,Int,TklW,PKwon,PKcon,OG,Recov,Won,Lost,Won%
Joshua Acheampong,ENG,DF,Chelsea,18,2006,1.9,1,0,0,0,1,0,0,1,1,0,0,0,7,1,6,14.3
Tyler Adams,USA,MF,Bournemouth,25,1999,21.8,7,0,0,45,21,0,3,32,50,0,1,0,114,31,18,63.3
Tosin Adarabioyo,ENG,DF,Chelsea,26,1997,15.7,4,0,0,8,9,1,0,11,13,0,0,0,41,42,28,60.0
Simon Adingra,CIV,"FW,MF",Brighton,22,2002,12.2,0,0,0,13,4,4,41,8,14,0,0,0,47,7,4,63.6
Emmanuel Agbadou,CIV,DF,Wolves,27,1997,15.7,3,0,0,7,4,1,2,12,19,0,0,0,83,26,20,56.5
Asher Agbinone,ENG,MF,Crystal Palace,18,2005,0.1,0,0,0,0,0,0,1,0,1,0,0,0,0,0,1,0.0
Ola Aina,NGA,DF,Nott'ham Forest,27,1996,33.3,5,0,0,23,35,2,59,33,42,0,1,0,190,13,19,40.6
Rayan Aït-Nouri,ALG,DF,Wolves,23,2001,34.5,7,1,1,30,46,6,94,26,57,0,0,0,145,22,30,42.3
Kristoffer Ajer,NOR,DF,Brentford,26,1998,16.0,5,0,0,13,6,2,14,12,18,0,0,0,42,27,23,54.0
Manuel Akanji,SUI,DF,Manchester City,29,1995,22.4,3,0,0,17,9,0,11,9,12,0,0,0,103,30,33,47.6
Nathan Aké,NED,DF,Manchester City,29,1995,7.5,0,0,0,2,0,0,1,3,7,0,0,0,24,13,10,56.5
Carlos Alcaraz,ARG,MF,Southampton,21,2002,0.1,0,0,0,1,0,0,1,1,0,0,0,0,2,1,0,100.0
Carlos Alcaraz,ARG,"FW,MF",Everton,21,2002,8.5,4,0,0,13,12,1,11,5,5,0,0,0,37,14,8,63.6
Trent Alexander-Arnold,ENG,DF,Liverpool,25,1998,26.3,5,0,0,11,9,1,153,31,50,0,0,0,132,3,13,18.8
Alisson,BRA,GK,Liverpool,31,1992,27.9,0,0,0,0,2,0,0,0,0,0,0,0,47,7,0,100.0
Miguel Almirón,PAR,FW,Newcastle Utd,30,1994,1.7,0,0,0,1,3,2,0,0,2,0,0,0,4,0,2,0.0
Edson Álvarez,MEX,MF,West Ham,26,1997,19.7,9,1,1,42,18,4,6,18,27,0,0,0,88,30,23,56.6
Harry Amass,ENG,DF,Manchester Utd,17,2007,3.8,0,0,0,2,4,1,9,2,2,0,0,0,26,7,6,53.8
Samuel Amo-Ameyaw,ENG,"FW,DF",Southampton,18,2006,0.3,1,0,0,1,2,0,2,0,0,0,0,0,1,0,1,0.0
Joachim Andersen,DEN,DF,Crystal Palace,28,1996,1.0,1,0,0,2,0,0,1,0,1,0,0,0,7,2,0,100.0
Joachim Andersen,DEN,DF,Fulham,28,1996,28.7,6,1,0,18,19,0,12,34,18,0,1,1,122,70,39,64.2
Elliot Anderson,ENG,MF,Nott'ham Forest,21,2002,30.3,10,0,0,49,58,4,86,31,56,0,0,0,207,56,30,65.1
André,BRA,MF,Wolves,23,2001,27.5,7,0,0,36,34,0,0,37,55,0,1,0,194,2,6,25.0
Michail Antonio,JAM,FW,West Ham,34,1990,9.3,1,0,0,12,7,4,25,0,2,0,0,0,22,17,22,43.6
Julian Araujo,MEX,DF,Bournemouth,22,2001,5.5,2,0,0,7,2,1,9,6,5,0,0,0,29,3,9,25.0
Cameron Archer,ENG,FW,Southampton,23,2001,16.0,0,0,0,16,13,8,3,2,8,0,0,0,35,9,30,23.1
Alphonse Areola,FRA,GK,West Ham,31,1993,25.1,0,0,0,0,0,0,0,0,2,0,0,1,29,2,0,100.0
Joe Aribo,NGA,"MF,DF",Southampton,28,1996,22.4,1,0,0,20,28,1,10,20,33,0,1,0,112,25,24,51.0
Adam Armstrong,ENG,"FW,MF",Southampton,27,1997,13.9,4,0,0,12,5,9,14,3,3,0,0,0,23,5,9,35.7
Harrison Armstrong,ENG,MF,Everton,17,2007,0.5,1,0,0,2,2,0,1,0,0,0,0,0,2,0,2,0.0
Kepa Arrizabalaga,ESP,GK,Bournemouth,29,1994,31.0,3,0,0,2,6,0,0,0,0,0,2,0,56,7,1,87.5
Marco Asensio,ESP,MF,Aston Villa,28,1996,8.3,2,0,0,11,8,2,38,2,5,0,0,0,28,0,1,0.0
Brandon Austin,ENG,GK,Tottenham,25,1999,1.0,0,0,0,0,2,0,0,0,0,0,0,0,1,2,0,100.0
Taiwo Awoniyi,NGA,FW,Nott'ham Forest,26,1997,4.6,0,0,0,8,10,1,2,0,3,0,0,0,18,13,38,25.5
Yasin Ayari,SWE,MF,Brighton,20,2003,21.8,3,0,0,37,26,3,69,20,32,0,1,0,118,16,20,44.4
Jordan Ayew,GHA,"FW,MF",Crystal Palace,32,1991,0.2,1,0,0,1,0,0,1,0,0,0,0,0,1,1,1,50.0
Jordan Ayew,GHA,"FW,MF",Leicester City,32,1991,18.2,5,0,0,30,59,7,60,12,15,0,0,0,93,37,80,31.6
Benoît Badiashile,FRA,DF,Chelsea,23,2001,3.7,0,0,0,6,2,0,0,6,6,0,0,0,18,8,2,80.0
Leon Bailey,JAM,"FW,MF",Aston Villa,26,1997,12.7,3,0,0,12,18,3,34,3,5,1,0,0,59,6,9,40.0
Carlos Baleba,CMR,MF,Brighton,20,2004,29.6,8,1,1,40,48,0,9,46,46,0,2,0,197,39,26,60.0
Ross Barkley,ENG,MF,Aston Villa,30,1993,6.5,3,0,0,8,3,0,1,10,3,0,0,0,43,6,4,60.0
Harvey Barnes,ENG,FW,Newcastle Utd,26,1997,19.5,0,0,0,15,22,5,47,6,9,0,0,0,55,6,15,28.6
Calvin Bassey,NGA,DF,Fulham,24,1999,34.2,7,0,0,26,32,2,8,20,34,0,0,0,168,43,33,56.6
Altay Bayındır,TUR,GK,Manchester Utd,26,1998,4.0,0,0,0,0,1,0,0,0,0,0,0,0,3,1,1,50.0
Jan Bednarek,POL,DF,Southampton,28,1996,28.1,7,0,0,31,13,0,1,56,19,0,1,0,106,71,37,65.7
Armel Bella Kotchap,GER,DF,Southampton,22,2001,3.7,0,0,0,3,2,0,0,5,5,0,0,0,19,6,5,54.5
Jean-Ricner Bellegarde,FRA,"MF,FW",Wolves,26,1998,18.6,3,0,0,31,47,1,44,10,24,0,0,0,62,10,19,34.5
Rodrigo Bentancur,URU,MF,Tottenham,27,1997,18.3,9,0,0,34,10,1,4,40,22,0,0,0,121,36,30,54.5
Daniel Bentley,ENG,GK,Wolves,31,1993,2.0,0,0,0,0,0,0,0,0,0,0,0,0,4,2,0,100.0
Sander Berge,NOR,MF,Fulham,26,1998,24.7,6,0,0,31,10,0,3,21,30,0,0,0,126,28,22,56.0
Lucas Bergvall,SWE,MF,Tottenham,18,2006,13.5,3,0,0,20,17,0,21,24,19,0,0,0,73,9,8,52.9
Victor Bernth Kristiansen,DEN,DF,Leicester City,21,2002,27.6,1,0,0,19,18,3,97,42,51,0,1,1,99,22,42,34.4
Beto,GNB,FW,Everton,26,1998,17.0,2,0,0,33,23,16,4,4,6,0,0,0,40,99,105,48.5
Philip Billing,DEN,MF,Bournemouth,28,1996,2.0,1,0,0,3,2,0,10,5,5,0,0,0,14,6,4,60.0
Yves Bissouma,MLI,MF,Tottenham,27,1996,15.6,7,0,0,28,18,0,2,18,31,0,2,0,85,7,7,50.0
Willy Boly,CIV,DF,Nott'ham Forest,33,1991,1.7,1,0,0,1,0,0,0,3,1,0,0,0,5,6,2,75.0
Sven Botman,NED,DF,Newcastle Utd,24,2000,4.6,1,0,0,5,4,0,0,5,9,0,0,0,14,17,9,65.4
Jarrod Bowen,ENG,"FW,MF",West Ham,27,1996,33.0,1,0,0,20,51,10,106,16,26,0,0,0,129,12,48,20.0
Conor Bradley,NIR,DF,Liverpool,21,2003,8.4,4,0,0,12,14,1,7,4,10,0,0,0,51,11,7,61.1
Jarrad Branthwaite,ENG,DF,Everton,22,2002,27.9,4,0,0,12,18,1,5,27,20,0,0,0,93,61,42,59.2
James Bree,ENG,DF,Southampton,26,1997,11.9,0,0,0,4,5,0,29,9,14,0,0,0,65,12,7,63.2
Ben Brereton,CHI,FW,Southampton,25,1999,5.0,1,0,0,4,8,1,5,0,2,0,0,0,16,9,7,56.3
Nathan Broadhead,WAL,"MF,FW",Ipswich Town,26,1998,7.8,1,0,0,4,13,2,9,4,4,0,0,0,32,1,10,9.1
Armando Broja,ALB,FW,Everton,22,2001,3.7,1,0,0,6,4,3,1,1,1,0,0,0,9,18,21,46.2
David Brooks,WAL,"FW,MF",Bournemouth,27,1997,10.7,3,0,0,11,18,0,52,5,6,0,0,0,50,7,10,41.2
Emi Buendía,ARG,"MF,FW",Aston Villa,27,1996,1.1,1,0,0,4,6,0,0,0,6,0,0,0,8,0,2,0.0
Santiago Bueno,URU,DF,Wolves,25,1998,18.7,2,0,0,26,5,0,0,15,21,0,0,0,43,35,31,53.0
Facundo Buonanotte,ARG,"FW,MF",Leicester City,19,2004,16.9,8,0,0,37,35,3,43,12,32,0,0,0,79,18,36,33.3
Cameron Burgess,AUS,DF,Ipswich Town,28,1995,17.1,0,0,0,6,4,1,0,14,12,0,0,0,44,44,22,66.7
Dan Burn,ENG,DF,Newcastle Utd,32,1992,37.0,11,0,0,34,12,5,3,27,24,0,0,2,103,146,75,66.1
Wes Burns,WAL,"FW,DF",Ipswich Town,29,1994,10.3,1,0,0,4,11,0,46,10,11,0,0,0,50,8,21,27.6
Moisés Caicedo,ECU,"MF,DF",Chelsea,22,2001,37.2,11,0,0,70,58,0,10,49,73,2,1,0,229,35,16,68.6
Tom Cairney,SCO,MF,Fulham,33,1991,7.0,3,1,0,8,19,0,20,4,5,0,0,0,52,5,9,35.7
Jens Cajuste,SWE,MF,Ipswich Town,24,1999,21.8,2,0,0,24,22,0,10,28,22,0,0,0,107,13,22,37.1
Riccardo Calafiori,ITA,DF,Arsenal,22,2002,10.9,4,0,0,16,6,3,11,9,19,0,0,0,35,22,14,61.1
Dominic Calvert-Lewin,ENG,FW,Everton,27,1997,17.9,2,0,0,27,23,27,6,7,7,0,0,0,35,85,81,51.2
Diego Carlos,BRA,DF,Aston Villa,31,1993,9.2,1,0,0,11,1,1,0,5,3,0,0,0,36,11,10,52.4
Fabio Carvalho,POR,"FW,MF",Brentford,21,2002,5.1,1,0,0,5,10,1,10,3,9,0,0,0,30,2,6,25.0
Casemiro,BRA,MF,Manchester,Utd 32,1992,16.6,5,0,0,20,19,4,20,14,50,0,0,0,103,36,19,65.5
Kaelan Casey,ENG,DF,West Ham,19,2004,0.0,0,0,0,0,0,0,0,0,0,0,0,0,0,1,0,100.0
Matty Cash,POL,DF,Aston Villa,26,1997,23.0,7,0,0,27,20,1,40,23,32,0,2,0,81,20,20,50.0
Eiran Cashin,IRL,DF,Brighton,22,2001,0.2,0,0,0,0,0,0,1,0,0,0,0,0,1,2,1,66.7
Timothy Castagne,BEL,DF,Fulham,28,1995,18.3,1,0,0,15,6,1,37,22,29,0,1,0,57,34,35,49.3
Trevoh Chalobah,ENG,DF,Crystal Palace,25,1999,11.8,1,0,0,10,15,1,7,19,16,0,0,0,56,22,19,53.7
Trevoh Chalobah,ENG,DF,Chelsea,25,1999,10.1,2,0,0,9,7,0,3,10,7,0,0,0,29,23,12,65.7
Conor Chaplin,ENG,"MF,FW",Ipswich Town,27,1997,9.5,2,0,0,11,7,0,9,4,5,0,0,0,27,3,9,25.0
Youssef Chermiti,POR,"FW,MF",Everton,20,2004,0.5,1,0,0,1,1,2,1,0,0,0,0,0,0,2,1,66.7
Federico Chiesa,ITA,FW,Liverpool,26,1997,1.2,0,0,0,3,2,0,2,0,0,0,0,0,6,0,4,0.0
Ben Chilwell,ENG,DF,Crystal Palace,27,1996,2.9,1,0,0,2,3,2,7,6,6,0,0,0,20,3,4,42.9
Ryan Christie,SCO,MF,Bournemouth,29,1995,23.5,9,0,0,43,31,1,48,30,33,0,0,0,182,20,28,41.7
Harry Clarke,ENG,DF,Ipswich Town,23,2001,4.2,3,1,1,5,1,0,5,4,3,0,1,0,17,10,4,71.4
Jack Clarke,ENG,"FW,MF",Ipswich Town,23,2000,13.1,2,0,0,15,23,3,13,7,20,0,0,0,75,7,18,28.0
Conor Coady,ENG,DF,Leicester City,31,1993,19.0,3,0,0,8,2,1,0,13,9,0,2,0,62,13,22,37.1
Séamus Coleman,IRL,DF,Everton,35,1988,2.4,1,0,0,0,1,0,4,1,2,0,0,0,7,2,1,66.7
Nathan Collins,IRL,DF,Brentford,23,2001,38.0,5,0,0,29,31,6,8,34,24,2,0,0,162,117,69,62.9
Toby Collyer,ENG,MF,Manchester Utd,20,2004,2.0,0,0,0,2,4,0,0,2,9,0,0,0,17,3,1,75.0
Levi Colwill,ENG,DF,Chelsea,21,2003,35.0,9,0,0,45,21,5,13,33,34,0,1,0,121,82,53,60.7
Lewis Cook,ENG,"MF,DF",Bournemouth,27,1997,33.1,8,1,0,49,10,3,132,41,42,0,1,0,187,41,34,54.7
Maxwel Cornet,CIV,FW,Southampton,27,1996,0.8,1,0,0,0,1,1,3,0,5,0,0,0,2,3,0,100.0
Vladimír Coufal,CZE,DF,West Ham,31,1992,11.9,5,0,0,22,16,0,28,8,15,0,0,1,39,23,16,59.0
Woyo Coulibaly,MLI,DF,Leicester City,25,1999,1.2,1,0,0,2,1,0,0,5,4,0,0,0,14,0,3,0.0
Aaron Cresswell,ENG,DF,West Ham,34,1989,9.2,3,0,0,4,2,0,36,8,7,0,0,0,36,7,7,50.0
Marc Cucurella,ESP,DF,Chelsea,26,1998,33.2,10,1,1,37,38,3,31,28,45,0,0,0,130,32,57,36.0
Jorge Cuenca,ESP,DF,Fulham,24,1999,3.9,0,0,0,2,2,0,1,2,2,0,0,0,10,6,3,66.7
Matheus Cunha,BRA,"MF,FW",Wolves,25,1999,28.9,4,0,0,42,71,8,142,17,22,0,1,0,125,13,29,31.0
Patson Daka,ZAM,"FW,MF",Leicester City,25,1998,8.2,0,0,0,15,19,3,3,1,10,0,0,0,18,10,28,26.3
Diogo Dalot,POR,DF,Manchester Utd,25,1999,31.3,5,0,0,40,9,4,66,37,40,0,1,0,167,38,21,64.4
Mikkel Damsgaard,DEN,"MF,FW",Brentford,24,2000,32.3,2,0,0,18,27,6,144,27,44,0,0,0,179,12,27,30.8
Danilo,BRA,"MF,FW",Nott'ham,Forest 23,2001,3.1,0,0,0,2,0,0,3,4,4,0,0,0,19,1,2,33.3
Kevin Danso,AUT,DF,Tottenham,25,1998,9.4,0,0,0,9,13,0,1,6,5,0,0,0,27,21,12,63.6
Ben Davies,WAL,DF,Tottenham,31,1993,14.8,5,0,0,17,7,0,4,12,11,0,0,0,41,52,44,54.2
Leif Davis,ENG,DF,Ipswich Town,24,2000,30.5,5,1,0,27,31,5,161,25,27,0,2,0,113,34,23,59.6
Craig Dawson,ENG,DF,Wolves,34,1990,10.8,2,0,0,6,5,2,0,9,3,0,0,2,35,21,11,65.6
Kevin De Bruyne,BEL,"MF,FW",Manchester City,33,1991,18.9,2,0,0,17,18,5,145,7,9,0,0,0,64,5,16,23.8
Bobby De Cordova-Reid,JAM,FW,Leicester City,31,1993,8.3,2,0,0,9,9,4,15,0,4,1,0,0,29,6,14,30.0
Liam Delap,ENG,FW,Ipswich Town,21,2003,28.8,12,0,0,72,51,14,5,2,8,2,0,0,68,55,74,42.6
Justin Devenny,NIR,MF,Crystal Palace,20,2003,5.6,1,0,0,8,0,1,17,0,12,0,0,0,27,2,13,13.3
Kiernan Dewsbury-Hall,ENG,"MF,FW",Chelsea,25,1998,2.9,0,0,0,4,6,0,2,2,5,0,0,0,9,0,1,0.0
Amad Diallo,CIV,"MF,FW",Manchester Utd,22,2002,21.1,5,0,0,21,28,9,42,11,31,2,0,0,109,10,15,40.0
Rúben Dias,POR,DF,Manchester City,27,1997,25.2,4,0,0,12,8,0,3,20,11,0,1,1,78,37,34,52.1
Luis Díaz,COL,FW,Liverpool,27,1997,26.7,2,0,0,48,31,10,32,7,26,2,0,0,105,13,38,25.5
Tyler Dibling,ENG,"FW,MF",Southampton,18,2006,20.8,6,0,0,30,50,2,28,8,20,2,0,0,80,10,25,28.6
Lucas Digne,FRA,DF,Aston Villa,31,1993,26.1,4,0,0,21,16,7,140,25,38,0,0,0,104,37,28,56.9
Issa Diop,FRA,DF,Fulham,27,1997,14.9,2,0,0,10,4,0,1,9,12,0,0,1,45,20,12,62.5
Axel Disasi,FRA,DF,Aston Villa,26,1998,5.4,2,0,0,3,2,2,1,5,5,0,0,0,15,8,6,57.1
Axel Disasi,FRA,DF,Chelsea,26,1998,4.0,1,0,0,2,0,0,0,2,4,0,0,0,15,5,2,71.4
Roman Dixon,ENG,DF,Everton,19,2004,1.0,0,0,0,0,0,0,0,1,5,0,0,0,6,0,3,0.0
Nasser Djiga,BFA,DF,Wolves,21,2002,0.7,0,0,0,0,1,0,0,2,0,0,0,0,2,1,1,50.0
Matt Doherty,IRL,DF,Wolves,32,1992,23.4,6,0,0,18,11,2,22,22,21,0,0,1,106,56,21,72.7
Jeremy Doku,BEL,"FW,MF",Manchester City,22,2002,16.8,1,0,0,10,33,5,59,4,22,0,0,0,63,0,12,0.0
Nicolás Domínguez,ARG,"MF,FW",Nott'ham Forest,26,1998,21.8,9,0,0,33,18,1,7,29,45,0,0,0,114,27,23,54.0
Patrick Dorgu,DEN,DF,Manchester Utd,19,2004,9.4,3,1,0,17,28,3,39,4,24,0,0,0,37,15,9,62.5
Abdoulaye Doucouré,MLI,MF,Everton,31,1993,28.5,5,1,1,49,5,10,23,10,28,0,0,0,150,30,44,40.5
Cheick Doucouré,MLI,MF,Crystal Palace,24,2000,5.0,1,0,0,7,7,0,1,11,8,0,0,0,31,5,5,50.0
Flynn Downes,ENG,MF,Southampton,25,1999,23.9,12,0,0,50,39,0,4,32,25,0,0,0,83,17,17,50.0
Tommy Doyle,ENG,MF,Wolves,22,2001,5.4,1,0,0,5,5,0,15,5,6,0,0,0,43,1,6,14.3
Radu Drăgușin,ROU,DF,Tottenham,22,2002,13.9,1,0,0,6,10,0,1,15,6,0,0,0,48,33,22,60.0
Martin Dúbravka,SVK,GK,Newcastle Utd,35,1989,10.0,0,0,0,0,1,0,0,0,0,0,0,0,18,4,0,100.0
Lewis Dunk,ENG,DF,Brighton,32,1991,23.1,5,0,0,7,11,2,5,13,10,0,0,1,104,51,31,62.2
Jáder Durán,COL,FW,Aston Villa,20,2003,7.1,3,1,0,14,15,5,3,0,7,0,0,0,19,19,19,50.0
Ederson,BRA,GK,Manchester,City 30,1993,25.8,4,0,0,1,0,0,0,1,0,0,1,0,42,4,1,80.0
Odsonne Édouard,FRA,"MF,FW",Crystal Palace,26,1998,1.3,0,0,0,4,0,2,1,0,0,0,0,0,5,1,4,20.0
Odsonne Édouard,FRA,FW,Leicester City,26,1998,0.3,0,0,0,2,0,0,0,0,1,0,0,0,1,1,1,50.0
Anthony Elanga,SWE,"FW,MF",Nott'ham Forest,22,2002,27.8,1,0,0,9,47,18,185,6,14,0,0,0,89,24,37,39.3
Harvey Elliott,ENG,MF,Liverpool,21,2003,4.1,1,0,0,0,1,1,12,1,3,0,0,0,15,1,2,33.3
Yunus Emre Konak,TUR,"FW,MF",Brentford,18,2006,0.5,0,0,0,3,1,0,0,0,4,0,0,0,2,5,9,35.7
Julio Enciso,PAR,"MF,FW",Ipswich Town,20,2004,9.7,3,0,0,9,21,0,21,1,9,0,1,0,43,8,17,32.0
Julio Enciso,PAR,"MF,FW",Brighton,20,2004,3.3,0,0,0,3,7,0,20,0,0,0,0,0,15,6,5,54.5
Wataru Endo,JPN,"MF,DF",Liverpool,31,1993,3.0,0,0,0,15,7,0,1,6,8,0,0,0,14,3,4,42.9
Christian Eriksen,DEN,MF,Manchester Utd,32,1992,11.8,4,0,0,8,3,0,85,7,9,0,0,0,62,2,6,25.0
Romain Esse,ENG,MF,Crystal Palace,19,2005,1.5,0,0,0,2,3,0,0,1,6,0,0,0,9,3,2,60.0
Pervis Estupiñán,ECU,DF,Brighton,26,1998,26.7,5,0,0,36,20,3,119,37,43,0,0,0,147,46,26,63.9
Evanilson,BRA,FW,Bournemouth,24,1999,25.8,1,1,0,37,53,20,0,1,10,5,0,0,67,42,62,40.4
Jonny Evans,NIR,DF,Manchester Utd,36,1988,3.5,1,0,0,5,6,0,0,5,6,0,0,0,16,9,3,75.0
Eberechi Eze,ENG,"MF,FW",Crystal Palace,26,1998,28.8,1,0,0,13,51,9,112,11,22,0,0,0,146,7,37,15.9
Łukasz Fabiański,POL,GK,West Ham,39,1985,12.9,2,0,0,2,1,0,0,0,0,0,2,0,5,3,1,75.0
Wout Faes,BEL,DF,Leicester City,26,1998,31.3,4,0,0,23,11,1,5,26,26,0,0,0,90,45,36,55.6
Abdul Fatawu Issahaku,GHA,FW,Leicester City,20,2004,6.4,0,0,0,11,20,2,30,4,15,0,0,0,38,14,13,51.9
João Félix,POR,"FW,MF",Chelsea,24,1999,4.1,2,0,0,6,17,1,0,3,3,0,0,0,22,4,5,44.4
Evan Ferguson,IRL,FW,West Ham,19,2004,1.7,0,0,0,1,2,0,0,1,1,0,0,0,8,5,10,33.3
Evan Ferguson,IRL,FW,Brighton,19,2004,2.7,0,0,0,3,1,0,0,0,3,0,0,0,10,4,9,30.8
Bruno Fernandes,POR,MF,Manchester Utd,29,1994,33.5,5,2,1,32,40,2,186,26,50,0,0,0,213,22,28,44.0
Mateus Fernandes,POR,MF,Southampton,20,2004,32.3,8,0,0,46,55,4,113,28,48,0,0,0,179,15,9,62.5
Enzo Fernández,ARG,MF,Chelsea,23,2001,32.7,8,0,0,52,54,2,109,13,33,0,0,0,156,14,29,32.6
Mark Flekken,NED,GK,Brentford,31,1993,36.4,1,0,0,0,3,0,0,0,4,0,0,0,39,4,0,100.0
Phil Foden,ENG,"MF,FW",Manchester City,24,2000,19.7,2,0,0,5,34,3,80,9,5,0,0,0,61,3,9,25.0
Wesley Fofana,FRA,DF,Chelsea,23,2000,13.0,7,0,0,24,16,0,1,14,12,0,0,0,54,27,12,69.2
Carlos Forbs,POR,"MF,FW",Wolves,20,2004,2.7,2,0,0,2,1,0,9,1,5,0,0,0,11,1,3,25.0
Fraser Forster,ENG,GK,Tottenham,36,1988,7.0,0,0,0,0,0,0,0,0,0,0,0,0,1,1,0,100.0
Matheus França,BRA,"MF,FW",Crystal Palace,20,2004,0.6,0,0,0,0,0,0,1,1,0,0,0,0,3,1,2,33.3
Ryan Fraser,SCO,"FW,DF",Southampton,30,1994,3.4,0,1,0,1,4,1,12,1,2,0,1,0,10,2,3,40.0
Tyler Fredricson,ENG,DF,Manchester Utd,19,2005,1.8,0,0,0,0,2,0,0,1,3,0,0,0,12,7,5,58.3
Niclas Füllkrug,GER,FW,West Ham,31,1993,8.8,2,0,0,21,6,10,1,1,3,0,0,0,18,39,52,42.9
Cody Gakpo,NED,FW,Liverpool,25,1999,21.5,5,0,0,20,31,5,74,12,16,1,0,0,77,17,26,39.5
Idrissa Gana Gueye,SEN,MF,Everton,34,1989,34.0,9,0,0,55,46,0,7,48,80,0,0,0,194,24,15,61.5
Alejandro Garnacho,ARG,"MF,FW",Manchester Utd,20,2004,24.4,3,0,0,12,43,10,56,13,18,0,0,0,108,3,24,11.1
James Garner,ENG,"MF,DF",Everton,23,2001,17.7,5,0,0,20,15,0,57,23,31,0,0,0,73,11,13,45.8
Tyrique George,ENG,FW,Chelsea,18,2006,2.0,1,0,0,3,0,2,3,2,0,0,0,0,4,0,4,0.0
Morgan Gibbs-White,ENG,MF,Nott'ham Forest,24,2000,31.1,11,1,1,38,40,7,45,23,22,1,0,0,127,40,55,42.1
Ben Godfrey,ENG,DF,Ipswich Town,26,1998,1.8,1,0,0,1,0,0,0,2,0,0,0,0,2,3,0,100.0
Martial Godo,ENG,"FW,DF",Fulham,21,2003,0.3,0,0,0,1,0,0,1,1,0,0,0,0,1,0,1,0.0
João Gomes,BRA,MF,Wolves,23,2001,33.0,11,1,1,70,47,1,29,25,71,0,0,0,200,11,26,29.7
Toti Gomes,POR,DF,Wolves,25,1999,29.0,7,0,0,24,15,4,13,25,43,0,1,0,116,53,26,67.1
Diego Gómez,PAR,MF,Brighton,21,2003,5.7,0,0,0,8,3,1,12,8,13,1,0,0,32,10,4,71.4
Joe Gomez,ENG,DF,Liverpool,27,1997,5.8,1,0,0,2,3,0,2,7,10,0,0,0,34,9,4,69.2
Nicolás González,ESP,MF,Manchester City,22,2002,8.4,3,0,0,13,5,0,1,8,6,0,0,0,31,16,12,57.1
Anthony Gordon,ENG,"FW,MF",Newcastle Utd,23,2001,27.0,2,0,0,20,71,8,131,7,18,1,0,0,97,8,8,50.0
Ryan Gravenberch,NED,MF,Liverpool,22,2002,35.1,6,1,0,47,52,0,7,60,35,0,0,0,193,26,14,65.0
Jack Grealish,ENG,"FW,MF",Manchester City,28,1995,8.0,3,0,0,5,25,0,20,2,5,0,0,0,26,1,7,12.5
Jacob Greaves,ENG,DF,Ipswich Town,23,2000,24.5,5,0,0,16,21,1,1,21,21,0,0,0,61,83,40,67.5
Brajan Gruda,GER,"MF,FW",Brighton,20,2004,7.6,0,0,0,7,12,1,29,2,8,0,0,0,26,3,5,37.5
Albert Grønbaek,DEN,"FW,MF",Southampton,23,2001,1.6,0,0,0,0,1,0,1,0,1,0,0,0,6,2,0,100.0
Gonçalo Guedes,POR,"MF,FW",Wolves,27,1996,11.1,1,0,0,15,17,3,22,5,5,0,0,0,36,5,13,27.8
Marc Guéhi,ENG,DF,Crystal Palace,24,2000,34.0,9,1,1,24,27,1,13,28,34,0,0,3,146,68,58,54.0
Luis Guilherme,BRA,"MF,FW",West Ham,18,2006,1.7,0,0,0,0,4,0,8,3,0,0,0,0,7,2,1,66.7
Bruno Guimarães,BRA,MF,Newcastle Utd,26,1997,36.3,7,0,0,65,108,2,28,29,47,0,0,0,188,18,19,48.6
Marc Guiu,ESP,FW,Chelsea,18,2006,0.8,0,0,0,0,0,0,0,0,1,0,0,0,2,0,1,0.0
İlkay Gündoğan,GER,MF,Manchester City,33,1990,24.7,1,0,0,15,27,1,60,13,13,1,0,0,116,14,11,56.0
Malo Gusto,FRA,DF,Chelsea,21,2003,20.7,4,0,0,20,20,2,53,24,29,0,0,0,119,9,15,37.5
Joško Gvardiol,CRO,DF,Manchester City,22,2002,36.4,2,0,0,16,27,3,22,44,39,0,0,0,137,54,41,56.8
Erling Haaland,NOR,FW,Manchester City,24,2000,30.4,2,0,0,24,13,4,3,5,6,0,0,0,34,57,50,53.3
Lewis Hall,ENG,DF,Newcastle Utd,19,2004,24.3,3,0,0,9,21,1,110,18,41,0,0,0,119,30,31,49.2
Ali Al Hamadi,IRQ,FW,Ipswich Town,22,2002,1.5,3,0,0,8,3,1,0,0,0,0,0,0,4,5,9,35.7
Jack Harrison,ENG,FW,Everton,27,1996,23.1,0,0,0,13,28,4,131,10,22,1,0,0,73,4,28,12.5
Taylor Harwood-Bellis,ENG,DF,Southampton,22,2002,31.4,9,0,0,35,14,0,10,30,20,0,0,0,123,63,49,56.3
Kai Havertz,GER,"FW,MF",Arsenal,25,1999,20.8,5,0,0,38,23,14,11,6,9,0,0,0,41,63,78,44.7
Ayden Heaven,ENG,DF,Manchester Utd,17,2006,1.9,1,0,0,4,4,0,0,4,3,0,0,0,11,2,3,40.0
Hwang Hee-chan,KOR,"MF,FW",Wolves,28,1996,7.3,0,0,0,6,9,0,8,2,4,0,0,0,28,3,9,25.0
Dean Henderson,ENG,GK,Crystal Palace,27,1997,38.0,3,0,0,0,2,0,0,0,1,0,0,0,26,11,1,91.7
Rico Henry,ENG,DF,Brentford,27,1997,1.1,0,0,0,2,2,0,2,1,2,0,0,0,7,2,1,66.7
Mads Hermansen,DEN,GK,Leicester City,24,2000,26.5,1,0,0,0,3,0,0,0,1,0,0,0,17,4,1,80.0
Son Heung-min,KOR,FW,Tottenham,32,1992,23.4,1,0,0,6,28,12,78,5,9,1,0,0,85,6,12,33.3
James Hill,ENG,DF,Bournemouth,22,2002,5.0,1,0,0,7,5,0,10,9,8,0,0,0,13,14,12,53.8
Jack Hinshelwood,ENG,"MF,DF",Brighton,19,2005,20.5,5,0,0,18,9,0,27,16,19,0,0,0,63,20,16,55.6
George Hirst,SCO,FW,Ipswich Town,25,1999,7.3,3,0,0,13,12,3,3,2,3,0,0,0,12,32,23,58.2
Mason Holgate,JAM,"FW,DF",Everton,27,1996,0.1,0,0,0,0,0,0,0,0,0,0,0,0,0,0,1,0.0
Callum Hudson-Odoi,ENG,"FW,MF",Nott'ham Forest,23,2000,24.4,2,0,0,12,25,8,79,13,14,1,0,0,92,3,10,23.1
Will Hughes,ENG,MF,Crystal Palace,29,1995,23.4,11,0,0,65,31,0,71,22,36,0,1,0,121,19,18,51.4
Dean Huijsen,ESP,DF,Bournemouth,19,2005,27.0,10,0,0,31,10,2,12,51,26,0,0,0,105,68,44,60.7
Omari Hutchinson,ENG,"MF,FW",Ipswich Town,20,2003,28.7,5,0,0,30,46,6,81,11,13,0,0,0,110,6,26,18.8
Rasmus Højlund,DEN,FW,Manchester Utd,21,2003,22.3,2,0,0,17,28,13,8,2,1,1,0,0,35,31,94,24.8
Igor,BRA,DF,Brighton,26,1998,10.7,4,0,0,9,6,0,4,4,5,0,0,0,42,8,6,57.1
Danny Ings,ENG,"FW,MF",West Ham,32,1992,3.2,0,0,0,0,2,0,3,1,2,1,0,0,9,8,10,44.4
Tim Iroegbunam,ENG,MF,Everton,21,2003,6.4,4,0,0,15,12,0,1,16,14,0,0,0,51,11,4,73.3
Andy Irving,SCO,MF,West Ham,24,2000,1.8,2,0,0,6,1,0,2,1,4,0,0,0,10,1,1,50.0
Alexander Isak,SWE,FW,Newcastle Utd,24,1999,30.6,1,0,0,27,14,20,16,3,5,1,0,0,55,26,55,32.1
Alex Iwobi,NGA,"FW,MF",Fulham,28,1996,33.1,1,0,0,19,18,5,126,14,25,0,0,0,140,7,31,18.4
Nicolas Jackson,SEN,FW,Chelsea,23,2001,24.7,7,1,0,35,29,23,3,3,13,0,0,0,48,21,36,36.8
Vitaly Janelt,GER,MF,Brentford,26,1998,25.0,3,0,0,24,15,1,30,27,22,0,0,2,107,19,11,63.3
Daniel Jebbison,CAN,FW,Bournemouth,20,2003,1.3,1,0,0,2,4,0,3,1,3,0,0,0,10,2,10,16.7
Mathias Jensen,DEN,MF,Brentford,28,1996,9.6,2,0,0,7,10,0,33,8,10,0,0,0,48,8,5,61.5
Gabriel Jesus,BRA,FW,Arsenal,27,1997,6.8,4,0,0,14,10,9,7,4,6,0,0,0,28,9,18,33.3
Raúl Jiménez,MEX,FW,Fulham,33,1991,27.7,4,0,0,39,41,15,23,10,24,1,0,0,80,91,99,47.9
João Pedro,BRA,"FW,MF",Brighton,22,2001,21.6,4,1,0,26,46,2,22,9,12,3,1,0,59,41,43,48.8
Joelinton,BRA,"MF,FW",Newcastle,Utd 27,1996,26.6,10,0,0,58,35,7,16,23,35,0,0,0,149,59,46,56.2
Brennan Johnson,WAL,FW,Tottenham,23,2001,24.2,5,0,0,27,26,12,53,4,26,2,0,0,63,7,20,25.9
Sam Johnstone,ENG,GK,Wolves,31,1993,7.0,0,0,0,0,0,0,0,0,0,0,0,0,9,4,0,100.0
Curtis Jones,ENG,"MF,DF",Liverpool,23,2001,19.0,3,1,1,18,25,1,8,7,22,1,0,0,97,14,13,51.9
Jorginho,ITA,MF,Arsenal,32,1991,7.8,5,0,0,15,17,0,1,7,4,0,0,0,55,1,6,14.3
Diogo Jota,POR,FW,Liverpool,27,1996,13.3,2,0,0,23,14,1,8,8,8,1,0,0,41,22,32,40.7
James Justin,ENG,DF,Leicester City,26,1998,32.4,6,0,0,29,44,2,57,46,37,0,0,0,88,69,55,55.6
Daichi Kamada,JPN,MF,Crystal Palace,27,1996,17.4,4,1,0,28,21,2,31,18,29,0,0,0,89,4,13,23.5
Boubacar Kamara,FRA,MF,Aston Villa,24,1999,19.2,2,0,0,30,35,0,1,19,21,0,0,0,87,21,26,44.7
Joachim Kayi Sanda,FRA,DF,Southampton,17,2006,0.2,0,0,0,0,0,0,0,2,0,0,0,0,0,0,1,0.0
Michael Kayode,ITA,DF,Brentford,20,2004,5.9,2,0,0,8,3,0,10,7,11,0,0,0,34,9,4,69.2
Michael Keane,ENG,DF,Everton,31,1993,11.7,5,0,0,9,0,0,1,16,9,0,0,0,26,26,20,56.5
Caoimhín Kelleher,IRL,GK,Liverpool,25,1998,10.0,0,0,0,0,3,0,0,0,0,0,0,0,18,1,0,100.0
Lloyd Kelly,ENG,DF,Newcastle Utd,25,1998,3.4,2,0,0,5,5,1,1,1,4,0,0,0,19,6,2,75.0
Milos Kerkez,HUN,DF,Bournemouth,20,2003,37.1,4,0,0,30,50,3,142,45,26,0,0,0,169,28,49,36.4
Bilal El Khannouss,MAR,"MF,FW",Leicester City,20,2004,24.2,4,0,0,30,13,1,89,6,30,0,0,0,92,19,24,44.2
Abdukodir Khusanov,UZB,DF,Manchester City,20,2004,5.6,1,0,0,3,3,0,1,3,4,0,0,1,27,6,4,60.0
Max Kilman,ENG,DF,West Ham,27,1997,37.2,5,0,0,23,13,2,4,38,24,0,0,0,146,113,55,67.3
Joshua King,ENG,MF,Fulham,17,2007,1.4,0,0,0,3,2,0,2,1,5,0,0,0,5,1,2,33.3
Antonín Kinský,CZE,GK,Tottenham,21,2003,6.0,0,0,0,0,0,0,0,0,1,0,0,0,6,2,0,100.0
Jakub Kiwior,POL,DF,Arsenal,24,2000,12.5,1,0,0,10,4,1,2,6,8,0,0,0,31,11,13,45.8
Justin Kluivert,NED,MF,Bournemouth,25,1999,26.0,8,0,0,47,33,5,85,14,11,1,0,0,78,8,28,22.2
Ibrahima Konaté,FRA,DF,Liverpool,25,1999,28.4,5,0,0,27,20,0,0,17,26,0,0,0,98,74,29,71.8
Ezri Konsa,ENG,DF,Aston Villa,26,1997,32.6,1,0,0,9,47,1,5,24,18,0,0,0,97,31,23,57.4
Mateo Kovačić,CRO,MF,Manchester City,30,1994,24.4,5,1,0,24,26,0,0,24,38,0,0,0,114,10,9,52.6
Caleb Kporha,ENG,DF,Crystal Palace,18,2006,0.1,0,0,0,0,0,0,2,0,1,0,0,0,1,0,1,0.0
Emil Krafth,SWE,DF,Newcastle Utd,29,1994,3.8,2,0,0,5,2,0,2,2,2,0,0,0,19,8,8,50.0
Mohammed Kudus,GHA,"FW,MF",West Ham,23,2000,28.8,2,1,0,39,64,18,81,4,23,0,0,0,138,11,40,21.6
Dejan Kulusevski,SWE,"MF,FW",Tottenham,24,2000,26.5,3,0,0,48,38,5,89,13,23,0,0,0,121,10,15,40.0
Maxence Lacroix,FRA,DF,Crystal Palace,24,2000,34.6,5,0,0,34,19,1,7,54,41,0,1,0,130,60,50,54.5
Adam Lallana,ENG,MF,Southampton,36,1988,4.0,4,0,0,8,8,0,4,5,5,0,0,0,19,2,2,50.0
Tariq Lamptey,GHA,DF,Brighton,23,2000,9.6,0,0,0,15,10,0,28,7,11,0,1,0,39,1,14,6.7
Roméo Lavia,BEL,MF,Chelsea,20,2004,8.9,4,0,0,16,7,0,0,16,13,0,1,0,40,12,6,66.7
Mario Lemina,GAB,"MF,DF",Wolves,30,1993,15.2,4,0,0,17,8,4,10,27,31,0,1,0,73,25,16,61.0
Bernd Leno,GER,GK,Fulham,32,1992,38.0,5,0,0,0,4,0,0,0,2,0,0,0,50,9,1,90.0
Jefferson Lerma,COL,"MF,DF",Crystal Palace,29,1994,25.3,9,0,0,35,39,0,12,42,17,0,0,0,154,41,39,51.3
Myles Lewis-Skelly,ENG,DF,Arsenal,17,2006,15.2,3,2,0,11,47,0,10,7,14,0,1,0,53,11,10,52.4
Matthijs de Ligt,NED,DF,Manchester Utd,24,1999,23.6,3,0,0,16,12,2,6,33,22,0,2,0,68,58,29,66.7
Pedro Lima,BRA,DF,Wolves,18,2006,0.8,0,0,0,1,1,1,5,2,0,0,0,0,3,0,3,0.0
Victor Lindelöf,SWE,DF,Manchester Utd,30,1994,7.8,1,0,0,8,1,0,1,8,2,0,0,0,29,17,15,53.1
Jesper Lindstrøm,DEN,FW,Everton,24,2000,13.8,2,0,0,15,10,1,71,12,25,0,0,0,70,6,12,33.3
Valentino Livramento,ENG,DF,Newcastle Utd,21,2002,31.6,1,0,0,6,35,2,52,23,36,0,0,0,189,27,35,43.5
Sean Longstaff,ENG,MF,Newcastle Utd,26,1997,8.9,2,0,0,9,6,0,5,7,16,0,0,0,31,7,7,50.0
Saša Lukić,SRB,MF,Fulham,27,1996,26.0,12,0,0,66,26,0,62,28,39,0,1,0,109,19,25,43.2
Joe Lumley,ENG,GK,Southampton,29,1995,3.0,0,0,0,0,0,0,0,0,0,0,0,0,2,2,1,66.7
Massimo Luongo,AUS,MF,Ipswich Town,31,1992,2.2,0,0,0,1,2,0,1,2,6,0,0,0,10,2,0,100.0
Ian Maatsen,NED,DF,Aston Villa,22,2002,12.7,2,0,0,11,9,3,51,15,17,0,1,0,67,10,6,62.5
Alexis Mac Allister,ARG,MF,Liverpool,25,1998,28.9,6,0,0,62,40,2,86,22,58,0,0,0,148,19,34,35.8
James Maddison,ENG,MF,Tottenham,27,1996,20.1,6,0,0,32,64,4,98,12,19,0,0,0,76,5,7,41.7
Noni Madueke,ENG,FW,Chelsea,22,2002,22.6,3,0,0,22,25,5,63,10,18,0,0,0,84,11,19,36.7
Gabriel Magalhães,BRA,DF,Arsenal,26,1997,26.3,4,0,0,19,19,0,9,16,15,1,0,0,63,53,37,58.9
Edmond-Paris Maghoma,ENG,"MF,FW",Brentford,23,2001,1.3,0,0,0,2,4,0,3,1,1,0,0,0,7,1,3,25.0
Harry Maguire,ENG,DF,Manchester Utd,31,1993,19.5,7,0,0,18,11,2,4,40,15,0,0,0,68,64,25,71.9
Kobbie Mainoo,ENG,MF,Manchester Utd,19,2005,18.3,5,0,0,27,21,3,7,19,29,0,0,0,88,19,31,38.0
Donyell Malen,NED,FW,Aston Villa,25,1999,3.4,0,0,0,1,5,2,8,0,4,0,0,0,9,4,4,50.0
Orel Mangala,BEL,MF,Everton,26,1998,14.0,2,0,0,24,17,2,6,21,8,0,0,0,49,6,8,42.9
Solly March,ENG,"FW,MF",Brighton,30,1994,1.9,2,0,0,2,2,3,20,2,3,0,0,0,7,1,2,33.3
Omar Marmoush,EGY,"FW,MF",Manchester City,25,1999,13.1,0,0,0,15,20,10,28,6,8,1,0,0,37,5,11,31.3
Gabriel Martinelli,BRA,"FW,MF",Arsenal,23,2001,25.4,1,0,0,16,21,8,92,5,15,0,0,0,78,17,39,30.4
Emiliano Martínez,ARG,GK,Aston Villa,31,1992,35.5,5,1,0,2,6,0,0,0,3,0,0,0,34,10,1,90.9
Lisandro Martínez,ARG,DF,Manchester Utd,26,1998,19.5,7,0,0,22,7,0,9,32,24,0,0,0,81,16,13,55.2
Pape Matar Sarr,SEN,MF,Tottenham,21,2002,21.3,6,0,0,34,35,2,14,30,36,0,1,0,115,34,45,43.0
Jean-Philippe Mateta,FRA,FW,Crystal Palace,27,1997,29.4,2,0,0,27,28,21,26,2,12,0,0,0,68,63,107,37.1
Stephy Mavididi,ENG,FW,Leicester City,26,1998,17.9,2,0,0,18,18,3,69,11,19,0,0,0,83,9,15,37.5
Konstantinos Mavropanos,GRE,DF,West Ham,26,1997,22.7,6,1,1,17,16,3,2,40,24,0,0,0,77,57,25,69.5
Noussair Mazraoui,MAR,DF,Manchester Utd,26,1997,31.5,3,0,0,38,25,4,23,34,68,0,1,0,149,50,30,62.5
Bryan Mbeumo,CMR,FW,Brentford,24,1999,37.9,3,0,0,25,44,11,202,14,31,0,0,0,156,34,74,31.5
James Mcatee,ENG,"MF,FW",Manchester City,21,2002,3.9,1,0,0,6,3,0,8,2,2,0,0,0,8,2,3,40.0
Kasey McAteer,IRL,FW,Leicester City,22,2001,9.5,3,0,0,18,15,3,21,5,16,0,0,0,45,13,17,43.3
Alex McCarthy,ENG,GK,Southampton,34,1989,5.0,0,0,0,0,1,0,0,0,0,0,0,0,4,2,0,100.0
John McGinn,SCO,"MF,FW",Aston Villa,29,1994,24.7,7,0,0,43,69,3,60,14,24,1,0,0,100,17,12,58.6
Dwight McNeil,ENG,"MF,FW",Everton,24,1999,15.2,1,0,0,6,18,1,105,6,8,0,0,0,76,3,17,15.0
Scott McTominay,SCO,MF,Manchester Utd,27,1996,0.2,0,0,0,0,0,0,0,0,0,0,0,0,1,1,0,100.0
Ben Mee,ENG,DF,Brentford,34,1989,2.0,2,0,0,5,0,0,0,4,2,0,0,0,11,5,5,50.0
Mikel Merino,ESP,"MF,FW",Arsenal,28,1996,17.6,4,1,1,41,23,7,13,15,28,0,0,0,86,59,55,51.8
Shumaira Mheuka,ENG,MF,Chelsea,16,2007,0.0,0,0,0,0,0,0,0,0,0,0,0,0,0,1,0,100.0
Nikola Milenković,SRB,DF,Nott'ham Forest,26,1997,37.0,4,0,0,20,5,2,0,27,29,0,0,0,85,101,39,72.1
Lewis Miley,ENG,MF,Newcastle Utd,18,2006,3.5,0,0,0,3,1,0,0,2,11,0,0,0,16,6,7,46.2
James Milner,ENG,MF,Brighton,38,1986,1.9,1,0,0,3,1,0,8,2,2,0,0,0,2,0,1,0.0
Tyrone Mings,ENG,DF,Aston Villa,31,1993,12.4,1,0,0,4,11,0,1,7,6,0,0,0,38,27,22,55.1
Yankuba Minteh,GAM,"FW,MF",Brighton,20,2004,20.4,6,0,0,21,11,6,91,11,35,0,0,0,85,17,34,33.3
Tyrick Mitchell,ENG,DF,Crystal Palace,24,1999,34.4,2,0,0,23,25,2,105,19,55,1,0,0,168,20,21,48.8
Kaoru Mitoma,JPN,"FW,MF",Brighton,27,1997,28.9,1,0,0,40,24,5,75,14,27,0,0,0,99,26,27,49.1
Jakub Moder,POL,MF,Brighton,25,1999,0.1,0,0,0,0,0,0,1,0,0,0,0,0,2,0,1,0.0
Mikey Moore,ENG,FW,Tottenham,16,2007,4.1,0,0,0,3,7,3,16,1,1,0,0,0,11,1,6,14.3
Morato,BRA,DF,Nott'ham,Forest 23,2001,10.1,5,0,0,11,2,0,0,10,14,0,0,0,36,6,14,30.0
Sam Morsy,EGY,MF,Ipswich Town,32,1991,30.6,10,0,0,48,27,0,15,29,41,0,1,1,157,18,24,42.9
Yerson Mosquera,COL,DF,Wolves,23,2001,4.9,2,0,0,6,7,1,2,10,7,0,0,0,24,11,6,64.7
Mason Mount,ENG,MF,Manchester Utd,25,1999,6.9,3,0,0,16,9,1,13,4,5,0,0,0,18,4,8,33.3
Divin Mubama,ENG,FW,Manchester City,19,2004,0.3,0,0,0,0,0,0,0,0,0,0,0,0,1,0,1,0.0
Mykhailo Mudryk,UKR,FW,Chelsea,23,2001,1.7,0,0,0,2,2,1,7,0,2,0,0,0,9,2,4,33.3
Marshall Munetsi,ZIM,"MF,FW",Wolves,28,1996,12.0,0,0,0,19,10,3,10,6,10,0,0,0,35,29,23,55.8
Rodrigo Muniz,BRA,FW,Fulham,23,2001,10.7,1,0,0,11,31,3,1,5,5,0,0,0,14,67,63,51.5
Daniel Muñoz,COL,DF,Crystal Palace,28,1996,35.9,10,0,0,56,19,15,74,44,80,0,0,0,171,58,78,42.6
Arijanet Muric,KVX,GK,Ipswich Town,25,1998,18.0,1,0,0,0,4,0,0,0,0,0,0,0,26,11,1,91.7
Murillo,BRA,DF,Nott'ham,Forest 22,2002,35.4,6,0,0,27,6,0,14,36,36,0,1,0,142,44,22,66.7
Jacob Murphy,ENG,FW,Newcastle Utd,29,1995,26.2,4,0,0,11,15,3,120,13,19,1,0,0,98,5,16,23.8
Vitaliy Mykolenko,UKR,DF,Everton,25,1999,34.2,4,0,0,22,34,3,101,44,38,0,1,0,88,47,37,56.0
Iliman Ndiaye,SEN,FW,Everton,24,2000,27.0,3,0,0,24,52,5,38,20,28,0,0,0,172,6,19,24.0
Wilfred Ndidi,NGA,MF,Leicester City,27,1996,25.8,8,0,0,39,18,3,30,31,51,0,0,1,127,61,59,50.8
Kosta Nedeljković,SRB,DF,Aston Villa,18,2005,1.4,0,0,0,0,1,0,1,0,5,0,0,0,4,0,1,0.0
Reiss Nelson,ENG,FW,Fulham,24,1999,5.4,1,0,0,6,9,1,23,5,6,0,0,0,29,0,4,0.0
Pedro Neto,POR,FW,Chelsea,24,2000,25.2,8,0,0,21,33,3,149,9,9,0,0,0,81,11,30,26.8
Eddie Nketiah,ENG,"FW,MF",Crystal Palace,25,1999,11.5,6,1,1,31,29,5,5,3,8,1,0,0,26,21,38,35.6
Christopher Nkunku,FRA,FW,Chelsea,26,1997,10.2,2,0,0,16,11,3,4,7,8,0,0,0,29,16,22,42.1
Darwin Núñez,URU,FW,Liverpool,25,1999,12.6,8,0,0,27,14,12,3,4,18,1,0,0,41,20,33,37.7
Ethan Nwaneri,ENG,"FW,MF",Arsenal,17,2007,9.9,1,0,0,9,5,6,54,2,7,0,0,0,34,4,8,33.3
Christian Nørgaard,DEN,MF,Brentford,30,1994,31.3,8,1,0,44,28,1,17,49,49,0,0,0,193,49,30,62.0
Jake O'Brien,IRL,DF,Everton,23,2001,17.5,5,0,0,13,5,3,18,4,17,0,0,0,52,41,30,57.7
Matt O'Riley,DEN,MF,Brighton,23,2000,10.4,1,0,0,16,13,2,51,13,9,1,0,1,29,5,8,38.5
Dara O'Shea,IRL,DF,Ipswich Town,25,1999,34.7,6,0,0,21,26,3,8,33,31,0,0,0,110,114,85,57.3
Chidozie Obi-Martin,DEN,FW,Manchester Utd,16,2007,1.8,1,0,0,3,1,0,0,0,1,0,0,0,9,2,4,33.3
Wilson Odobert,FRA,"FW,MF",Tottenham,19,2004,9.4,0,0,0,2,3,1,25,4,5,0,0,0,34,4,8,33.3
Chiedozie Ogbene,IRL,FW,Ipswich Town,27,1997,2.6,0,0,0,2,7,1,4,1,3,0,0,0,6,1,6,14.3
Caleb Okoli,ITA,DF,Leicester City,23,2001,12.5,4,0,0,16,9,0,1,15,14,0,0,0,44,23,21,52.3
Amadou Onana,BEL,MF,Aston Villa,22,2001,18.0,4,0,0,32,30,0,2,26,30,0,0,0,72,32,21,60.4
André Onana,CMR,GK,Manchester Utd,28,1996,34.0,0,0,0,0,2,0,0,0,2,0,0,0,34,6,0,100.0
Paul Onuachu,NGA,FW,Southampton,30,1994,11.7,4,0,0,28,16,10,0,1,2,0,0,0,19,93,59,61.2
Lewis Orford,ENG,MF,West Ham,18,2006,0.5,0,0,0,0,0,0,1,1,0,0,0,0,7,0,1,0.0
Stefan Ortega,GER,GK,Manchester City,31,1992,12.2,1,0,0,1,2,0,0,0,0,0,1,0,8,2,0,100.0
William Osula,DEN,FW,Newcastle Utd,20,2003,1.5,0,0,0,4,1,1,4,4,0,0,0,0,2,6,2,75.0
Dango Ouattara,BFA,FW,Bournemouth,22,2002,22.3,3,0,0,16,19,14,88,11,26,0,0,0,92,45,63,41.7
Nico O’Reilly,ENG,DF,Manchester City,19,2005,5.9,0,0,0,6,4,1,8,4,4,0,0,0,31,6,9,40.0
Alex Palmer,ENG,GK,Ipswich Town,27,1996,13.0,2,0,0,1,4,0,0,0,0,0,0,0,17,5,0,100.0
Cole Palmer,ENG,"MF,FW",Chelsea,22,2002,35.5,7,0,0,15,60,7,144,11,20,1,0,0,106,2,7,22.2
Emerson Palmieri,ITA,DF,West Ham,29,1994,23.5,5,0,0,25,13,0,64,21,31,0,0,0,84,18,20,47.4
Lucas Paquetá,BRA,"MF,FW",West Ham,26,1997,26.4,10,0,0,53,62,6,29,18,37,0,1,0,149,48,57,45.7
Thomas Partey,GHA,"MF,DF",Arsenal,31,1993,31.1,4,0,0,45,31,1,12,35,53,0,0,0,138,28,27,50.9
Nathan Patterson,SCO,DF,Everton,22,2001,3.9,1,0,0,6,1,0,14,2,6,0,0,0,12,1,7,12.5
Andreas Pereira,BRA,MF,Fulham,28,1996,22.4,7,0,0,28,24,1,171,8,13,1,0,0,100,13,23,36.1
Ricardo Pereira,POR,DF,Leicester City,30,1993,4.3,1,0,0,6,8,0,3,4,8,0,0,0,19,4,2,66.7
Kalvin Phillips,ENG,MF,Ipswich Town,28,1995,13.7,6,1,1,28,20,0,20,19,19,0,0,0,68,7,22,24.1
Jaden Philogene Bidace,ENG,"FW,MF",Aston Villa,22,2002,3.7,4,1,1,12,8,1,4,3,5,0,0,0,21,0,5,0.0
Jaden Philogene Bidace,ENG,"FW,DF",Ipswich Town,22,2002,5.3,1,0,0,8,10,1,13,10,7,0,0,0,23,5,3,62.5
Jordan Pickford,ENG,GK,Everton,30,1994,38.0,7,0,0,0,7,0,0,1,0,0,0,0,36,5,1,83.3
Ethan Pinnock,JAM,DF,Brentford,31,1993,21.3,2,0,0,8,4,0,9,24,19,0,1,1,50,63,43,59.4
Daniel Podence,POR,"MF,FW",Wolves,28,1995,0.5,0,0,0,0,2,0,1,0,0,0,0,0,1,0,1,0.0
Nick Pope,ENG,GK,Newcastle Utd,32,1992,28.0,2,0,0,2,5,0,0,1,0,0,2,0,24,11,1,91.7
Pedro Porro,ESP,DF,Tottenham,24,1999,29.0,5,0,0,25,33,1,196,36,49,0,0,0,152,12,23,34.3
Jarell Quansah,ENG,DF,Liverpool,21,2003,5.5,2,0,0,9,1,0,2,7,8,0,1,1,19,7,10,41.2
Hákon Rafn Valdimarsson,ISL,GK,Brentford,22,2001,1.6,0,0,0,0,0,0,0,0,0,0,0,0,1,1,0,100.0
Aaron Ramsdale,ENG,GK,Southampton,26,1998,30.0,2,0,0,1,4,0,0,2,0,0,0,0,23,6,0,100.0
Jacob Ramsey,ENG,"FW,MF",Aston Villa,23,2001,18.0,4,1,1,13,28,5,12,8,15,1,0,0,83,7,13,35.0
Marcus Rashford,ENG,"FW,MF",Manchester Utd,26,1997,10.9,2,0,0,8,7,7,27,4,4,0,0,0,24,5,7,41.7
Marcus Rashford,ENG,FW,Aston Villa,26,1997,4.9,0,0,0,1,3,1,28,1,7,0,0,0,14,1,8,11.1
David Raya,ESP,GK,Arsenal,28,1995,38.0,3,0,0,1,10,0,0,2,0,0,1,0,41,13,0,100.0
Harrison Reed,ENG,MF,Fulham,29,1995,1.2,2,0,0,6,2,0,6,1,3,0,1,0,10,1,2,33.3
Sergio Reguilón,ESP,DF,Tottenham,27,1996,2.2,2,0,0,2,6,0,12,4,3,0,0,0,14,5,2,71.4
Chadi Riad,MAR,DF,Crystal Palace,21,2003,1.0,0,0,0,1,0,0,0,2,2,0,0,0,4,2,4,33.3
Declan Rice,ENG,MF,Arsenal,25,1999,31.4,7,1,1,21,16,2,164,25,25,0,0,0,156,37,25,59.7
Chris Richards,USA,DF,Crystal Palace,24,2000,21.4,4,1,1,11,5,1,5,19,30,1,0,0,51,48,41,53.9
Richarlison,BRA,FW,Tottenham,27,1997,5.6,2,0,0,7,13,3,7,0,3,0,0,0,11,10,23,30.3
Andrew Robertson,SCO,DF,Liverpool,30,1994,27.6,3,1,0,11,8,3,147,21,22,0,1,1,105,7,14,33.3
Antonee Robinson,USA,DF,Fulham,26,1997,35.2,8,0,0,31,20,7,170,62,61,0,0,0,157,50,26,65.8
Jay Robinson,ENG,"MF,FW",Southampton,17,2007,1.5,0,0,0,3,1,0,1,0,1,0,0,0,12,0,1,0.0
Rodri,ESP,MF,Manchester,City 28,1996,0.8,0,0,0,1,2,0,0,1,1,0,0,0,7,1,0,100.0
Guido Rodríguez,ARG,MF,West Ham,30,1994,12.8,6,0,0,18,12,2,5,13,19,0,0,0,53,11,7,61.1
Mads Roerslev,DEN,DF,Brentford,25,1999,12.2,2,0,0,6,10,0,31,4,8,0,0,0,39,10,14,41.7
Morgan Rogers,ENG,"FW,MF",Aston Villa,22,2002,34.6,10,0,0,50,51,2,27,6,22,1,0,0,119,13,52,20.0
Cristian Romero,ARG,DF,Tottenham,26,1998,15.7,3,0,0,14,12,2,3,21,29,0,0,0,90,41,27,60.3
Georginio Rutter,FRA,"MF,FW",Brighton,22,2002,18.4,2,0,0,34,45,7,9,10,15,0,1,0,66,25,46,35.2
José Sá,POR,GK,Wolves,31,1993,29.0,2,0,0,4,9,0,0,0,2,0,4,0,37,11,1,91.7
Bukayo Saka,ENG,"FW,MF",Arsenal,22,2001,19.2,3,0,0,15,39,7,117,3,15,1,0,0,70,10,20,33.3
Mohamed Salah,EGY,FW,Liverpool,32,1992,37.5,1,0,0,25,39,18,79,9,11,0,0,0,101,9,14,39.1
William Saliba,FRA,DF,Arsenal,23,2001,33.8,2,1,0,28,17,1,3,21,37,0,1,0,154,61,36,62.9
Robert Sánchez,ESP,GK,Chelsea,26,1997,32.0,5,0,0,2,4,0,0,2,0,0,2,0,43,12,0,100.0
Jadon Sancho,ENG,FW,Chelsea,24,2000,19.6,2,0,0,6,11,6,25,2,7,2,0,0,99,6,11,35.3
Ibrahim Sangaré,CIV,MF,Nott'ham Forest,26,1997,6.6,3,0,0,15,8,0,2,6,14,0,0,0,42,10,10,50.0
Pablo Sarabia,ESP,"MF,FW",Wolves,32,1992,9.0,3,0,0,16,15,5,47,4,8,0,0,0,34,5,14,26.3
Ismaila Sarr,SEN,MF,Crystal Palace,26,1998,30.1,4,0,0,14,56,11,55,9,10,1,0,0,113,37,52,41.6
Sávio,BRA,"FW,MF",Manchester,City 20,2004,19.6,3,0,0,17,28,3,84,6,17,2,0,0,79,1,2,33.3
Dane Scarlett,ENG,"FW,MF",Tottenham,20,2004,0.4,0,0,0,0,1,1,0,0,0,0,0,0,3,1,0,100.0
Kevin Schade,GER,FW,Brentford,22,2001,25.5,3,0,0,21,38,13,38,5,25,1,0,0,83,90,80,52.9
Fabian Schär,SUI,DF,Newcastle Utd,32,1991,32.6,9,1,0,35,15,4,13,45,21,0,0,0,134,56,71,44.1
Jeffrey Schlupp,GHA,"MF,DF",Crystal Palace,31,1992,1.1,0,0,0,1,0,0,4,0,0,0,0,0,6,3,4,42.9
Alex Scott,ENG,MF,Bournemouth,20,2003,8.4,3,0,0,17,26,0,7,10,14,0,0,0,52,7,7,50.0
Matz Sels,BEL,GK,Nott'ham Forest,32,1992,38.0,4,0,0,1,10,0,0,0,1,0,1,0,17,15,2,88.2
Nélson Semedo,POR,DF,Wolves,30,1993,32.1,8,0,0,48,30,4,63,23,36,0,1,0,139,28,42,40.0
Antoine Semenyo,GHA,FW,Bournemouth,24,2000,35.6,9,0,0,73,37,15,59,11,35,1,0,0,158,66,76,46.5
Marcos Senesi,ARG,DF,Bournemouth,27,1997,12.3,5,0,0,22,8,0,11,14,21,0,0,0,71,32,29,52.5
Ryan Sessegnon,ENG,"FW,DF",Fulham,24,2000,6.4,1,0,0,20,4,1,16,3,13,0,0,0,30,8,11,42.1
Luke Shaw,ENG,DF,Manchester Utd,29,1995,3.9,1,0,0,3,1,0,11,2,3,0,0,1,9,3,2,60.0
Zain Silcott-Duberry,MSR,FW,Bournemouth,19,2005,0.0,0,0,0,0,0,0,0,0,1,0,0,0,0,0,1,0.0
Bernardo Silva,POR,"MF,FW",Manchester City,29,1994,29.7,7,0,0,27,32,3,60,23,37,0,0,0,107,5,10,33.3
Jota Silva,POR,"FW,MF",Nott'ham Forest,24,1999,9.5,5,0,0,24,23,8,21,12,14,1,0,0,43,21,30,41.2
Jahmai Simpson-Pusey,ENG,DF,Manchester City,18,2005,1.1,1,0,0,0,1,0,0,0,0,0,0,0,3,1,3,25.0
Luis Sinisterra,COL,"FW,MF",Bournemouth,25,1999,2.6,0,0,0,4,2,1,7,1,2,0,0,0,17,3,7,30.0
Oliver Skipp,ENG,MF,Leicester City,23,2000,12.5,8,0,0,21,13,0,5,11,4,0,0,0,46,12,6,66.7
William Smallbone,IRL,MF,Southampton,24,2000,7.7,1,0,0,11,3,0,36,2,13,0,1,0,23,4,6,40.0
Adam Smith,ENG,DF,Bournemouth,33,1991,17.7,7,0,0,19,12,0,33,15,12,0,0,0,50,14,15,48.3
Emile Smith Rowe,ENG,MF,Fulham,24,2000,22.7,3,0,0,19,14,4,16,11,18,0,0,0,75,6,20,23.1
Dominic Solanke,ENG,FW,Tottenham,26,1997,24.5,0,0,0,36,36,5,4,1,11,0,0,1,38,46,60,43.4
Carlos Soler,ESP,"MF,FW",West Ham,27,1997,15.7,6,0,0,26,19,0,34,8,11,0,0,0,64,10,12,45.5
Ramón Sosa,PAR,"FW,MF",Nott'ham Forest,24,1999,3.3,1,0,0,6,8,3,8,4,3,0,0,0,25,4,7,36.4
Tomáš Souček,CZE,MF,West Ham,29,1995,28.5,8,0,0,47,25,4,14,20,21,1,0,0,63,99,73,57.6
Boubakary Soumaré,FRA,MF,Leicester City,25,1999,24.1,8,0,0,24,23,0,10,27,20,0,0,0,140,21,11,65.6
Djed Spence,ENG,DF,Tottenham,23,2000,19.9,4,1,1,21,23,2,25,21,34,0,0,1,109,21,14,60.0
Jason Steele,ENG,GK,Brighton,33,1990,2.0,0,0,0,0,1,0,0,0,0,0,0,0,7,1,1,50.0
Jack Stephens,ENG,DF,Southampton,30,1994,15.4,2,2,0,13,4,1,1,13,20,0,1,0,44,6,10,37.5
Raheem Sterling,ENG,"FW,MF",Arsenal,29,1994,5.5,1,0,0,12,8,4,16,1,4,0,0,0,16,1,3,25.0
Ross Stewart,SCO,FW,Southampton,28,1996,4.3,1,0,0,7,7,1,0,1,4,0,0,0,6,13,23,36.1
Jakub Stolarczyk,POL,GK,Leicester City,23,2000,10.0,1,0,0,0,0,0,0,0,1,0,0,0,8,5,0,100.0
Jørgen Strand Larsen,NOR,FW,Wolves,24,2000,28.7,4,0,0,46,19,16,6,6,6,0,0,0,42,67,100,40.1
Kamaldeen Sulemana,GHA,"FW,MF",Southampton,22,2002,15.6,2,0,0,22,11,3,26,6,17,0,0,0,63,13,27,32.5
Crysencio Summerville,NED,"FW,MF",West Ham,22,2001,8.7,2,0,0,9,23,4,21,0,7,0,0,0,38,4,9,30.8
Sammie Szmodics,IRL,"FW,MF",Ipswich Town,28,1995,11.0,2,0,0,9,8,8,14,6,10,0,1,0,42,6,11,35.3
Dominik Szoboszlai,HUN,MF,Liverpool,23,2000,27.7,6,0,0,44,24,4,41,9,20,0,0,0,133,19,23,45.2
James Tarkowski,ENG,DF,Everton,31,1992,32.5,6,0,0,35,28,2,1,41,40,0,1,0,98,102,33,75.6
Marcus Tavernier,ENG,"FW,MF",Bournemouth,25,1999,21.5,6,0,0,34,28,4,108,5,24,0,0,0,119,26,33,44.1
Charlie Taylor,ENG,DF,Southampton,30,1993,4.0,1,0,0,2,3,0,9,5,5,0,0,0,10,6,2,75.0
Jack Taylor,IRL,MF,Ipswich Town,26,1998,9.6,4,0,0,16,5,0,7,9,10,0,0,0,53,7,8,46.7
Mathys Tel,FRA,FW,Tottenham,19,2005,10.1,2,0,0,14,16,1,35,2,6,1,0,0,38,4,7,36.4
Kenny Tete,NED,DF,Fulham,28,1995,19.7,5,0,0,35,16,1,38,32,38,0,0,0,74,24,22,52.2
Thiago,BRA,"FW,MF",Brentford,23,2001,1.9,0,0,0,3,3,1,2,2,3,0,0,0,12,7,5,58.3
Luke Thomas,ENG,DF,Leicester City,23,2001,12.3,3,0,0,16,10,0,29,21,25,0,1,0,42,13,11,54.2
Youri Tielemans,BEL,MF,Aston Villa,27,1997,33.6,4,0,0,41,56,0,119,23,58,0,0,0,145,22,18,55.0
Jurriën Timber,NED,DF,Arsenal,23,2001,26.9,7,0,0,31,29,6,28,22,38,0,0,0,94,22,20,52.4
Jean-Clair Todibo,FRA,DF,West Ham,24,1999,20.3,3,0,0,16,6,0,3,26,28,0,0,0,79,28,26,51.9
Harry Toffolo,ENG,DF,Nott'ham Forest,28,1995,1.5,1,0,0,1,0,0,4,2,3,0,0,0,2,1,0,100.0
Sandro Tonali,ITA,MF,Newcastle Utd,24,2000,29.2,5,0,0,37,49,2,54,34,32,1,0,0,177,12,12,50.0
Pau Torres,ESP,DF,Aston Villa,27,1997,22.4,2,0,0,8,7,0,3,10,15,0,0,0,62,18,29,38.3
Conor Townsend,ENG,DF,Ipswich Town,31,1993,3.7,1,0,0,2,4,0,12,4,8,0,0,0,8,6,4,60.0
Adama Traoré,ESP,"FW,MF",Fulham,28,1996,19.7,3,0,0,24,32,1,100,1,13,0,0,0,87,25,26,49.0
Boubacar Traoré,MLI,MF,Wolves,22,2001,0.0,0,0,0,0,0,0,0,0,0,0,0,0,0,0,1,0.0
Mark Travers,IRL,GK,Bournemouth,25,1999,5.0,0,0,0,0,1,0,0,0,0,0,0,0,3,1,0,100.0
Kieran Trippier,ENG,DF,Newcastle Utd,33,1990,14.5,1,0,0,16,11,2,82,12,21,0,0,0,68,22,15,59.5
Leandro Trossard,BEL,FW,Arsenal,29,1994,28.3,4,1,1,27,46,6,86,9,20,0,0,0,104,6,24,20.0
Kostas Tsimikas,GRE,DF,Liverpool,28,1996,9.3,2,0,0,9,6,1,64,11,20,0,0,0,31,5,8,38.5
Axel Tuanzebe,COD,DF,Ipswich Town,26,1997,19.0,5,1,1,17,12,0,10,23,19,0,0,1,49,22,18,55.0
Destiny Udogie,ITA,DF,Tottenham,21,2002,21.4,2,0,0,29,38,3,19,22,47,0,0,1,111,13,13,50.0
Manuel Ugarte Ribeiro,URU,MF,Manchester Utd,23,2001,19.8,11,0,0,41,33,0,7,27,49,0,0,1,122,18,18,50.0
Lesley Ugochukwu,FRA,MF,Southampton,20,2004,18.4,7,0,0,31,16,0,6,14,24,0,1,0,67,20,18,52.6
Enes Ünal,TUR,"FW,MF",Bournemouth,27,1997,3.8,2,0,0,6,9,1,4,0,0,0,0,0,16,24,22,52.2
Virgil van Dijk,NED,DF,Liverpool,33,1991,37.0,5,0,0,17,13,0,1,56,20,0,0,0,115,119,46,72.1
Jamie Vardy,ENG,FW,Leicester City,37,1987,31.4,5,0,0,25,23,27,11,5,13,2,0,0,39,50,55,47.6
Joël Veltman,NED,DF,Brighton,32,1992,18.9,5,0,0,27,44,0,24,19,29,0,1,0,68,21,18,53.8
Bart Verbruggen,NED,GK,Brighton,21,2002,36.0,5,0,0,0,2,0,0,0,0,0,0,0,59,10,1,90.9
Jannik Vestergaard,DEN,DF,Leicester City,31,1992,15.5,5,0,0,12,4,0,0,16,10,0,0,1,46,26,19,57.8
Guglielmo Vicario,ITA,GK,Tottenham,27,1996,24.0,1,0,0,0,2,0,0,1,0,0,0,0,32,9,0,100.0
Kyle Walker,ENG,DF,Manchester City,34,1990,10.8,3,0,0,6,5,1,14,3,10,0,0,0,46,9,7,56.3
Kyle Walker-Peters,ENG,DF,Southampton,27,1997,32.4,5,0,0,28,52,2,51,19,29,0,0,0,135,11,21,34.4
Christian Walton,ENG,GK,Ipswich Town,28,1995,7.0,0,0,0,0,1,0,0,0,0,0,0,0,6,2,0,100.0
Aaron Wan-Bissaka,ENG,DF,West Ham,26,1997,35.0,1,0,0,25,27,5,76,66,49,0,0,1,174,22,33,40.0
Joel Ward,ENG,DF,Crystal Palace,34,1989,0.8,1,0,0,4,0,0,0,0,0,0,0,0,7,1,0,100.0
James Ward-Prowse,ENG,MF,West Ham,29,1994,11.5,2,0,0,10,4,0,49,8,14,0,0,0,52,10,5,66.7
James Ward-Prowse,ENG,MF,Nott'ham Forest,29,1994,4.4,2,1,1,7,2,0,19,5,1,0,0,0,19,3,5,37.5
Ollie Watkins,ENG,FW,Aston Villa,28,1995,28.9,2,0,0,29,33,16,7,8,7,2,0,0,43,52,71,42.3
Adam Webster,ENG,DF,Brighton,29,1995,9.9,1,0,0,7,2,1,2,20,6,0,1,0,35,24,6,80.0
Danny Welbeck,ENG,FW,Brighton,33,1990,23.5,5,0,0,11,23,4,3,5,16,0,0,0,46,17,32,34.7
Welington,BRA,DF,Southampton,23,2001,5.4,1,0,0,6,8,1,17,7,9,0,1,0,21,5,4,55.6
Timo Werner,GER,"FW,MF",Tottenham,28,1996,5.7,0,0,0,3,5,5,28,1,4,0,0,0,18,0,1,0.0
Adam Wharton,ENG,MF,Crystal Palace,20,2004,14.6,2,0,0,12,21,0,39,20,14,0,0,0,102,7,16,30.4
Ben White,ENG,DF,Arsenal,26,1997,13.3,2,0,0,10,5,1,17,16,14,0,0,0,37,18,9,66.7
Neco Williams,WAL,DF,Nott'ham Forest,23,2001,28.8,7,0,0,24,43,2,59,31,57,0,0,0,110,40,30,57.1
Willian,BRA,"FW,MF",Fulham,35,1988,2.9,0,0,0,1,0,0,16,1,2,0,0,0,14,1,3,25.0
Joe Willock,ENG,"MF,FW",Newcastle Utd,24,1999,12.1,4,0,0,23,13,3,18,6,17,0,0,0,40,5,14,26.3
Callum Wilson,ENG,FW,Newcastle Utd,32,1992,4.1,1,0,0,4,1,3,2,1,2,0,0,0,11,2,16,11.1
Harry Wilson,WAL,"FW,MF",Fulham,27,1997,12.9,2,0,0,12,22,1,41,7,14,1,0,0,55,5,20,20.0
Harry Winks,ENG,MF,Leicester City,28,1996,17.1,4,0,0,9,13,0,34,9,11,0,0,0,106,8,6,57.1
Ben Winterburn,ENG,"MF,FW",Bournemouth,19,2004,0.3,0,0,0,0,1,0,0,2,0,0,0,0,2,1,0,100.0
Yoane Wissa,COD,FW,Brentford,27,1996,32.4,5,0,0,34,51,14,20,8,12,1,0,0,81,30,36,45.5
Chris Wood,NZL,FW,Nott'ham Forest,32,1991,32.9,1,0,0,25,24,28,1,5,5,0,0,0,50,94,143,39.7
Nathan Wood-Gordon,ENG,DF,Southampton,22,2002,8.6,2,0,0,9,4,0,3,5,8,0,0,0,20,15,8,65.2
Luke Woolfenden,ENG,DF,Ipswich Town,25,1998,13.2,2,0,0,5,2,1,0,19,6,0,0,0,38,15,15,50.0
Yehor Yarmoliuk,UKR,MF,Brentford,20,2004,16.1,6,0,0,19,13,2,16,13,28,0,0,0,113,8,10,44.4
Ryan Yates,ENG,MF,Nott'ham Forest,26,1997,21.3,10,0,0,53,49,7,8,26,21,0,0,0,104,45,30,60.0
Leny Yoro,FRA,DF,Manchester Utd,18,2005,12.9,5,0,0,9,2,1,1,18,11,0,0,0,46,16,16,50.0
Ashley Young,ENG,DF,Everton,39,1985,20.8,7,1,0,30,22,0,75,25,33,0,0,0,75,10,11,47.6
Illia Zabarnyi,UKR,DF,Bournemouth,21,2002,34.5,4,1,0,20,7,0,6,41,36,0,0,0,157,77,44,63.6
Joshua Zirkzee,NED,"FW,MF",Manchester Utd,23,2001,15.6,2,0,0,9,13,3,4,6,8,1,0,0,57,21,54,28.0
Martin Ødegaard,NOR,MF,Arsenal,25,1998,25.8,4,0,0,12,23,1,86,6,11,0,0,0,97,8,7,53.3
Rodrigo Abajas,ESP,DF,Valencia,21,2003,0.7,1,0,0,2,0,1,1,1,2,0,0,0,2,0,1,0.0
Abel,ESP,DF,Osasuna,23,2000,23.0,3,0,0,25,32,3,85,18,37,0,1,0,106,20,17,54.1
Nabil Aberdin,FRA,MF,Getafe,21,2002,2.9,1,0,0,7,6,0,0,0,4,0,0,0,8,10,3,76.9
Abdel Abqar,MAR,DF,Alavés,25,1999,27.4,13,0,0,47,31,2,5,39,23,1,2,0,87,40,35,53.3
Akor Adams,NGA,FW,Sevilla,24,2000,1.5,0,0,0,1,0,1,0,0,0,0,0,0,4,6,10,37.5
Adrián,ESP,GK,Betis,37,1987,19.0,3,0,0,0,4,0,0,0,0,0,0,0,20,2,1,66.7
Julen Agirrezabala,ESP,GK,Athletic Club,23,2000,13.4,1,1,0,3,1,0,0,0,0,0,2,0,21,5,0,100.0
Lucien Agoume,FRA,MF,Sevilla,22,2002,23.5,5,1,0,49,6,2,18,41,32,0,1,0,136,42,40,51.2
Álvaro Aguado,ESP,MF,Espanyol,28,1996,4.9,3,0,0,5,8,0,12,4,2,0,0,0,37,3,2,60.0
Nayef Aguerd,MAR,DF,Real Sociedad,28,1996,19.6,5,0,0,11,19,0,2,13,24,0,1,0,73,61,32,65.6
Joseph Aidoo,GHA,DF,Valladolid,28,1995,6.5,0,0,0,4,2,0,0,5,5,0,0,0,25,9,8,52.9
Ilias Akhomach,MAR,"MF,FW",Villarreal,20,2004,6.5,1,0,0,9,21,1,18,3,7,0,0,0,30,6,6,50.0
David Alaba,AUT,DF,Real Madrid,32,1992,3.5,1,0,0,2,0,0,3,6,0,0,0,0,8,4,1,80.0
Ibrahim Alani,NGA,MF,Valladolid,18,2006,1.8,0,0,0,2,5,0,0,1,7,0,0,0,13,3,1,75.0
Raúl Albiol,ESP,DF,Villarreal,38,1985,13.2,5,0,0,11,6,0,0,6,9,0,2,1,44,29,14,67.4
Omar Alderete,PAR,DF,Getafe,27,1996,33.0,8,0,0,33,12,8,6,40,29,1,4,0,115,101,51,66.4
Carles Aleñá,ESP,"MF,FW",Getafe,26,1998,5.0,1,0,0,8,11,2,6,0,3,0,0,0,12,10,9,52.6
Carles Aleñá,ESP,"MF,FW",Alavés,26,1998,12.1,1,0,0,11,24,0,31,2,12,0,0,0,47,9,6,60.0
Alfon,ESP,"FW,MF",Celta,Vigo 25,1999,15.2,1,1,0,15,31,6,40,5,3,1,0,0,37,3,14,17.6
Marcos Alonso,ESP,DF,Celta Vigo,33,1990,29.4,10,2,1,31,28,2,42,34,21,0,1,0,176,70,42,62.5
Sergi Altimira,ESP,MF,Betis,22,2001,21.9,4,0,0,35,33,0,5,24,37,1,0,0,117,11,22,33.3
Hugo Álvarez,ESP,"MF,DF",Celta Vigo,21,2003,17.5,6,0,0,25,16,3,31,8,9,0,1,0,78,6,12,33.3
Julián Álvarez,ARG,FW,Atlético Madrid,24,2000,27.9,5,0,0,26,9,9,69,2,17,0,0,0,75,13,31,29.5
Yeray Álvarez,ESP,DF,Athletic Club,29,1995,19.8,4,0,0,15,15,0,3,34,13,0,0,0,83,49,42,53.8
Selim Amallah,MAR,MF,Valladolid,27,1996,15.3,6,0,0,32,28,1,31,14,18,0,0,0,73,5,16,23.8
Amath,SEN,"FW,DF",Valladolid,28,1996,4.2,1,0,0,4,7,2,7,2,0,0,0,0,13,1,6,14.3
Marcos André,BRA,FW,Valladolid,27,1996,13.2,5,0,0,12,28,5,1,3,6,0,0,0,44,47,44,51.6
Antoniu,ESP,"FW,MF",Espanyol,21,2002,11.4,3,0,0,19,23,4,20,8,10,0,0,0,39,6,18,25.0
Antony,BRA,FW,Betis,24,2000,15.1,2,1,0,15,27,1,40,10,11,1,0,0,73,5,14,26.3
Anuar,MAR,"MF,FW",Valladolid,29,1995,19.1,7,0,0,30,48,10,22,18,27,1,0,0,71,23,35,39.7
Aritz Arambarri,ESP,DF,Leganés,26,1998,2.0,0,0,0,0,0,0,0,3,1,0,0,0,4,6,8,42.9
Mauro Arambarri,URU,MF,Getafe,28,1995,29.6,10,0,0,51,52,3,14,15,29,0,0,0,137,59,54,52.2
Jon Aramburu,VEN,DF,Real Sociedad,22,2002,27.3,8,0,0,50,42,3,45,30,70,0,1,0,127,40,33,54.8
Ronald Araújo,URU,DF,Barcelona,25,1999,8.4,3,0,0,9,4,0,0,9,9,0,0,0,27,33,20,62.3
Jesús Areso,ESP,DF,Osasuna,25,1999,34.2,9,0,0,31,20,8,169,8,38,0,0,0,118,27,19,58.7
José Arnaiz,ESP,"FW,MF",Osasuna,29,1995,1.5,0,0,0,0,5,4,18,5,5,0,0,0,16,1,3,25.0
Sergio Arribas,ESP,DF,Betis,21,2003,1.0,0,0,0,0,0,0,0,3,4,0,0,0,3,1,0,100.0
Takuma Asano,JPN,"FW,MF",Mallorca,29,1994,11.7,0,0,0,5,15,6,20,6,9,0,0,0,42,5,26,16.1
Raúl Asencio,ESP,DF,Real Madrid,21,2003,18.6,3,0,0,12,19,1,0,16,16,0,0,0,75,30,15,66.7
Iago Aspas,ESP,"FW,MF",Celta Vigo,36,1987,19.4,6,1,1,16,34,5,15,8,8,1,0,0,55,7,8,46.7
Yaser Asprilla,COL,"FW,MF",Girona,20,2003,15.6,2,0,0,12,23,1,93,7,12,0,1,0,62,4,3,57.1
Ezequiel Ávila,ARG,FW,Betis,30,1994,7.5,5,1,0,13,18,5,29,2,3,0,0,0,28,6,8,42.9
Adam Aznou,MAR,DF,Valladolid,18,2006,9.7,1,0,0,14,17,0,12,10,21,0,0,0,56,11,4,73.3
César Azpilicueta,ESP,DF,Atlético Madrid,34,1989,9.7,1,0,0,8,6,3,5,5,14,0,0,0,28,14,14,50.0
Loïc Bade,FRA,DF,Sevilla,24,2000,29.8,7,1,0,26,10,0,8,29,27,0,1,0,138,65,30,68.4
Alex Baena,ESP,"MF,FW",Villarreal,23,2001,28.8,9,0,0,43,47,5,207,22,15,0,0,0,140,16,19,45.7
Juma Bah,SLE,DF,Valladolid,18,2006,9.6,1,0,0,6,6,0,0,12,7,0,0,0,35,31,13,70.5
Eric Bailly,CIV,DF,Villarreal,30,1994,6.9,2,1,0,7,1,0,0,6,4,0,1,0,19,11,7,61.1
Stefan Bajcetic,ESP,"MF,DF",Las Palmas,19,2004,10.8,4,0,0,21,14,0,4,15,14,0,1,0,61,17,13,56.7
Cédric Bakambu,COD,FW,Betis,33,1991,7.9,4,0,0,23,7,12,2,0,4,1,0,0,25,12,26,31.6
Alejandro Balde,ESP,DF,Barcelona,20,2003,25.4,2,0,0,16,37,0,67,5,10,0,0,0,122,16,9,64.0
Iván Balliu,ALB,DF,Rayo Vallecano,32,1992,13.3,3,0,0,19,15,1,19,13,14,0,0,0,39,14,26,35.0
Jonathan Bamba,CIV,"FW,MF",Celta Vigo,28,1996,9.0,1,0,0,7,17,4,25,5,7,0,0,0,52,5,10,33.3
Adrian Baquerin,ESP,FW,Valladolid,17,2007,0.5,0,0,0,0,2,0,0,0,1,0,0,0,1,1,0,100.0
Kike Barja,ESP,"FW,MF",Osasuna,27,1997,3.5,3,0,0,9,4,1,37,3,4,0,0,0,10,5,8,38.5
Enzo Barrenechea,ARG,MF,Valencia,23,2001,24.3,6,0,0,25,45,0,3,28,30,1,0,0,117,37,24,60.7
Ander Barrenetxea,ESP,"MF,FW",Real Sociedad,22,2001,14.0,6,0,0,33,13,6,54,11,19,0,1,0,88,7,14,33.3
Pablo Barrios,ESP,MF,Atlético Madrid,21,2003,25.9,4,1,0,28,27,0,26,34,26,0,0,0,131,35,21,62.5
Thierno Barry,FRA,FW,Villarreal,21,2002,25.8,4,0,0,47,51,20,5,0,8,1,1,0,36,99,48,67.3
Marc Bartra,ESP,DF,Betis,33,1991,23.3,2,0,0,15,14,2,1,33,19,0,1,0,88,50,42,54.3
Augusto Batalla,ARG,GK,Rayo Vallecano,28,1996,32.0,6,0,0,1,6,0,0,0,2,0,0,0,49,9,0,100.0
Rafael Bauza,ESP,MF,Espanyol,19,2005,2.0,1,0,0,8,0,0,0,0,3,0,0,0,4,3,2,60.0
Sheraldo Becker,SUR,"FW,MF",Real Sociedad,29,1995,11.1,1,1,0,8,15,9,64,1,2,0,0,0,30,7,16,30.4
Luken Beitia,ESP,DF,Real Sociedad,20,2004,0.1,0,0,0,0,0,0,0,0,1,0,0,0,1,1,0,100.0
Ismael Bekhoucha,MAR,"MF,DF",Getafe,19,2004,0.8,2,0,0,3,3,0,1,2,1,0,0,0,6,1,1,50.0
Héctor Bellerín,ESP,DF,Betis,29,1995,6.4,1,0,0,6,0,0,10,6,7,0,0,0,13,6,7,46.2
Jude Bellingham,ENG,MF,Real Madrid,21,2003,27.6,5,1,0,33,64,9,18,28,33,1,0,0,97,30,31,49.2
Fran Beltrán,ESP,MF,Celta Vigo,25,1999,26.9,3,0,0,34,12,0,5,26,35,0,1,0,119,19,27,41.3
Carlos Benavídez,URU,MF,Alavés,26,1998,5.4,3,0,0,18,6,1,1,8,14,0,0,0,32,8,7,53.3
Iker Benito,ESP,"FW,MF",Osasuna,21,2002,0.4,0,0,0,1,1,0,2,1,0,0,0,0,3,0,1,0.0
Yuri Berchiche,ESP,DF,Athletic Club,34,1990,22.7,5,0,0,18,19,4,42,27,21,0,1,0,121,28,20,58.3
Álex Berenguer,ESP,"FW,MF",Athletic Club,29,1995,26.0,5,0,0,29,30,5,178,10,16,2,0,0,113,27,50,35.1
Marc Bernal,ESP,MF,Barcelona,17,2007,2.7,2,0,0,4,3,0,0,1,6,0,0,0,9,1,6,14.3
Juan Bernat,ESP,"MF,DF",Getafe,31,1993,7.8,0,0,0,11,6,1,13,2,13,0,0,0,26,11,13,45.8
Juan Berrocal,ESP,DF,Getafe,25,1999,11.8,8,1,1,17,1,0,0,15,7,0,1,0,35,30,17,63.8
Antonio Blanco,ESP,MF,Alavés,24,2000,30.3,11,1,1,66,27,0,29,42,40,0,0,0,164,28,35,44.4
Daley Blind,NED,DF,Girona,34,1990,30.9,2,0,0,19,16,1,42,32,27,0,0,0,116,17,24,41.5
Enzo Boyomo,CMR,DF,Osasuna,22,2001,33.2,5,0,0,43,8,0,2,44,43,0,0,0,121,29,35,45.3
Enzo Boyomo,CMR,DF,Valladolid,22,2001,3.0,0,0,0,3,0,0,0,1,2,0,0,0,11,3,5,37.5
Darko Brašanac,SRB,MF,Leganés,32,1992,18.0,4,0,0,38,13,4,11,16,11,1,0,0,61,20,38,34.5
Tajon Buchanan,CAN,MF,Villarreal,25,1999,4.6,2,0,0,12,20,5,16,1,5,0,0,0,26,3,3,50.0
Ante Budimir,CRO,FW,Osasuna,33,1991,32.8,4,0,0,47,35,15,6,2,9,6,0,0,54,136,132,50.7
Manu Bueno,ESP,"MF,FW",Sevilla,20,2004,1.6,0,0,0,2,3,0,1,0,3,0,0,0,6,0,1,0.0
Pau Cabanes,ESP,"MF,FW",Villarreal,19,2005,1.8,0,0,0,4,7,0,6,3,4,1,0,0,6,1,2,33.3
Pau Cabanes,ESP,"MF,FW",Alavés,19,2005,2.1,1,0,0,5,5,0,12,0,2,0,0,0,11,1,3,25.0
Leandro Cabrera,URU,DF,Espanyol,33,1991,31.9,4,1,0,24,8,0,17,30,23,1,1,0,83,77,42,64.7
Eduardo Camavinga,FRA,"MF,DF",Real Madrid,21,2002,12.2,2,0,0,21,31,1,2,18,26,0,1,0,90,20,18,52.6
Sergio Camello,ESP,FW,Rayo Vallecano,23,2001,12.6,2,0,0,11,10,2,6,4,3,0,0,0,32,11,26,29.7
José Campaña,ESP,MF,Las Palmas,31,1993,13.2,5,0,0,7,20,0,34,19,16,0,1,0,84,15,4,78.9
Peio Canales,ESP,"MF,FW",Athletic Club,19,2005,2.9,0,0,0,1,2,1,16,2,2,0,0,0,17,0,3,0.0
Antonio Candela,ITA,DF,Valladolid,24,2000,10.1,1,0,0,5,7,2,20,6,6,0,0,0,23,3,8,27.3
Sergi Canós,ESP,"MF,FW",Valencia,27,1997,4.1,3,0,0,12,6,1,18,5,7,0,0,0,20,4,8,33.3
Irvin Cardona,FRA,"FW,MF",Espanyol,26,1997,6.7,1,0,0,8,8,5,14,4,5,0,0,0,19,8,11,42.1
Marc Cardona,ESP,"FW,DF",Las Palmas,29,1995,1.5,2,0,0,2,3,0,1,0,2,0,0,0,8,0,6,0.0
Sergi Cardona,ESP,DF,Villarreal,25,1999,32.7,11,0,0,38,28,3,111,40,48,0,1,0,131,41,27,60.3
Johnny Cardoso,USA,MF,Betis,22,2001,23.8,4,0,0,38,27,0,3,48,31,0,0,0,138,29,18,61.7
Carmona,ESP,DF,Sevilla,22,2002,32.7,11,0,0,49,43,1,41,68,59,0,0,0,164,33,20,62.3
Sergio Carreira,ESP,"MF,DF",Celta Vigo,23,2000,18.4,1,0,0,19,7,3,41,17,16,0,0,0,66,3,14,17.6
Dani Carvajal,ESP,DF,Real Madrid,32,1992,6.8,1,0,0,3,6,0,14,10,8,0,0,0,21,7,5,58.3
William Carvalho,POR,MF,Betis,32,1992,5.4,1,0,0,7,3,0,2,3,6,0,0,0,29,6,5,54.5
Marc Casado,ESP,MF,Barcelona,20,2003,17.9,4,1,1,26,36,0,9,22,25,0,0,0,90,8,23,25.8
Catena,ESP,DF,Osasuna,29,1994,34.2,11,0,0,36,14,1,2,35,28,1,1,0,108,67,35,65.7
Maximiliano Caufriez,BEL,DF,Valencia,27,1997,1.0,0,0,0,3,0,0,0,1,1,0,1,0,1,2,5,28.6
Dani Ceballos,ESP,MF,Real Madrid,27,1996,13.5,4,0,0,13,30,0,14,14,21,0,0,0,87,2,1,66.7
Franco Cervi,ARG,"FW,MF",Celta Vigo,30,1994,3.0,1,0,0,4,1,0,6,8,3,0,0,0,12,4,6,40.0
Walid Cheddira,MAR,FW,Espanyol,26,1998,7.1,3,0,0,30,27,11,2,1,0,1,0,0,19,15,25,37.5
Chema,ESP,MF,Real,Madrid 19,2005,0.1,0,0,0,1,0,0,0,0,0,0,0,0,0,1,1,50.0
Julián Chicco,ARG,"MF,DF",Leganés,26,1998,3.4,0,0,0,1,3,0,3,4,7,0,0,0,12,1,10,9.1
Chiquinho,POR,"MF,FW",Mallorca,24,2000,1.6,2,0,0,6,8,0,9,2,0,0,0,0,10,0,5,0.0
Andreas Christensen,DEN,DF,Barcelona,28,1996,2.8,3,0,0,5,0,0,0,4,4,0,0,0,14,11,3,78.6
Jasper Cillessen,NED,GK,Las Palmas,35,1989,25.9,1,0,0,0,5,0,0,0,0,0,0,0,20,2,2,50.0
Pathé Ciss,SEN,"MF,DF",Rayo Vallecano,30,1994,23.8,12,0,0,45,25,0,4,40,24,0,2,0,148,48,30,61.5
Seydouba Cissé,GUI,MF,Leganés,23,2001,27.1,3,1,0,39,25,2,10,12,37,1,1,0,154,25,38,39.7
Silvi Clúa,ESP,MF,Girona,19,2005,1.8,0,0,0,5,0,0,0,2,7,0,0,0,4,6,3,66.7
Santi Comesaña,ESP,MF,Villarreal,27,1996,28.4,7,0,0,37,27,1,14,19,49,0,0,0,160,32,49,39.5
Diego Conde,ESP,GK,Villarreal,25,1998,21.8,2,0,0,0,1,0,0,1,2,0,0,0,30,1,0,100.0
Tomás Conechny,ARG,"FW,MF",Alavés,26,1998,9.4,8,0,0,28,11,5,31,6,12,0,0,0,45,23,20,53.5
Copete,ESP,DF,Mallorca,24,1999,17.0,6,0,0,27,13,0,7,17,17,0,0,0,46,27,16,62.8
Iker Córdoba,ESP,DF,Valencia,18,2005,0.2,0,0,0,0,0,0,1,0,0,0,0,0,1,1,0,100.0
Ángel Correa,ARG,"FW,MF",Atlético Madrid,29,1995,8.9,3,1,0,18,11,4,24,4,3,0,0,0,40,1,8,11.1
Thierry Correia,POR,DF,Valencia,25,1999,8.5,1,0,0,15,14,0,18,4,18,0,0,0,38,4,8,33.3
Coba da Costa,ESP,"MF,FW",Getafe,22,2002,11.2,4,0,0,10,10,0,41,8,13,0,0,0,35,19,19,50.0
Logan Costa,CPV,DF,Villarreal,23,2001,28.7,3,0,0,19,3,2,5,21,21,1,2,0,104,46,37,55.4
Samu Costa,POR,MF,Mallorca,23,2000,29.4,10,1,1,62,63,2,20,32,44,0,0,0,129,68,40,63.0
Thibaut Courtois,BEL,GK,Real Madrid,32,1992,30.0,1,0,0,0,2,0,0,1,0,0,0,1,45,8,0,100.0
Juan Cruz Armada,ESP,DF,Osasuna,32,1992,16.6,4,0,0,16,2,2,11,9,14,0,1,0,46,9,10,47.4
Juan Cruz,ESP,"FW,MF",Leganés,24,2000,25.1,2,0,0,14,23,7,92,13,19,0,0,0,109,15,19,44.1
Pau Cubarsí,ESP,DF,Barcelona,17,2007,29.1,3,0,0,24,9,0,2,16,23,0,1,0,102,62,44,58.5
Cucho,COL,FW,Betis,25,1999,12.7,0,0,0,10,9,5,12,7,10,1,0,0,28,29,35,45.3
Arnaut Danjuma,NED,FW,Villarreal,27,1997,2.2,1,0,0,1,1,3,0,0,1,0,0,0,2,2,0,100.0
Arnaut Danjuma,NED,"FW,MF",Girona,27,1997,14.8,2,0,0,16,16,14,76,2,6,0,1,0,40,1,3,25.0
Sergi Darder,ESP,"MF,FW",Mallorca,30,1993,30.5,4,0,0,21,37,3,163,16,26,0,0,0,122,13,10,56.5
Rodrigo De Paul,ARG,MF,Atlético Madrid,30,1994,23.4,7,0,0,19,49,0,59,6,26,0,0,0,128,4,7,36.4
Mouctar Diakhaby,GUI,DF,Valencia,27,1996,7.3,0,0,0,2,4,0,1,11,3,0,0,0,23,18,5,78.3
Assane Diao,SEN,FW,Betis,18,2005,3.1,0,0,0,4,4,2,4,0,3,0,0,0,12,8,6,57.1
Moussa Diarra,MLI,DF,Alavés,23,2000,20.7,6,0,0,28,24,1,23,21,24,1,1,0,76,31,29,51.7
Brahim Díaz,MAR,"FW,MF",Real Madrid,24,1999,15.4,0,0,0,14,34,1,8,4,19,0,0,0,54,3,14,17.6
Daniel Díaz,ESP,MF,Real Sociedad,18,2006,0.1,0,0,0,1,0,0,0,0,1,0,0,0,0,1,0,100.0
Pedro Díaz,ESP,MF,Rayo Vallecano,26,1998,13.5,2,0,0,7,6,0,42,7,15,0,0,0,80,5,8,38.5
Diego,ESP,FW,Leganés,24,2000,13.3,2,0,0,22,23,7,5,2,1,1,0,0,25,43,83,34.1
Yan Diomandé,CIV,"MF,FW",Leganés,17,2006,6.1,1,0,0,8,16,2,12,8,9,0,0,0,41,3,12,20.0
Álvaro djaló,ESP,FW,Athletic Club,24,1999,7.3,2,0,0,19,14,5,14,1,5,0,0,0,28,10,19,34.5
Marko Dmitrović,SRB,GK,Leganés,32,1992,32.0,0,0,0,1,6,0,0,0,1,0,1,0,37,13,0,100.0
Marc Domenech,ESP,"FW,MF",Mallorca,18,2006,3.4,0,0,0,5,1,0,4,0,4,0,0,0,8,8,7,53.3
Carlos Dominguez,ESP,DF,Celta Vigo,23,2001,13.1,1,0,0,8,10,0,0,13,11,0,0,1,45,28,15,65.1
Israel Domínguez,ESP,FW,Sevilla,21,2003,0.2,0,0,0,0,1,1,0,0,0,0,0,0,0,0,1,0.0
Sergi Dominguez,ESP,DF,Barcelona,19,2005,1.9,1,0,0,2,0,0,0,3,1,0,1,0,8,1,3,25.0
Anastasios Douvikas,GRE,FW,Celta Vigo,24,1999,7.8,2,0,0,10,27,9,1,3,4,0,0,0,15,14,23,37.8
Domingos Duarte,POR,DF,Getafe,29,1995,20.7,4,2,1,24,13,0,0,18,15,0,2,0,63,28,18,60.9
Duk,CPV,"MF,FW",Leganés,24,2000,2.0,1,0,0,5,13,0,8,1,4,0,0,0,11,2,5,28.6
Pablo Durán,ESP,"FW,MF",Celta Vigo,23,2001,15.5,3,0,0,32,18,7,18,8,9,0,0,0,46,13,32,28.9
Hugo Duro,ESP,FW,Valencia,24,1999,24.1,5,0,0,38,50,7,7,10,8,2,1,1,46,59,101,36.9
Chidera Ejuke,NGA,FW,Sevilla,26,1998,10.7,0,0,0,6,16,4,22,5,13,0,0,0,63,4,9,30.8
Aritz Elustondo,ESP,DF,Real Sociedad,30,1994,16.2,2,1,0,25,18,1,4,11,11,0,0,0,53,29,25,53.7
Adri Embarba,ESP,"FW,MF",Rayo Vallecano,32,1992,17.9,4,0,0,25,21,14,114,13,20,0,0,0,67,13,33,28.3
Endrick,BRA,FW,Real,Madrid 18,2006,4.0,1,0,0,10,9,2,2,4,1,1,0,0,7,6,4,60.0
Alfonso Espino,URU,DF,Rayo Vallecano,32,1992,9.3,4,0,0,18,15,0,24,12,24,0,1,0,55,14,11,56.0
Dario Essugo,POR,MF,Las Palmas,19,2005,21.5,11,2,2,37,30,0,1,42,45,0,1,0,118,30,32,48.4
Etienne Eto'o,CMR,FW,Rayo Vallecano,21,2002,0.4,0,0,0,0,0,1,0,0,0,0,0,0,0,6,2,75.0
Karl Etta,CMR,"MF,FW",Villarreal,20,2003,0.4,0,0,0,0,1,0,0,0,0,0,0,0,0,1,0,100.0
Edu Expósito,ESP,MF,Espanyol,27,1996,11.6,3,0,0,14,22,2,66,15,13,0,0,0,63,11,11,50.0
Abde Ezzalzouli,MAR,"FW,MF",Betis,22,2001,22.0,2,0,0,23,38,4,49,7,25,2,0,0,102,26,37,41.3
Ansu Fati,ESP,FW,Barcelona,21,2002,2.6,1,0,0,2,2,2,0,1,1,0,0,0,7,2,7,22.2
Nabil Fekir,FRA,MF,Betis,31,1993,2.0,0,0,0,3,7,0,10,0,2,0,0,0,3,0,2,0.0
Kiko Femenía,ESP,DF,Villarreal,33,1991,24.7,7,0,0,21,13,1,47,40,34,0,0,0,102,5,12,29.4
Álvaro Fernández,ESP,GK,Sevilla,26,1998,8.3,2,0,0,0,2,0,0,0,0,0,0,0,11,2,0,100.0
Pelayo Fernandez,ESP,DF,Rayo Vallecano,21,2003,1.1,1,0,0,2,0,0,0,2,0,0,0,0,4,3,3,50.0
Roberto Férnandez,ESP,FW,Espanyol,22,2002,16.6,1,0,0,28,25,9,2,3,4,1,0,0,33,34,54,38.6
Valery Fernández,ESP,"MF,FW",Mallorca,24,1999,3.4,1,0,0,3,1,1,3,0,7,0,0,0,19,1,4,20.0
André Ferreira,POR,GK,Valladolid,28,1996,6.0,0,0,0,0,0,0,0,0,0,0,0,0,6,0,1,0.0
Mateo Flores,ESP,MF,Betis,20,2004,1.7,1,0,0,4,1,0,1,2,1,0,0,0,12,0,2,0.0
Pablo Fornals,ESP,"MF,FW",Betis,28,1996,20.3,2,0,0,12,14,3,54,23,13,0,0,0,114,18,21,46.2
Héctor Fort,ESP,DF,Barcelona,17,2006,6.5,2,0,0,8,1,0,12,6,8,0,0,0,32,3,7,30.0
Dimitri Foulquier,FRA,DF,Valencia,31,1993,25.5,6,0,0,24,31,1,57,16,31,0,0,0,97,13,20,39.4
Juan Foyth,ARG,DF,Villarreal,26,1998,16.9,4,0,0,16,5,0,4,19,15,0,0,0,61,41,28,59.4
Alejandro Francés,ESP,DF,Girona,21,2002,13.0,2,0,0,20,14,1,25,17,24,0,0,0,37,6,13,31.6
Jorge de Frutos,ESP,"FW,MF",Rayo Vallecano,27,1997,27.7,3,1,0,41,33,9,69,19,21,0,0,0,111,15,24,38.5
Manuel Fuster,ESP,"FW,MF",Las Palmas,26,1997,11.1,2,0,0,12,37,1,67,4,11,0,0,0,63,3,13,18.8
Javi Galán,ESP,DF,Atlético Madrid,29,1994,19.8,8,0,0,38,35,4,57,12,31,0,1,0,71,25,25,50.0
Conor Gallagher,ENG,MF,Atlético Madrid,24,2000,18.1,2,0,0,32,39,1,13,20,32,1,0,0,107,9,21,30.0
Facundo Garcés,MAS,DF,Alavés,24,1999,7.5,2,0,0,7,2,0,1,5,2,0,1,0,14,13,14,48.1
Álvaro García,ESP,"FW,MF",Rayo Vallecano,31,1992,28.4,4,0,0,18,19,16,109,32,24,1,1,0,94,9,18,33.3
Fran Garcia,ESP,DF,Real Madrid,24,1999,24.1,0,0,0,13,22,4,66,28,36,0,0,0,106,17,21,44.7
Gonzalo García,ESP,"FW,DF",Real Madrid,20,2004,0.6,0,0,0,0,0,0,0,0,0,0,0,0,1,1,0,100.0
Joan García,ESP,GK,Espanyol,23,2001,38.0,2,0,0,0,7,0,0,0,0,0,0,0,35,21,1,95.5
Rubén García,ESP,"FW,MF",Osasuna,31,1993,26.8,2,0,0,36,31,10,136,15,31,1,0,0,122,28,37,43.1
Unai García,ESP,DF,Osasuna,32,1992,0.7,0,0,0,3,3,0,0,0,0,0,0,0,2,1,5,16.7
Yarek Gasiorowski,ESP,DF,Valencia,19,2005,10.5,1,0,0,5,2,0,3,26,16,0,0,0,40,24,13,64.9
Gavi,ESP,"MF,FW",Barcelona,19,2004,12.1,4,0,0,38,26,1,9,10,21,0,0,0,61,21,26,44.7
Paulo Gazzaniga,ARG,GK,Girona,32,1992,35.5,4,0,0,1,3,0,0,0,1,0,0,0,47,1,2,33.3
Bryan Gil,ESP,"FW,MF",Girona,23,2001,19.1,4,0,0,22,40,4,78,10,20,0,0,0,78,0,5,0.0
Dani Gómez,ESP,FW,Valencia,26,1998,5.9,0,0,0,7,8,10,0,2,2,0,0,0,14,7,24,22.6
Moi Gómez,ESP,"MF,FW",Osasuna,30,1994,8.8,1,0,0,14,6,1,28,6,9,0,0,1,66,7,12,36.8
Sergi Gómez,ESP,DF,Espanyol,32,1992,7.4,1,0,0,6,1,0,1,7,5,0,0,0,15,11,22,33.3
Sergio Gómez,ESP,"MF,DF",Real Sociedad,23,2000,30.4,4,0,0,29,16,9,231,19,39,0,1,0,146,20,22,47.6
Unai Gómez,ESP,"MF,FW",Athletic Club,21,2003,14.3,1,0,0,12,18,0,23,2,8,0,0,0,42,29,31,48.3
Fabio González,ESP,MF,Las Palmas,27,1997,0.6,0,0,0,1,0,0,1,0,0,0,0,0,3,1,0,100.0
Peter González,DOM,"MF,FW",Getafe,22,2002,5.3,1,0,0,9,10,2,14,2,6,0,0,0,20,10,13,43.5
Urko González,ESP,MF,Espanyol,23,2001,15.3,2,0,0,15,11,1,3,8,28,0,1,0,71,20,15,57.1
Urko González,ESP,MF,Real Sociedad,23,2001,0.5,1,0,0,1,0,0,1,0,0,0,0,0,0,0,2,0.0
Andoni Gorosabel,ESP,DF,Athletic Club,27,1996,16.5,5,0,0,24,4,1,41,18,28,0,0,0,56,20,28,41.7
José Gragera,ESP,MF,Espanyol,23,2000,6.3,0,0,0,18,8,0,0,5,16,0,0,0,18,11,5,68.8
Dominik Greif,SVK,GK,Mallorca,27,1997,31.0,1,0,0,0,3,0,0,0,0,0,0,0,42,7,2,77.8
Antoine Griezmann,FRA,"FW,MF",Atlético Madrid,33,1991,27.4,2,0,0,11,26,14,138,6,17,0,0,0,93,21,23,47.7
Florian Grillitsch,AUT,MF,Valladolid,28,1995,6.9,1,0,0,6,12,0,6,4,7,0,0,0,42,5,4,55.6
Vicente Guaita,ESP,GK,Celta Vigo,37,1987,34.0,0,0,0,0,5,0,0,0,0,0,0,0,75,10,0,100.0
Sergi Guardiola,ESP,FW,Rayo Vallecano,33,1991,4.0,1,0,0,9,7,2,4,1,3,0,0,0,7,6,12,33.3
Nemanja Gudelj,SRB,"MF,DF",Sevilla,32,1991,27.7,6,0,0,26,14,0,31,27,24,0,0,0,74,46,26,63.9
Javier Guerra,ESP,MF,Valencia,21,2003,28.7,5,0,0,34,30,1,45,20,27,0,0,0,168,17,18,48.6
Ander Guevara,ESP,MF,Alavés,27,1997,21.6,3,0,0,39,18,0,5,14,30,0,0,0,120,30,39,43.5
Pape Gueye,SEN,MF,Villarreal,25,1999,24.7,6,2,1,31,62,4,20,27,26,0,1,0,126,31,23,57.4
Hugo Guillamón,ESP,MF,Valencia,24,2000,4.0,2,0,0,6,4,1,1,5,8,0,0,0,21,5,4,55.6
Carlos Guirao,ESP,MF,Betis,21,2003,1.2,0,0,0,4,0,0,0,3,3,0,0,0,6,2,1,66.7
Arda Güler,TUR,"MF,FW",Real Madrid,19,2005,13.9,1,0,0,15,31,4,57,7,16,1,0,0,56,7,11,38.9
Gerard Gumbau,ESP,MF,Rayo Vallecano,29,1994,9.4,4,0,0,21,11,2,38,5,12,0,0,0,27,17,22,43.6
Jon Guridi,ESP,"MF,FW",Alavés,29,1995,23.1,6,0,0,35,14,5,17,14,22,0,1,0,86,47,66,41.6
Gorka Guruzeta,ESP,FW,Athletic Club,27,1996,20.4,2,0,0,40,21,7,5,9,8,0,0,0,61,36,69,34.3
Munir El Haddadi,MAR,"FW,MF",Leganés,28,1995,9.6,1,1,0,14,39,7,13,1,9,0,0,0,33,10,24,29.4
Sébastien Haller,CIV,FW,Leganés,30,1994,4.5,0,0,0,4,5,7,0,0,0,0,0,0,10,26,17,60.5
Henrique,BRA,DF,Valladolid,30,1994,3.9,0,0,0,5,9,0,3,3,2,0,1,0,9,1,2,33.3
Javi Hernández,ESP,DF,Leganés,26,1998,26.5,6,0,0,49,16,5,52,23,15,0,0,0,112,21,23,47.7
Aridane Hernández,ESP,DF,Rayo Vallecano,35,1989,11.4,1,0,0,5,10,0,0,6,11,0,0,1,48,40,19,67.8
Jorge Herrando,ESP,DF,Osasuna,23,2001,15.2,3,0,0,25,2,0,2,12,11,0,1,0,36,29,11,72.5
Ander Herrera,ESP,MF,Athletic Club,34,1989,3.0,2,0,0,6,3,0,1,2,4,0,0,0,14,3,2,60.0
Sergio Herrera,ESP,GK,Osasuna,31,1993,37.0,5,0,0,1,4,0,0,0,1,0,1,0,33,5,1,83.3
Yangel Herrera,VEN,MF,Girona,26,1998,25.1,10,1,0,72,68,5,44,31,39,1,0,0,106,50,45,52.6
Juan Herzog,ESP,DF,Las Palmas,21,2003,14.6,1,0,0,6,7,0,0,18,12,0,0,0,41,44,25,63.8
Omar El Hilali,MAR,DF,Espanyol,20,2003,35.0,11,0,0,52,30,7,57,46,79,0,2,0,132,36,30,54.5
Roger Hinojo,ESP,DF,Espanyol,19,2005,0.1,0,0,0,0,0,0,2,0,0,0,0,0,0,0,2,0.0
Pablo Ibáñez,ESP,MF,Osasuna,25,1998,14.4,4,0,0,28,29,0,13,18,10,0,0,0,56,19,24,44.2
Stanis Idumbo,BEL,"FW,MF",Sevilla,19,2005,3.2,0,0,0,1,7,0,0,4,5,0,0,0,19,1,0,100.0
Iglesias,ESP,DF,Getafe,26,1998,32.1,4,0,0,45,41,1,84,50,47,0,0,0,107,35,38,47.9
Borja Iglesias,ESP,FW,Celta Vigo,31,1993,21.7,2,0,0,40,34,14,6,7,9,2,0,0,46,14,27,34.1
Kelechi Iheanacho,NGA,FW,Sevilla,27,1996,4.4,0,0,0,5,1,7,0,0,0,0,0,0,7,2,8,20.0
Isco,ESP,MF,Betis,32,1992,17.2,5,0,0,23,44,4,92,11,13,0,0,0,71,13,21,38.2
Diego Iturralde,ESP,FW,Sevilla,21,2003,0.4,0,0,0,1,1,0,0,1,0,0,0,0,1,1,0,100.0
Ivan Jaime Pajuelo,ESP,MF,Valencia,23,2000,3.3,0,0,0,8,10,1,6,2,5,0,0,0,19,4,4,50.0
Karl Jakob Hein,EST,GK,Valladolid,22,2002,31.0,0,0,0,0,2,0,0,0,0,0,0,0,43,7,0,100.0
Adnan Januzaj,BEL,"MF,FW",Las Palmas,29,1995,6.6,5,0,0,5,22,0,65,2,6,0,0,0,30,4,14,22.2
Mikel Jauregizar,ESP,MF,Athletic Club,20,2003,24.9,4,1,0,46,42,0,27,29,48,1,0,0,144,34,35,49.3
John Joe,IRL,"MF,FW",Getafe,20,2003,0.5,1,0,0,1,2,0,0,0,0,0,0,0,3,2,2,50.0
Jofre,ESP,"MF,FW",Espanyol,23,2001,24.1,5,0,0,28,59,3,54,15,16,0,0,0,105,5,17,22.7
Frenkie de Jong,NED,MF,Barcelona,27,1997,12.7,3,0,0,14,18,0,6,12,11,0,1,0,57,10,7,58.8
Joan Jordán,ESP,MF,Alavés,30,1994,15.7,4,0,0,28,11,1,106,9,18,0,0,0,61,16,13,55.2
Juanmi,ESP,"FW,MF",Getafe,31,1993,7.7,2,0,0,19,10,6,0,2,11,0,0,0,23,6,8,42.9
Juanmi,ESP,"FW,MF",Betis,31,1993,2.7,2,0,0,6,7,1,1,1,4,0,0,0,14,6,1,85.7
Juanpe,ESP,DF,Girona,33,1991,8.1,2,0,0,4,2,0,1,8,5,0,0,0,22,25,9,73.5
Vinicius Júnior,BRA,FW,Real Madrid,24,2000,25.0,8,1,0,30,70,10,56,3,10,2,0,0,71,1,7,12.5
Stanko Jurić,CRO,MF,Valladolid,27,1996,19.2,7,1,1,38,9,0,0,24,24,0,0,0,92,50,22,69.4
Willy Kambwala,FRA,DF,Villarreal,19,2004,12.4,1,1,0,5,0,0,0,10,12,0,0,0,30,16,18,47.1
Abdoulaye Keita,ESP,"FW,MF",Getafe,21,2002,1.1,0,0,0,6,0,0,1,0,2,0,0,0,6,3,3,50.0
Kiké,ESP,FW,Alavés,34,1989,28.2,5,1,1,49,59,22,13,1,14,1,0,0,90,110,100,52.4
Koke,ESP,MF,Atlético,Madrid 32,1992,21.4,4,0,0,23,16,0,22,20,23,0,0,1,122,8,9,47.1
Jules Koundé,FRA,DF,Barcelona,25,1998,28.9,4,0,0,22,19,7,63,20,43,0,0,0,107,30,23,56.6
Alex Král,CZE,MF,Espanyol,26,1998,30.2,1,0,0,31,23,0,38,28,37,0,0,0,127,38,28,57.6
Ladislav Krejčí,CZE,DF,Girona,25,1999,27.1,9,0,0,24,17,0,11,34,16,1,0,1,101,55,24,69.6
Takefusa Kubo,JPN,"MF,FW",Real Sociedad,23,2001,26.4,5,0,0,21,73,8,85,17,20,1,0,0,118,11,19,36.7
Marash Kumbulla,ALB,DF,Espanyol,24,2000,33.0,9,0,0,37,29,0,6,34,26,0,0,1,74,71,44,61.7
Yoel Lago,ESP,DF,Celta Vigo,20,2004,6.5,2,0,0,16,9,0,0,4,8,0,1,0,22,3,6,33.3
Cyle Larin,CAN,FW,Mallorca,29,1995,19.6,4,0,0,32,31,24,6,1,6,1,0,0,46,66,86,43.4
Juanmi Latasa,ESP,FW,Valladolid,23,2001,15.5,6,1,0,40,36,7,5,0,2,0,1,0,24,90,58,60.8
Toni Lato,ESP,DF,Mallorca,26,1997,6.9,1,1,0,12,3,2,23,6,11,0,0,0,30,6,7,46.2
Robin Le Normand,ESP,DF,Atlético Madrid,27,1996,23.9,8,0,0,35,24,3,1,10,18,0,1,0,82,54,39,58.1
Florian Lejeune,FRA,DF,Rayo Vallecano,33,1991,36.9,8,0,0,50,19,0,8,41,28,0,3,0,156,92,60,60.5
Iñigo Lekue,ESP,DF,Athletic Club,31,1993,8.6,1,0,0,5,2,0,16,9,12,0,0,0,39,6,2,75.0
Thomas Lemar,FRA,MF,Atlético Madrid,28,1995,0.9,0,0,0,1,2,0,3,0,1,0,0,0,3,0,1,0.0
Clément Lenglet,FRA,DF,Atlético Madrid,29,1995,21.9,9,0,0,29,19,2,4,22,17,0,2,0,74,37,38,49.3
Robert Lewandowski,POL,FW,Barcelona,35,1988,29.6,1,0,0,30,39,17,5,3,5,0,0,0,45,37,39,48.7
Samuel Lino,BRA,"MF,DF",Atlético Madrid,24,1999,17.2,3,0,0,15,30,3,41,8,17,1,0,0,85,13,12,52.0
Javier Llabrés,ESP,FW,Mallorca,21,2002,0.6,0,0,0,0,1,1,4,0,0,0,0,0,3,1,0,100.0
Diego Llorente,ESP,DF,Betis,30,1993,28.0,4,0,0,20,23,0,1,43,20,0,1,1,93,77,45,63.1
Giovani Lo Celso,ARG,"MF,FW",Betis,28,1996,16.2,4,0,0,13,63,0,95,5,22,0,0,0,76,5,11,31.3
Enzo Loiodice,FRA,MF,Las Palmas,23,2000,7.6,3,0,0,10,6,1,10,10,7,0,0,0,29,7,8,46.7
David López,ESP,DF,Mallorca,21,2003,1.9,0,0,0,0,0,0,0,1,2,0,0,0,2,2,5,28.6
David López,ESP,DF,Girona,34,1989,27.0,4,0,0,12,15,1,3,14,24,0,1,0,95,30,29,50.8
Diego López,ESP,"MF,FW",Valencia,22,2002,30.4,3,0,0,21,33,13,67,16,18,1,1,0,105,14,55,20.3
Fermin López,ESP,"MF,FW",Barcelona,21,2003,13.9,4,1,0,27,21,5,47,5,15,0,0,0,66,9,18,33.3
Javi López,ESP,DF,Real Sociedad,22,2002,21.5,4,0,0,30,27,1,60,11,23,0,0,0,92,10,19,34.5
Roberto López,ESP,MF,Leganés,24,2000,4.4,0,0,0,1,3,0,24,1,6,0,0,0,28,1,5,16.7
Unai López,ESP,MF,Rayo Vallecano,28,1995,19.0,9,1,0,18,21,1,33,21,21,0,0,0,117,10,18,35.7
Iker Losada,ESP,"FW,MF",Celta Vigo,22,2001,4.0,2,0,0,3,0,0,5,1,3,0,0,0,8,2,7,22.2
Iker Losada,ESP,"MF,FW",Betis,22,2001,3.7,0,0,0,1,2,0,4,3,7,0,0,0,19,3,4,42.9
Pol Lozano,ESP,MF,Espanyol,24,1999,21.6,12,0,0,56,14,0,19,22,34,0,0,0,86,10,16,38.5
José Luis Gayà,ESP,DF,Valencia,29,1995,20.0,7,0,0,28,14,3,84,25,40,0,0,0,93,10,11,47.6
Dodi Lukebakio,BEL,FW,Sevilla,26,1997,34.4,3,1,0,39,55,27,124,11,14,0,0,0,120,18,21,46.2
Andriy Lunin,UKR,GK,Real Madrid,25,1999,7.0,0,0,0,0,1,0,0,0,0,0,0,0,14,2,0,100.0
Darwin Machís,VEN,"MF,FW",Valladolid,31,1993,7.1,0,0,0,4,14,2,68,5,4,0,0,0,34,6,2,75.0
Pablo Maffeo,ESP,DF,Mallorca,27,1997,26.3,7,0,0,22,37,1,96,25,40,0,0,0,107,21,18,53.8
Jon Magunazelaia,ESP,MF,Real Sociedad,23,2001,0.1,0,0,0,1,1,0,0,0,1,0,0,0,5,3,0,100.0
Giorgi Mamardashvili,GEO,GK,Valencia,23,2000,34.0,2,0,0,1,6,0,0,1,2,0,1,0,29,4,2,66.7
Reinildo Mandava,MOZ,DF,Atlético Madrid,30,1994,10.5,4,0,0,19,18,1,8,16,11,0,1,0,52,10,14,41.7
Javier Manquillo,ESP,DF,Celta Vigo,30,1994,5.7,1,0,0,9,1,0,3,7,5,0,0,0,18,5,8,38.5
Marcão,BRA,DF,Sevilla,28,1996,6.1,6,1,1,9,10,0,0,7,7,0,1,0,27,14,5,73.7
Óscar de Marcos,ESP,DF,Athletic Club,35,1989,17.4,0,0,0,16,5,1,55,16,15,0,0,0,89,8,12,40.0
José María Giménez,URU,DF,Atlético Madrid,29,1995,22.2,5,0,0,13,12,0,0,27,16,0,0,1,78,38,37,50.7
Arkaitz Mariezkurrena,ESP,"FW,MF",Real Sociedad,19,2005,2.7,1,0,0,13,1,0,5,1,0,0,0,0,10,4,3,57.1
Pablo Marín,ESP,MF,Real Sociedad,21,2003,13.8,3,0,0,19,16,0,12,5,17,0,1,0,62,18,26,40.9
Mika Mármol,ESP,DF,Las Palmas,23,2001,26.7,5,0,0,33,8,3,57,38,29,0,1,0,78,28,21,57.1
Mario Maroto,ESP,MF,Valladolid,20,2003,0.7,0,0,0,2,0,0,2,2,0,0,0,0,2,1,1,50.0
Carlos Martín,ESP,"FW,MF",Alavés,22,2002,14.8,3,0,0,32,28,6,24,5,21,0,0,0,55,15,19,44.1
Diego Martín,ESP,FW,Las Palmas,20,2003,0.4,0,0,0,0,1,0,4,0,1,0,0,0,1,0,3,0.0
Gerard Martín,ESP,DF,Barcelona,22,2002,11.5,2,0,0,14,9,0,36,13,10,0,0,0,42,14,6,70.0
Iván Martín,ESP,MF,Girona,25,1999,22.7,1,0,0,21,14,4,21,11,19,0,0,0,110,4,18,18.2
Jon Martin,ESP,DF,Real Sociedad,18,2006,10.0,2,0,0,20,0,0,0,7,9,0,0,0,22,53,9,85.5
Mario Martín,ESP,MF,Valladolid,20,2004,19.4,8,3,1,50,44,1,11,21,32,0,1,0,83,31,34,47.7
Iñigo Martínez,ESP,DF,Barcelona,33,1991,27.7,5,0,0,18,28,0,8,18,14,1,0,0,126,58,33,63.7
Ramón Martínez,ESP,DF,Sevilla,21,2002,2.9,0,0,0,1,1,0,0,2,3,0,0,0,5,7,3,70.0
Toni Martínez,ESP,FW,Alavés,27,1997,11.2,1,0,0,17,13,8,7,1,7,0,1,0,30,79,68,53.7
Javi Martón,ESP,"FW,MF",Athletic Club,25,1999,0.6,1,0,0,1,0,1,0,0,0,0,0,0,2,2,1,66.7
Omar Mascarell,EQG,MF,Mallorca,31,1993,22.1,5,1,0,30,13,0,5,49,13,0,0,0,90,44,25,63.8
Jaime Mata,ESP,"FW,MF",Las Palmas,35,1988,7.3,9,0,0,20,14,12,9,3,2,0,0,0,18,26,30,46.4
Borja Mayoral,ESP,FW,Getafe,27,1997,12.4,0,0,0,9,15,12,9,2,4,0,0,0,36,17,41,29.3
Kylian Mbappé,FRA,FW,Real Madrid,25,1998,32.3,3,1,0,25,40,44,35,1,5,3,0,0,36,4,6,40.0
Oliver McBurnie,SCO,FW,Las Palmas,28,1996,20.4,3,0,0,32,19,9,2,6,7,0,0,0,40,87,93,48.3
Scott McKenna,SCO,DF,Las Palmas,27,1996,27.4,5,1,0,13,8,1,2,9,13,0,1,1,69,85,44,65.9
Mateo Mejía,ESP,FW,Sevilla,21,2003,0.1,0,0,0,0,1,0,0,0,0,0,0,0,0,1,0,100.0
Arthur Melo,BRA,MF,Girona,27,1996,10.5,2,0,0,16,27,0,7,8,11,0,0,0,49,0,3,0.0
Brais Méndez,ESP,MF,Real Sociedad,27,1997,17.0,4,0,0,41,45,9,52,7,13,0,0,0,76,18,27,40.0
Ferland Mendy,FRA,DF,Real Madrid,29,1995,11.2,1,1,0,5,7,0,1,9,14,0,0,0,36,4,2,66.7
Nobel Mendy,FRA,DF,Betis,19,2004,1.2,1,0,0,1,1,0,0,4,0,0,0,0,7,1,0,100.0
Víctor Meseguer,ESP,MF,Valladolid,25,1999,4.6,1,0,0,8,5,0,3,2,6,0,0,0,25,10,8,55.6
Miguel,ESP,FW,Leganés,24,1999,19.2,3,0,0,23,30,12,9,4,7,0,0,0,27,29,96,23.2
Éder Militão,BRA,DF,Real Madrid,26,1998,10.4,2,0,0,18,8,0,2,12,17,0,0,0,44,21,12,63.6
Luis Milla,ESP,MF,Getafe,29,1994,31.9,6,0,0,38,48,0,201,24,40,0,1,0,168,31,35,47.0
Pere Milla,ESP,"MF,FW",Espanyol,31,1992,5.1,3,0,0,5,12,2,14,3,2,0,0,0,25,11,8,57.9
Óscar Mingueza,ESP,"MF,DF",Celta Vigo,25,1999,30.3,6,1,0,24,31,2,139,22,24,1,0,0,138,11,11,50.0
Kim Minsu,KOR,"MF,FW",Girona,18,2006,0.2,0,0,0,0,1,0,0,0,0,0,0,0,1,0,1,0.0
Bojan Miovski,MKD,FW,Girona,25,1999,9.7,0,0,0,13,11,8,3,2,5,1,0,0,13,13,22,37.1
Rafa Mir,ESP,"FW,MF",Valencia,27,1997,8.4,4,0,0,13,7,5,7,5,6,0,0,0,18,12,21,36.4
Luka Modrić,CRO,MF,Real Madrid,38,1985,20.3,7,0,0,23,19,2,112,27,20,0,0,0,105,6,13,31.6
Johan Mojica,COL,DF,Mallorca,31,1992,30.6,5,0,0,18,24,0,143,26,23,1,2,0,181,9,18,33.3
Alberto Moleiro,ESP,"FW,MF",Las Palmas,20,2003,30.2,5,0,0,31,40,2,32,18,12,0,0,0,132,5,22,18.5
Nahuel Molina,ARG,DF,Atlético Madrid,26,1998,17.7,1,0,0,13,8,4,55,13,19,0,0,0,66,10,12,45.5
Jon Moncayola,ESP,MF,Osasuna,26,1998,23.3,8,0,0,34,9,0,107,11,41,0,0,0,91,15,16,48.4
Gerard Moreno,ESP,FW,Villarreal,32,1992,8.0,0,0,0,10,11,1,10,2,4,1,0,0,25,17,4,81.0
Xavier Moreno,ESP,FW,Valladolid,19,2004,0.5,0,0,0,0,1,0,2,0,0,0,0,0,1,1,0,100.0
Mateu Morey,ESP,DF,Mallorca,24,2000,8.2,1,0,0,17,10,1,16,15,18,0,0,0,41,8,6,57.1
Ilaix Moriba,GUI,MF,Celta Vigo,21,2003,23.7,9,1,1,32,58,2,6,14,42,1,0,0,108,24,25,49.0
Manu Morlanes,ESP,MF,Mallorca,25,1999,14.9,7,0,0,15,13,0,8,24,27,0,0,0,79,10,16,38.5
Raúl Moro,ESP,"MF,FW",Valladolid,21,2002,26.0,2,0,0,4,16,12,149,10,13,0,0,0,85,8,16,33.3
Cristhian Mosquera,ESP,DF,Valencia,20,2004,36.9,6,0,0,14,26,0,2,35,36,0,3,0,190,41,51,44.6
Santiago Mouriño,URU,DF,Alavés,22,2002,20.5,7,0,0,32,23,1,4,29,28,1,0,0,85,38,28,57.6
Abdul Mumin,GHA,DF,Rayo Vallecano,26,1998,22.4,6,1,0,22,12,0,6,23,25,0,0,0,93,31,25,55.4
Aihen Muñoz,ESP,DF,Real Sociedad,26,1997,12.2,5,0,0,15,12,0,35,14,12,0,1,0,43,23,17,57.5
Álex Muñoz,ESP,DF,Las Palmas,30,1994,15.7,3,0,0,30,14,2,27,16,29,0,1,0,35,24,21,53.3
Iker Muñoz,ESP,MF,Osasuna,21,2002,6.8,2,0,0,12,14,0,7,4,2,0,0,0,28,10,12,45.5
Javier Muñoz,ESP,"MF,DF",Las Palmas,29,1995,28.8,5,0,0,30,26,2,51,31,35,0,0,0,112,15,26,36.6
Vedat Muriqi,KVX,FW,Mallorca,30,1994,22.9,1,2,0,29,41,19,10,7,5,1,1,1,49,135,98,57.9
Matija Nastasić,SRB,DF,Leganés,31,1993,23.4,3,0,0,15,8,2,0,21,11,1,2,0,50,39,17,69.6
Natan,BRA,DF,Betis,23,2001,24.2,5,1,0,19,13,0,2,28,24,0,0,0,75,65,30,68.4
Pau Navarro,ESP,DF,Villarreal,19,2005,10.2,1,0,0,10,8,0,2,4,17,0,0,0,46,9,14,39.1
Roberto Navarro,ESP,"MF,FW",Mallorca,22,2002,14.2,3,0,0,14,21,2,29,19,22,0,0,0,94,5,9,35.7
Jesús Navas,ESP,"FW,MF",Sevilla,38,1985,4.7,0,0,0,1,4,3,33,4,2,0,0,0,10,5,5,50.0
Yvan Neyou,CMR,MF,Leganés,27,1997,25.7,14,0,0,33,50,0,15,26,33,0,0,0,121,22,19,53.7
Tanguy Nianzou,FRA,DF,Sevilla,22,2002,5.8,3,1,1,10,5,0,0,8,5,0,0,1,9,17,2,89.5
Saúl Ñíguez,ESP,MF,Sevilla,29,1994,17.3,8,1,0,44,11,1,19,22,32,0,1,0,86,40,33,54.8
Tamás Nikitscher,HUN,"MF,DF",Valladolid,24,1999,9.5,2,0,0,18,9,0,1,11,8,0,0,0,34,15,9,62.5
Adrian Niño,ESP,FW,Atlético Madrid,20,2004,0.1,0,0,0,0,0,0,0,0,0,0,0,0,0,0,1,0.0
Randy Nteka,ANG,FW,Rayo Vallecano,26,1997,12.5,6,0,0,39,15,16,4,4,5,0,0,0,26,41,51,44.6
Unai Núñez,ESP,DF,Athletic Club,27,1997,7.2,4,0,0,10,5,1,0,17,5,0,0,0,28,13,12,52.0
Ørjan Nyland,NOR,GK,Sevilla,33,1990,29.7,2,0,0,1,2,0,0,0,2,0,0,0,28,7,0,100.0
Jan Oblak,SVN,GK,Atlético Madrid,31,1993,36.0,0,0,0,0,2,0,0,0,0,0,0,0,29,3,0,100.0
Lucas Ocampos,ARG,FW,Sevilla,30,1994,1.9,0,0,0,3,2,0,4,0,2,0,0,0,6,3,4,42.9
Álvaro Odriozola,ESP,DF,Real Sociedad,28,1995,0.5,1,0,0,2,1,0,1,0,1,0,0,0,2,1,0,100.0
Aingeru Olabarrieta,ESP,FW,Athletic Club,18,2005,0.6,0,0,0,1,0,0,4,1,0,0,0,0,4,1,0,100.0
Olasagasti,ESP,MF,Real,Sociedad 23,2000,9.5,2,0,0,15,7,0,10,15,10,0,0,0,42,12,22,35.3
Brian Oliván,ESP,DF,Espanyol,30,1994,11.3,2,0,0,13,6,3,55,10,10,0,0,0,28,3,10,23.1
Lucas Oliveira Rosa,BRA,DF,Valladolid,24,2000,21.0,6,0,0,35,19,1,36,28,33,0,0,0,87,18,10,64.3
Dani Olmo,ESP,"MF,FW",Barcelona,26,1998,13.5,1,0,0,21,27,1,21,3,11,3,0,0,46,9,9,50.0
Aimar Oroz,ESP,MF,Osasuna,22,2001,33.0,8,0,0,28,64,5,29,20,19,0,0,0,164,18,22,45.0
Ángel Ortíz,ESP,DF,Betis,20,2004,3.9,0,0,0,6,6,0,19,5,8,0,0,0,16,5,7,41.7
Gabriel Osei Misehouy,NED,"FW,MF",Girona,19,2005,2.9,0,0,0,1,5,2,6,0,1,0,0,0,11,0,3,0.0
Mikel Oyarzabal,ESP,FW,Real Sociedad,27,1997,25.0,4,1,0,14,22,18,10,4,16,1,0,0,48,32,73,30.5
Cenk Özkacar,TUR,DF,Valladolid,23,2000,8.4,1,0,0,5,1,0,0,18,5,0,1,0,30,11,15,42.3
Jon Pacheco,ESP,DF,Real Sociedad,23,2001,9.5,3,0,0,18,5,0,0,9,9,0,0,0,35,19,17,52.8
Alex Padilla,ESP,GK,Athletic Club,20,2003,3.6,0,0,0,0,1,0,0,0,0,0,0,1,4,1,0,100.0
Isaac Palazón Camacho,ESP,"MF,FW",Rayo Vallecano,29,1994,24.0,5,0,0,39,53,3,111,8,17,0,0,0,102,18,40,31.0
Aitor Paredes,ESP,DF,Athletic Club,24,2000,20.1,4,1,1,23,6,0,1,22,13,0,1,0,62,30,29,50.8
Daniel Parejo,ESP,MF,Villarreal,35,1989,25.3,8,0,0,20,37,1,37,24,40,0,0,0,142,24,9,72.7
Álvaro Pascual,ESP,FW,Sevilla,22,2002,4.5,1,0,0,11,5,1,3,2,3,0,0,0,12,11,17,39.3
Pedri,ESP,MF,Barcelona,21,2002,32.0,3,0,0,10,51,2,58,26,34,0,0,0,254,7,6,53.8
Adrià Pedrosa,ESP,DF,Sevilla,26,1998,25.5,7,0,0,38,19,3,97,24,32,0,0,0,100,11,28,28.2
Andy Pelmard,FRA,DF,Las Palmas,24,2000,2.3,1,0,0,2,3,0,2,2,0,0,0,0,4,1,1,50.0
Iñaki Peña,ESP,GK,Barcelona,25,1999,15.5,1,0,0,0,0,0,0,0,0,0,0,0,65,1,0,100.0
Rubén Peña,ESP,"FW,DF",Osasuna,33,1991,8.6,1,0,0,12,7,0,52,6,5,1,0,0,33,7,15,31.8
Nicolas Pépé,CIV,"FW,MF",Villarreal,29,1995,16.7,3,0,0,20,25,8,44,5,9,1,0,0,53,16,18,47.1
Peque,ESP,"MF,FW",Sevilla,21,2002,12.6,1,0,0,22,26,2,10,8,5,0,1,0,41,8,26,23.5
Ayoze Pérez,ESP,FW,Villarreal,31,1993,21.9,4,0,0,22,39,6,15,8,14,0,0,0,56,13,32,28.9
Carles Pérez,ESP,"MF,FW",Getafe,26,1998,15.9,2,0,0,44,11,1,42,6,23,0,0,0,50,13,27,32.5
Francisco Perez,ESP,"FW,MF",Valencia,21,2002,6.3,1,0,0,6,12,0,27,3,12,0,0,0,27,5,7,41.7
Kike Pérez,ESP,MF,Valladolid,27,1997,13.2,6,0,0,32,21,1,33,7,26,0,0,0,60,12,15,44.4
Luis Pérez,ESP,DF,Valladolid,29,1995,28.4,2,0,0,13,25,3,105,29,30,0,1,0,77,15,34,30.6
Romain Perraud,FRA,DF,Betis,26,1997,22.2,8,1,0,26,44,5,71,22,22,0,1,0,95,9,17,34.6
Pica,ESP,DF,Alavés,22,2002,5.5,1,0,0,6,3,0,2,9,7,0,0,0,13,18,11,62.1
Yeremi Pino,ESP,"MF,FW",Villarreal,21,2002,21.5,11,0,0,49,30,15,47,8,32,1,0,0,93,12,16,42.9
Portu,ESP,"FW,MF",Girona,32,1992,8.7,4,0,0,14,10,7,26,0,7,0,0,0,24,10,12,45.5
Beñat Prados,ESP,MF,Athletic Club,23,2001,19.1,7,0,0,40,15,0,9,28,36,0,0,0,91,29,22,56.9
Abdón Prats,ESP,"FW,MF",Mallorca,31,1992,5.1,4,0,0,6,19,2,0,1,1,1,0,0,13,19,32,37.3
Javi Puado,ESP,"FW,MF",Espanyol,26,1998,33.0,8,0,0,22,27,6,27,5,17,1,0,0,105,9,30,23.1
Dani Raba,ESP,"FW,MF",Leganés,28,1995,20.9,6,0,0,40,56,9,90,14,23,1,0,0,90,5,15,25.0
Antonio Raillo,ESP,DF,Mallorca,32,1991,35.6,7,1,0,50,9,2,3,29,18,0,0,0,104,132,84,61.1
Sandro Ramírez,ESP,"FW,MF",Las Palmas,29,1995,22.6,6,0,0,26,43,5,122,16,15,1,1,0,93,12,16,42.9
Jacobo Ramón,ESP,DF,Real Madrid,19,2005,2.3,1,0,0,2,1,0,0,3,3,0,0,0,5,8,7,53.3
Raphinha,BRA,"FW,MF",Barcelona,27,1996,31.5,4,0,0,11,37,10,215,11,22,2,0,0,94,9,6,60.0
Andrei Ratiu,ROU,DF,Rayo Vallecano,26,1998,34.1,5,0,0,24,21,5,77,27,41,0,0,0,169,20,33,37.7
Raúl,ESP,"FW,MF",Osasuna,23,2000,8.3,1,0,0,11,12,6,6,0,8,0,0,0,14,20,22,47.6
Abderrahman Rebbach,ALG,"FW,MF",Alavés,25,1998,4.3,1,0,0,5,6,2,17,0,2,0,0,0,16,1,11,8.3
Álex Remiro,ESP,GK,Real Sociedad,29,1995,36.0,0,0,0,0,6,0,0,0,0,0,0,0,64,5,0,100.0
Diego Rico,ESP,DF,Getafe,31,1993,31.3,9,1,0,38,56,3,148,34,49,1,0,0,132,26,19,57.8
Luis Rioja,ESP,"MF,FW",Valencia,30,1993,31.5,6,0,0,18,38,11,203,22,21,0,0,0,111,15,22,40.5
Rodrigo Riquelme,ESP,"MF,DF",Atlético Madrid,24,2000,5.7,0,0,0,8,8,4,34,2,5,0,0,0,21,3,3,50.0
Alberto Risco,ESP,"MF,FW",Getafe,18,2005,0.8,0,0,0,1,2,0,4,0,4,0,0,0,5,1,3,25.0
Marc Roca,ESP,MF,Betis,27,1996,10.1,4,0,0,16,5,0,10,14,14,0,0,0,51,5,13,27.8
Rodri,ESP,FW,Betis,24,2000,1.3,0,0,0,2,2,1,6,1,1,0,0,0,10,0,2,0.0
Álvaro Rodríguez,URU,FW,Getafe,20,2004,9.5,6,0,0,30,19,6,5,3,7,0,0,0,31,104,84,55.3
Óscar Rodríguez Arnaiz,ESP,"MF,FW",Leganés,26,1998,14.8,6,1,0,19,25,1,55,20,17,1,1,0,56,12,24,33.3
Arturo Rodríguez,ESP,FW,Las Palmas,17,2006,0.2,0,0,0,0,0,0,2,0,0,0,0,0,1,0,1,0.0
Damián Rodríguez,ESP,MF,Celta Vigo,21,2003,10.3,3,0,0,13,9,0,30,7,9,0,0,0,49,0,4,0.0
Dani Rodríguez,ESP,"MF,FW",Mallorca,36,1988,24.0,5,0,0,51,40,8,116,12,29,0,0,0,70,27,37,42.2
James Rodríguez,COL,"MF,FW",Rayo Vallecano,33,1991,1.6,1,0,0,2,1,3,13,1,2,0,0,0,8,2,3,40.0
Javi Rodríguez,ESP,DF,Celta Vigo,21,2003,27.9,7,0,0,37,22,0,4,33,38,0,0,0,87,40,35,53.3
Jesus Rodríguez,ESP,FW,Betis,18,2005,12.3,0,0,0,17,38,2,18,6,14,1,0,0,58,3,8,27.3
Kirian Rodríguez,ESP,MF,Las Palmas,28,1996,19.5,2,0,0,9,18,0,18,10,17,0,0,0,100,13,17,43.3
Ricardo Rodríguez,SUI,DF,Betis,31,1992,14.2,0,0,0,12,6,0,15,8,15,0,0,0,55,27,17,61.4
Rodrygo,BRA,"FW,MF",Real,Madrid 23,2001,21.4,0,0,0,8,37,1,81,11,14,1,0,0,71,7,16,30.4
Carlos Romero,ESP,DF,Espanyol,22,2001,28.4,7,0,0,34,21,1,92,30,47,0,2,0,125,14,24,36.8
Isaac Romero,ESP,FW,Sevilla,24,2000,24.0,10,1,0,38,37,11,18,7,7,1,1,0,59,29,51,36.3
Luka Romero,ARG,"FW,MF",Alavés,19,2004,2.2,0,0,0,3,3,1,10,1,4,1,0,0,9,2,4,33.3
Oriol Romeu,ESP,MF,Girona,32,1991,15.1,5,0,0,28,18,0,8,12,25,0,1,0,71,13,18,41.9
Vitor Roque,BRA,FW,Betis,19,2005,13.7,4,0,0,30,30,5,6,7,6,2,0,0,35,15,29,34.1
Valentin Rosier,FRA,DF,Leganés,27,1996,28.8,8,0,0,44,18,8,39,52,52,0,0,0,121,26,17,60.5
Antonio Rüdiger,GER,DF,Real Madrid,31,1993,25.5,3,0,0,15,15,2,4,9,13,2,1,0,102,35,24,59.3
Abel Ruiz,ESP,FW,Girona,24,2000,15.0,3,0,0,7,13,5,4,5,2,0,0,0,21,9,19,32.1
Ferrán Ruiz,ESP,MF,Girona,21,2003,0.2,0,0,0,0,0,0,0,1,0,0,0,0,1,0,1,0.0
Youssouf Sabaly,SEN,DF,Betis,31,1993,17.6,1,0,0,18,12,1,31,13,25,0,0,0,87,9,13,40.9
Umar Sadiq,NGA,FW,Valencia,27,1997,9.2,4,0,0,29,16,13,0,1,5,0,0,0,14,23,19,54.8
Umar Sadiq,NGA,FW,Real Sociedad,27,1997,2.5,1,0,0,8,1,5,2,1,1,0,0,0,5,9,11,45.0
Jorge Sáenz,ESP,DF,Leganés,27,1996,18.8,4,1,0,30,15,1,0,25,23,0,1,1,58,41,38,51.9
Jan Salas,ESP,"MF,FW",Mallorca,18,2005,0.5,0,0,0,0,3,0,1,0,1,0,0,0,2,1,0,100.0
Kike Salas,ESP,DF,Sevilla,22,2002,24.9,6,0,0,21,15,0,9,32,28,0,0,0,95,77,33,70.0
Albert Sambi Lokonga,BEL,MF,Sevilla,24,1999,16.3,4,0,0,22,21,0,2,9,15,0,0,0,69,28,14,66.7
Chuky san jose,ESP,MF,Valladolid,20,2004,8.1,1,0,0,3,10,4,24,0,2,0,0,0,20,2,10,16.7
Oihan Sancet,ESP,MF,Athletic Club,24,2000,18.0,2,0,0,16,24,5,18,5,8,0,0,0,77,12,13,48.0
Antonio Sánchez,ESP,"MF,DF",Mallorca,27,1997,15.5,3,0,0,24,11,4,33,18,16,0,0,0,77,6,16,27.3
Iván Sánchez,ESP,"MF,FW",Valladolid,31,1992,15.6,4,0,0,15,48,3,114,14,20,0,0,0,59,11,11,50.0
Javi Sánchez,ESP,DF,Valladolid,27,1997,22.5,6,0,0,19,3,0,0,22,16,0,2,0,57,34,31,52.3
Juanlu Sánchez,ESP,"MF,DF",Sevilla,20,2003,19.1,6,1,1,18,12,1,40,17,34,0,0,0,66,19,19,50.0
Manu Sánchez,ESP,DF,Alavés,23,2000,29.3,6,1,0,56,21,1,78,30,56,0,1,1,105,8,32,20.0
Maroan Sannadi,MAR,FW,Athletic Club,23,2001,8.4,0,0,0,20,30,7,6,1,0,1,0,0,24,14,17,45.2
Jesús Santiago,ESP,MF,Getafe,20,2004,4.1,5,0,0,14,6,0,3,1,8,0,0,0,21,1,5,16.7
Aleksandar Sedlar,SRB,DF,Alavés,32,1991,6.6,1,1,0,9,5,0,0,10,10,0,0,0,18,9,6,60.0
Sergi,ESP,DF,Leganés,32,1992,32.9,2,1,0,30,12,7,1,39,29,1,1,1,80,63,58,52.1
Nicolás Serrano,ESP,FW,Athletic Club,21,2003,1.2,0,0,0,2,2,0,13,1,1,0,0,0,3,0,2,0.0
Fábio Silva,POR,FW,Las Palmas,22,2002,20.7,7,0,0,39,43,20,21,4,7,0,0,0,48,51,52,49.5
Rui Silva,POR,GK,Betis,30,1994,15.0,1,0,0,1,2,0,0,0,0,0,1,0,25,2,0,100.0
Giuliano Simeone,ARG,MF,Atlético Madrid,21,2002,21.4,4,0,0,23,42,7,49,14,13,1,0,0,72,11,23,32.4
Unai Simón,ESP,GK,Athletic Club,27,1997,21.0,0,0,0,0,3,0,0,1,0,0,0,0,33,6,0,100.0
Daley Sinkgraven,NED,DF,Las Palmas,29,1995,1.0,0,0,0,2,2,0,4,1,1,0,0,0,6,1,0,100.0
Antonio Sivera,ESP,GK,Alavés,27,1996,31.2,6,1,0,4,5,0,0,0,1,0,3,1,21,5,1,83.3
Justin Smith,CAN,MF,Espanyol,21,2003,2.3,0,0,0,5,2,0,1,4,3,0,0,0,8,3,0,100.0
Alex Sola,ESP,"MF,FW",Getafe,25,1999,11.4,4,0,0,24,26,7,18,7,14,0,0,0,47,18,28,39.1
Jhon Solis,COL,MF,Girona,19,2004,5.9,3,0,0,9,6,0,3,4,7,0,0,0,27,3,5,37.5
David Soria,ESP,GK,Getafe,31,1993,38.0,2,0,0,0,2,0,0,1,4,0,0,0,28,6,0,100.0
Hugo Sotelo,ESP,MF,Celta Vigo,20,2003,13.9,5,0,0,19,9,1,50,5,17,0,0,0,71,2,10,16.7
Djibril Sow,SUI,MF,Sevilla,27,1997,22.9,5,0,0,23,41,0,9,28,14,0,0,0,110,24,23,51.1
Carl Starfelt,SWE,DF,Celta Vigo,29,1995,25.2,5,0,0,21,11,0,0,31,20,0,0,0,77,60,51,54.1
Orri Steinn Óskarsson,ISL,FW,Real Sociedad,19,2004,10.5,1,0,0,7,6,10,7,2,6,0,0,0,15,31,55,36.0
Stoichkov,ESP,"MF,FW",Alavés,30,1993,7.8,1,0,0,9,16,5,13,1,9,0,0,0,44,5,15,25.0
Cristhian Stuani,URU,FW,Girona,37,1986,12.0,4,0,0,35,7,11,2,7,7,0,0,0,14,22,17,56.4
Álex Suárez,ESP,DF,Las Palmas,31,1993,27.3,12,0,0,27,21,1,1,13,23,0,1,2,68,25,48,34.2
Denis Suárez,ESP,MF,Villarreal,30,1994,6.8,0,0,0,1,7,0,25,3,8,0,0,0,25,1,6,14.3
Luka Sučić,CRO,MF,Real Sociedad,21,2002,19.9,4,0,0,11,15,3,18,15,18,0,0,0,109,26,25,51.0
Suso,ESP,"FW,MF",Sevilla,30,1993,6.7,3,0,0,6,16,2,59,4,7,0,0,0,31,2,5,28.6
Williot Swedberg,SWE,"FW,MF",Celta Vigo,20,2004,15.0,1,0,0,21,32,7,18,3,16,0,0,0,46,8,15,34.8
Mamadou Sylla,SEN,"FW,MF",Valladolid,30,1994,17.6,5,0,0,16,32,13,9,3,4,2,0,0,35,41,58,41.4
Alexander Sørloth,NOR,FW,Atlético Madrid,28,1995,17.4,4,0,0,26,13,8,5,1,5,0,0,0,41,98,50,66.2
Renato Tapia,PER,"MF,DF",Leganés,29,1995,26.9,8,0,0,38,34,0,12,27,35,0,0,0,155,32,24,57.1
César Tárrega,ESP,DF,Valencia,22,2002,33.6,7,0,0,56,15,0,1,22,37,0,2,2,104,87,62,58.4
Álvaro Tejero,ESP,"MF,DF",Espanyol,28,1996,13.8,2,0,0,14,19,1,113,13,4,0,0,0,64,10,12,45.5
Martín Tejón,ESP,"MF,DF",Valencia,20,2004,0.5,0,0,0,1,1,0,1,0,0,0,0,0,4,0,3,0.0
Nahuel Tenaglia,ARG,DF,Alavés,28,1996,32.5,11,0,0,37,45,2,85,47,61,3,0,0,117,46,52,46.9
Marc-André ter Stegen,GER,GK,Barcelona,32,1992,7.5,0,0,0,0,2,0,0,0,0,0,0,0,14,1,0,100.0
Ramón Terrats,ESP,"MF,FW",Villarreal,23,2000,1.5,1,0,0,2,2,0,5,2,3,0,0,0,11,3,2,60.0
Ramón Terrats,ESP,"MF,FW",Getafe,23,2000,13.5,1,0,0,13,22,4,35,8,10,0,0,0,53,14,13,51.9
Pablo Torre,ESP,"MF,FW",Barcelona,21,2003,3.4,0,0,0,4,8,1,13,3,4,0,0,0,15,1,6,14.3
David Torres,ESP,DF,Valladolid,21,2003,15.4,5,0,0,13,3,0,3,10,8,0,0,1,27,20,21,48.8
Ferrán Torres,ESP,"FW,MF",Barcelona,24,2000,12.3,1,1,0,5,16,6,17,4,4,0,0,0,27,5,9,35.7
Lucas Torró,ESP,MF,Osasuna,30,1994,32.9,10,0,0,75,37,1,1,45,41,0,2,0,172,159,67,70.4
Hamari Traoré,MLI,DF,Real Sociedad,32,1992,7.8,2,0,0,12,3,0,9,9,12,0,0,0,29,9,9,50.0
Óscar Trejo,ARG,MF,Rayo Vallecano,36,1988,5.5,1,0,0,17,12,1,7,4,5,0,0,0,25,5,7,41.7
Viktor Tsyhankov,UKR,"FW,MF",Girona,26,1997,21.3,1,0,0,14,28,4,124,15,12,1,0,0,69,9,18,33.3
Beñat Turrientes,ESP,MF,Real Sociedad,22,2002,10.5,4,0,0,13,23,0,19,5,6,0,0,0,45,10,18,35.7
Christantus Uche,NGA,"FW,MF",Getafe,21,2003,27.6,8,2,1,55,68,19,22,10,21,0,0,0,110,91,124,42.3
Óscar Valentín,ESP,MF,Rayo Vallecano,29,1994,20.4,5,0,0,57,31,0,2,21,41,0,0,0,109,33,39,45.8
Germán Valera,ESP,MF,Valencia,22,2002,1.6,0,0,0,2,4,0,6,4,1,0,0,0,4,1,2,33.3
Martin Valjent,SVK,DF,Mallorca,28,1995,30.7,4,0,0,15,13,0,11,18,21,0,0,0,102,49,41,54.4
Jesús Vallejo,ESP,DF,Real Madrid,27,1997,1.5,0,0,0,0,0,0,0,2,0,0,0,0,8,3,3,50.0
Federico Valverde,URU,"MF,DF",Real Madrid,26,1998,33.7,4,0,0,12,15,1,26,55,30,0,0,0,174,27,15,64.3
Ruben Vargas,SUI,"FW,MF",Sevilla,25,1998,7.5,0,0,0,11,9,3,37,3,4,0,0,0,31,7,6,53.8
Jesus Vazquez,ESP,DF,Valencia,21,2003,10.2,3,0,0,17,11,1,23,10,18,0,0,0,42,12,13,48.0
Lucas Vázquez,ESP,DF,Real Madrid,33,1991,24.3,4,0,0,29,32,3,63,17,34,0,0,0,83,6,13,31.6
Alejo Véliz,ARG,FW,Espanyol,20,2003,12.5,3,0,0,20,33,5,0,4,1,1,0,0,20,51,58,46.8
Mikel Vesga,ESP,MF,Athletic Club,31,1993,11.0,1,0,0,14,4,0,8,15,15,0,0,0,66,25,16,61.0
Carlos Vicente,ESP,"FW,MF",Alavés,25,1999,34.4,3,0,0,38,62,10,269,14,31,0,0,0,133,34,60,36.2
Pau Victor,ESP,FW,Barcelona,22,2001,3.5,2,0,0,7,3,0,3,2,1,0,0,0,14,3,1,75.0
Nacho Vidal,ESP,DF,Osasuna,29,1995,1.4,0,0,0,2,1,0,2,0,0,0,0,0,5,3,1,75.0
Fran Vieites,ESP,GK,Betis,25,1999,4.0,0,0,0,0,2,0,0,0,0,0,0,0,7,1,0,100.0
Sergio Viera,ESP,MF,Las Palmas,19,2005,1.1,1,0,0,1,1,0,0,1,1,0,0,0,5,1,2,33.3
Asier Villalibre,ESP,FW,Alavés,26,1997,3.7,2,0,0,11,7,2,2,1,2,0,0,0,7,22,12,64.7
Iván Villar,ESP,GK,Celta Vigo,27,1997,4.0,0,0,0,0,0,0,0,0,0,0,0,0,10,1,1,50.0
Viti,ESP,DF,Las,Palmas 26,1997,22.0,5,0,0,28,31,0,45,27,46,0,0,0,85,18,19,48.6
Daniel Vivian,ESP,DF,Athletic Club,25,1999,29.0,3,0,0,27,21,1,8,47,26,0,1,0,164,43,31,58.1
Iñaki Williams,GHA,FW,Athletic Club,30,1994,29.5,1,0,0,22,39,17,115,12,10,1,0,0,87,30,20,60.0
Nico Williams,ESP,FW,Athletic Club,22,2002,22.2,1,0,0,17,35,10,107,7,18,0,0,0,96,11,17,39.3
Axel Witsel,BEL,DF,Atlético Madrid,35,1989,9.5,1,0,0,4,5,1,0,11,12,0,0,0,32,23,16,59.0
Lamine Yamal,ESP,FW,Barcelona,17,2007,31.7,3,0,0,30,60,13,108,16,28,2,0,0,123,1,3,25.0
Bertuğ Yıldırım,TUR,FW,Getafe,22,2002,12.0,7,0,0,33,18,14,7,1,5,1,0,0,24,73,63,53.7
Bryan Zaragoza,ESP,"FW,MF",Osasuna,23,2001,20.4,4,0,0,19,39,9,104,4,9,0,0,0,55,2,10,16.7
Igor Zubeldia,ESP,DF,Real Sociedad,27,1997,25.2,6,1,0,38,11,0,1,31,22,0,1,0,86,65,80,44.8
Martín Zubimendi,ESP,MF,Real Sociedad,25,1999,32.9,6,0,0,44,19,0,12,44,37,1,0,0,140,53,32,62.4
Saud Abdulhamid,KSA,DF,Roma,25,1999,2.3,0,0,0,2,5,0,7,2,2,0,1,0,3,0,1,0.0
Tammy Abraham,ENG,FW,Roma,26,1997,0.0,0,0,0,0,0,0,0,0,0,0,0,0,0,1,0,100.0
Tammy Abraham,ENG,FW,Milan,26,1997,13.1,1,0,0,23,12,7,3,2,11,1,0,0,12,36,33,52.2
Federico Accornero,ITA,MF,Genoa,20,2004,0.1,0,0,0,0,0,0,1,0,0,0,0,0,1,0,1,0.0
Francesco Acerbi,ITA,DF,Inter,36,1988,19.0,0,0,0,11,18,2,10,26,19,0,0,0,62,61,30,67.0
Che Adams,SCO,FW,Torino,28,1996,29.5,2,0,0,29,40,23,10,2,6,0,0,0,50,36,62,36.7
Yacine Adli,FRA,MF,Fiorentina,24,2000,13.5,3,1,1,9,20,0,63,6,19,0,0,0,77,5,16,23.8
Vasilije Adžić,MNE,"MF,FW",Juventus,18,2006,0.5,0,0,0,1,1,0,0,0,2,0,0,0,3,2,3,40.0
Michel Aebischer,SUI,MF,Bologna,27,1997,8.0,2,0,0,16,16,0,14,7,13,0,0,0,35,5,9,35.7
Jean-Daniel Akpa-Akpro,CIV,MF,Monza,31,1992,10.7,4,0,0,24,18,0,6,13,18,0,0,0,54,11,15,42.3
David Akpan Ankeye,NGA,"FW,MF",Genoa,22,2002,0.5,0,0,0,3,1,0,0,0,0,0,0,0,0,0,1,0.0
Faride Alidou,GER,"FW,MF",Hellas Verona,23,2001,0.8,0,0,0,1,0,0,3,1,0,0,0,0,0,1,0,100.0
Pontus Almqvist,SWE,"FW,MF",Parma,25,1999,12.4,5,0,0,15,15,2,11,19,13,1,0,0,40,9,15,37.5
Giorgio Altare,ITA,DF,Venezia,25,1998,8.4,2,0,0,10,2,0,7,17,12,0,0,1,27,19,17,52.8
Sofyan Amrabat,MAR,MF,Fiorentina,27,1996,2.0,0,0,0,4,1,0,3,0,2,0,0,0,7,1,1,50.0
Angeliño,ESP,DF,Roma,27,1997,35.3,1,0,0,32,33,5,116,28,24,1,0,0,101,30,27,52.6
Lorenzo Anghelè,ITA,FW,Juventus,19,2005,0.1,0,0,0,0,0,0,0,0,0,0,0,0,0,0,2,0.0
Faustino Anjorin,ENG,MF,Empoli,22,2001,12.4,3,0,0,24,19,0,17,13,13,0,1,0,65,9,15,37.5
Marko Arnautović,AUT,FW,Inter,35,1989,5.9,1,0,0,3,6,8,5,1,5,0,0,0,10,12,7,63.2
Kristjan Asllani,ALB,MF,Inter,22,2002,10.9,4,0,0,8,18,0,43,9,3,0,0,0,49,4,3,57.1
Arthur Atta,FRA,"MF,FW",Udinese,21,2003,13.9,5,0,0,16,14,1,24,7,12,0,0,0,57,14,20,41.2
Emil Audero,IDN,GK,Como,27,1997,8.0,0,0,0,0,1,0,0,0,0,0,0,0,12,2,1,66.7
Tommaso Augello,ITA,DF,Cagliari,29,1994,30.1,3,0,0,15,11,3,207,16,28,0,0,0,135,49,22,69.0
Carlos Augusto,BRA,DF,Inter,25,1999,18.1,1,0,0,9,12,2,19,9,14,0,0,0,70,57,35,62.0
Yann Aurel Bisseck,GER,DF,Inter,23,2000,17.3,4,0,0,15,9,1,8,17,11,0,2,0,66,47,15,75.8
Paulo Azzi,BRA,DF,Cagliari,30,1994,4.7,2,0,0,5,3,0,22,5,9,0,0,0,24,6,5,54.5
Jacopo Bacci,ITA,MF,Empoli,19,2005,0.3,0,0,0,0,1,0,0,1,0,0,0,0,0,1,0,100.0
Milan Badelj,CRO,MF,Genoa,35,1989,16.4,2,0,0,18,19,0,5,20,16,0,0,0,74,10,6,62.5
Mitchel Bakker,NED,MF,Atalanta,24,2000,0.2,0,0,0,1,0,0,1,0,0,0,0,0,2,1,1,50.0
Tommaso Baldanzi,ITA,"MF,FW",Roma,21,2003,9.2,2,0,0,7,16,0,7,6,4,0,0,0,48,1,3,25.0
Keita Baldé,SEN,FW,Monza,29,1995,7.1,2,0,0,7,23,3,6,2,1,0,0,0,12,5,11,31.3
Botond Balogh,HUN,DF,Parma,22,2002,22.8,5,0,0,17,7,0,1,25,16,0,2,0,64,34,29,54.0
Mario Balotelli,ITA,"FW,MF",Genoa,33,1990,0.7,2,0,0,2,2,0,3,0,0,0,0,0,1,2,2,50.0
Lameck Banda,ZAM,"FW,MF",Lecce,23,2001,6.8,1,0,0,10,20,2,26,2,5,0,0,0,30,2,13,13.3
Daniel Bandeira,POR,MF,Hellas Verona,24,2000,4.5,1,0,0,4,4,0,8,6,0,0,0,0,36,7,3,70.0
Mattia Bani,ITA,DF,Genoa,30,1993,16.7,3,0,0,7,11,1,4,22,10,0,0,0,60,22,23,48.9
Antonín Barák,CZE,MF,Fiorentina,29,1994,0.6,0,0,0,0,0,0,1,0,0,0,0,0,2,0,1,0.0
Federico Barba,ITA,DF,Como,30,1993,4.8,0,0,0,3,1,0,3,4,2,0,0,0,19,5,8,38.5
Nicolò Barella,ITA,MF,Inter,27,1997,27.3,4,0,0,25,33,4,68,12,31,0,0,0,165,26,25,51.0
Davide Bartesaghi,ITA,DF,Milan,18,2005,1.3,0,1,0,1,0,1,10,3,2,0,0,0,2,1,0,100.0
Federico Baschirotto,ITA,DF,Lecce,27,1996,38.0,3,0,0,31,7,0,5,23,25,0,3,0,93,104,55,65.4
Daniele Baselli,ITA,MF,Como,32,1992,0.2,0,0,0,0,1,0,0,1,0,0,0,0,0,0,1,0.0
Alessandro Bastoni,ITA,DF,Inter,25,1999,25.9,6,1,1,43,38,0,61,21,23,0,0,0,96,44,24,64.7
Reda Belahyane,MAR,MF,Hellas Verona,20,2004,18.4,6,1,1,31,9,0,3,10,26,0,0,0,109,5,15,25.0
Reda Belahyane,MAR,MF,Lazio,20,2004,2.2,0,1,0,4,1,0,0,1,6,0,0,0,13,2,0,100.0
Raoul Bellanova,ITA,DF,Torino,24,2000,1.0,0,0,0,1,1,0,5,0,0,0,0,0,4,1,0,100.0
Raoul Bellanova,ITA,DF,Atalanta,24,2000,26.7,3,0,0,15,34,0,156,18,14,0,0,0,117,23,23,50.0
Andrea Belotti,ITA,FW,Como,30,1993,6.6,1,0,0,9,19,5,5,1,5,0,0,0,17,18,26,40.9
Lucas Beltrán,ARG,"FW,MF",Fiorentina,23,2001,20.7,6,0,0,31,48,4,7,5,10,1,0,0,59,32,53,37.6
Adrian Benedyczak,POL,"FW,MF",Parma,23,2000,2.4,0,0,0,4,5,1,1,0,0,0,0,0,3,9,12,42.9
Ismaël Bennacer,ALG,MF,Milan,26,1997,3.3,2,0,0,5,5,0,6,3,4,0,0,0,17,3,1,75.0
Medon Berisha,ALB,MF,Lecce,20,2003,8.0,5,0,0,16,11,0,29,11,8,0,0,0,36,7,7,50.0
Adrian Bernabe,ESP,MF,Parma,23,2001,16.1,1,0,0,9,36,0,29,7,18,0,0,0,72,4,4,50.0
Antoine Bernede,FRA,MF,Hellas Verona,25,1999,6.6,2,0,0,16,4,0,13,5,8,0,0,0,38,6,8,42.9
Sam Beukema,NED,DF,Bologna,25,1998,33.5,1,0,0,28,36,2,8,30,29,0,1,0,135,93,71,56.7
Alessandro Bianco,ITA,MF,Monza,21,2002,28.9,9,0,0,43,55,3,23,22,28,0,1,0,122,16,28,36.4
Jaka Bijol,SVN,DF,Udinese,25,1999,32.9,13,1,1,49,8,2,3,38,25,0,1,1,101,109,52,67.7
Philip Billing,DEN,MF,Napoli,28,1996,2.2,1,0,0,10,1,0,2,4,6,0,1,0,8,11,10,52.4
Cristiano Biraghi,ITA,DF,Torino,31,1992,12.9,0,0,0,9,12,2,107,8,10,0,0,1,39,8,11,42.1
Cristiano Biraghi,ITA,DF,Fiorentina,31,1992,4.8,1,0,0,4,7,0,30,4,4,0,0,0,10,2,3,40.0
Emil Bohinen,NOR,MF,Genoa,25,1999,1.8,0,0,0,3,3,0,0,1,4,0,0,0,9,2,1,66.7
Warren Bondo,FRA,MF,Monza,20,2003,18.0,5,1,1,31,36,1,7,5,24,0,0,0,91,5,8,38.5
Warren Bondo,FRA,MF,Milan,20,2003,1.8,1,0,0,1,4,0,1,0,3,0,0,0,12,1,1,50.0
Kevin Bonifazi,ITA,DF,Lecce,28,1996,0.7,0,0,0,0,0,0,0,2,1,0,0,0,7,1,1,50.0
Ange-Yoan Bonny,FRA,FW,Parma,20,2003,28.1,2,0,0,21,47,14,14,3,16,1,0,0,64,23,70,24.7
Edoardo Bove,ITA,"MF,FW",Fiorentina,22,2002,9.3,3,0,0,15,21,0,2,6,17,1,0,0,45,11,15,42.3
Domagoj Bradarić,CRO,DF,Hellas Verona,24,1999,21.5,6,0,0,21,14,3,78,15,28,0,0,0,80,16,21,43.2
Matthias Braunöder,AUT,MF,Como,22,2002,3.0,3,1,1,10,5,0,0,2,4,0,0,0,8,1,4,20.0
Iker Bravo,ESP,"FW,MF",Udinese,19,2005,7.6,3,0,0,12,10,2,8,1,6,0,0,0,30,12,28,30.0
Gleison Bremer,BRA,DF,Juventus,27,1997,6.0,2,0,0,9,5,0,0,6,7,0,0,0,23,11,7,61.1
Brenner,BRA,"MF,FW",Udinese,24,2000,4.3,0,0,0,0,5,0,11,1,4,0,0,0,16,2,3,40.0
Marco Brescianini,ITA,MF,Atalanta,24,2000,11.0,1,0,0,22,9,2,18,2,11,0,0,0,50,12,10,54.5
Arvid Brorsson,SWE,DF,Monza,25,1999,4.0,0,0,0,1,4,0,0,2,3,0,0,0,14,7,6,53.8
Alessandro Buongiorno,ITA,DF,Napoli,25,1999,21.4,2,0,0,17,21,1,1,35,23,0,0,0,84,43,21,67.2
Rareș-Cătălin Burnete,ROU,FW,Lecce,20,2004,0.3,0,0,0,2,2,0,0,0,0,0,0,0,3,0,1,0.0
Gianluca Busio,USA,MF,Venezia,22,2002,28.0,4,0,0,26,44,4,29,19,31,1,0,0,107,32,34,48.5
Jean Butez,FRA,GK,Como,29,1995,18.5,0,0,0,1,2,0,0,0,0,0,1,0,43,6,0,100.0
Liberato Cacace,NZL,"MF,DF",Empoli,23,2000,24.8,6,0,0,27,17,5,102,22,25,0,0,0,98,41,51,44.6
Alessio Cacciamani,ITA,"MF,DF",Torino,17,2007,0.3,0,0,0,0,0,0,3,1,0,0,0,0,1,1,1,50.0
Davide Calabria,ITA,DF,Bologna,27,1996,7.0,3,0,0,7,5,0,17,3,8,0,0,0,30,9,9,50.0
Davide Calabria,ITA,DF,Milan,27,1996,3.5,0,0,0,3,4,0,16,8,7,0,0,0,16,2,0,100.0
Luca Caldirola,ITA,DF,Monza,33,1991,9.7,5,0,0,18,16,1,1,11,7,0,0,0,19,13,13,50.0
Hakan Çalhanoğlu,TUR,MF,Inter,30,1994,20.9,5,0,0,20,13,0,112,17,22,0,1,0,110,16,18,47.1
Drissa Camara,CIV,"MF,FW",Parma,22,2002,5.0,3,0,0,17,17,1,5,3,7,1,0,0,29,3,9,25.0
Francesco Camarda,ITA,"FW,MF",Milan,16,2008,2.3,0,0,0,8,1,2,1,0,2,0,0,0,6,6,6,50.0
Nicolò Cambiaghi,ITA,FW,Bologna,23,2000,6.9,0,0,0,9,34,0,47,2,10,1,0,0,29,3,8,27.3
Thomas Campaniello,ITA,FW,Empoli,16,2008,0.3,0,0,0,0,1,0,0,0,0,0,0,0,0,1,3,25.0
Matteo Cancellieri,ITA,"FW,MF",Parma,22,2002,15.8,2,1,0,26,41,2,21,13,16,0,0,0,55,29,28,50.9
Fali Candé,GNB,DF,Venezia,26,1998,17.0,4,0,0,24,21,0,7,15,19,0,0,0,79,37,41,47.4
Antonio Candela,ITA,DF,Venezia,24,2000,11.2,2,0,0,14,4,0,22,8,21,0,2,1,38,14,13,51.9
Gianluca Caprari,ITA,"MF,FW",Monza,31,1993,18.3,3,0,0,18,42,5,80,8,11,0,0,0,57,4,14,22.2
Elia Caprile,ITA,GK,Cagliari,22,2001,18.0,0,0,0,0,6,0,0,0,0,0,0,0,16,4,0,100.0
Elia Caprile,ITA,GK,Napoli,22,2001,3.6,0,0,0,0,0,0,0,0,0,0,0,0,3,1,0,100.0
Maxence Caqueret,FRA,MF,Como,24,2000,12.1,4,0,0,17,11,1,16,7,21,0,0,0,69,3,10,23.1
Andrea Carboni,ITA,DF,Monza,23,2001,24.3,5,0,0,29,17,0,15,27,35,0,1,0,62,38,42,47.5
Franco Carboni,ITA,DF,Venezia,21,2003,2.5,2,0,0,3,2,0,8,0,3,1,0,0,13,2,3,40.0
Marco Carnesecchi,ITA,GK,Atalanta,24,2000,34.0,1,0,0,0,5,0,0,0,0,0,0,0,57,7,0,100.0
Cesare Casadei,ITA,MF,Torino,21,2003,11.3,1,0,0,16,10,0,2,5,5,0,1,0,41,64,25,71.9
Nicolò Casale,ITA,DF,Bologna,26,1998,10.0,1,0,0,23,8,0,0,17,5,0,0,1,43,32,23,58.2
Nicolò Casale,ITA,DF,Lazio,26,1998,1.5,0,0,0,2,0,0,0,1,3,0,0,0,1,6,0,100.0
Valentín Castellanos,ARG,FW,Lazio,25,1998,26.5,9,1,0,38,42,17,25,6,6,1,0,0,51,68,60,53.1
Santiago Castro,ARG,FW,Bologna,19,2004,25.5,7,0,0,49,52,9,8,3,10,0,0,1,69,37,68,35.2
Gaetano Castrovilli,ITA,MF,Monza,27,1997,6.6,0,0,0,8,7,2,14,2,7,0,0,0,27,1,6,14.3
Danilo Cataldi,ITA,MF,Fiorentina,29,1994,19.0,1,0,0,15,20,0,21,22,16,0,0,0,114,6,5,54.5
Zeki Çelik,TUR,DF,Roma,27,1997,25.1,5,0,0,31,10,0,42,15,37,0,1,0,75,30,26,53.6
Alberto Cerri,ITA,FW,Como,28,1996,1.0,0,0,0,3,1,2,0,0,0,0,0,0,3,4,4,50.0
Gabriel Charpentier,CGO,FW,Parma,25,1999,3.0,1,0,0,13,10,0,2,0,3,1,0,0,12,9,14,39.1
Walid Cheddira,MAR,FW,Napoli,26,1998,0.1,0,0,0,0,0,0,0,0,0,0,0,0,0,0,1,0.0
Leandro Chichizola,ARG,GK,Parma,34,1990,1.0,0,0,0,0,0,0,0,0,0,0,0,0,0,1,0,100.0
Samuel Chukwueze,NGA,"FW,MF",Milan,25,1999,10.3,0,0,0,3,10,3,50,2,11,0,0,0,38,6,10,37.5
Alessandro Circati,AUS,DF,Parma,20,2003,6.0,1,0,0,4,5,0,0,3,5,0,0,0,11,17,4,81.0
Alphadjo Cissè,ITA,"FW,MF",Hellas Verona,17,2006,0.1,0,0,0,1,0,0,0,0,0,0,0,0,0,1,0,100.0
Patrick Ciurria,ITA,"MF,DF",Monza,29,1995,12.3,1,0,0,17,11,1,61,6,14,0,0,0,32,5,15,25.0
Saúl Coco,EQG,DF,Torino,25,1999,31.6,10,0,0,53,19,0,2,38,26,0,0,1,87,62,58,51.7
Lorenzo Colombo,ITA,"FW,MF",Empoli,22,2002,24.8,5,1,1,46,41,6,10,2,14,0,0,0,73,53,121,30.5
Andrea Colpani,ITA,"FW,MF",Fiorentina,25,1999,15.9,1,0,0,21,24,1,33,8,9,0,0,0,46,10,15,40.0
Florinel Coman,ROU,"FW,MF",Cagliari,26,1998,2.9,2,0,0,8,9,0,2,1,3,0,0,0,12,4,2,66.7
Pietro Comuzzo,ITA,DF,Fiorentina,19,2005,23.4,5,0,0,24,12,0,3,29,21,0,0,0,86,63,43,59.4
Francisco Conceição,POR,"FW,MF",Juventus,21,2002,14.9,5,1,1,24,36,4,62,6,14,1,0,0,55,2,9,18.2
Diego Coppola,ITA,DF,Hellas Verona,20,2003,32.5,10,0,0,44,0,0,0,72,36,0,0,0,89,133,72,64.9
Maxwel Cornet,CIV,"FW,MF",Genoa,27,1996,2.7,0,0,0,0,1,1,8,2,1,0,0,0,14,1,9,10.0
Joaquín Correa,ARG,"FW,MF",Inter,29,1994,8.1,3,0,0,8,14,2,8,0,5,0,0,0,31,6,18,25.0
Alberto costa,POR,DF,Juventus,20,2003,4.0,3,0,0,8,2,0,2,4,10,0,0,0,23,5,3,62.5
Lassana Coulibaly,MLI,MF,Lecce,28,1996,29.6,3,0,0,39,44,0,13,18,29,1,1,0,146,31,41,43.1
Woyo Coulibaly,MLI,DF,Parma,25,1999,12.0,1,1,0,12,12,1,5,8,10,1,0,1,60,9,9,50.0
Bryan Cristante,ITA,MF,Roma,29,1995,22.7,8,0,0,37,9,0,15,19,29,0,0,0,109,61,58,51.3
Domen Črnigoj,SVN,MF,Venezia,28,1995,1.5,0,0,0,2,4,0,2,4,2,0,0,0,8,2,5,28.6
Patrick Cutrone,ITA,FW,Como,26,1998,22.7,1,0,0,23,28,20,30,5,11,1,0,0,54,23,66,25.8
Danilo D'Ambrosio,ITA,DF,Monza,35,1988,12.2,2,1,0,18,11,3,9,15,15,0,0,0,46,16,23,41.0
Lucas Da Cunha,FRA,MF,Como,23,2001,29.0,4,0,0,21,29,1,102,17,25,0,0,0,157,16,25,39.0
Thijs Dallinga,NED,FW,Bologna,23,2000,12.8,1,0,0,24,17,8,3,1,5,1,0,0,35,41,36,53.2
Maat Daniel Caprini,ITA,FW,Fiorentina,18,2006,0.1,0,0,0,0,0,0,0,0,0,0,0,0,2,0,2,0.0
Flavius Daniliuc,AUT,DF,Hellas Verona,23,2001,11.2,0,0,0,12,2,0,6,7,21,0,0,0,44,18,17,51.4
Danilo,BRA,DF,Juventus,33,1991,6.5,2,0,0,11,1,0,3,9,4,0,1,0,24,16,7,69.6
Matteo Darmian,ITA,DF,Inter,34,1989,19.8,3,0,0,26,19,5,32,10,17,0,1,1,39,13,15,46.4
Juan David Cabal,COL,DF,Juventus,23,2001,5.1,0,0,0,7,10,1,7,2,4,0,0,0,20,8,3,72.7
Keinan Davis,ENG,FW,Udinese,26,1998,11.8,2,0,0,24,12,8,3,1,4,0,0,0,34,37,40,48.1
Charles De Ketelaere,BEL,"MF,FW",Atalanta,23,2001,23.0,1,0,0,22,39,2,56,3,9,0,0,0,78,36,38,48.6
Mattia De Sciglio,ITA,DF,Empoli,31,1992,8.5,0,0,0,8,5,0,7,8,13,0,0,0,27,6,2,75.0
Lorenzo De Silvestri,ITA,DF,Bologna,36,1988,11.8,1,0,0,17,8,1,23,10,6,0,0,0,26,12,16,42.9
Koni De Winter,BEL,DF,Genoa,22,2002,23.7,6,0,0,43,14,1,4,25,19,0,2,0,114,74,34,68.5
Alessandro Deiola,ITA,MF,Cagliari,28,1995,15.9,6,0,0,32,11,0,14,13,20,0,0,0,68,37,29,56.1
Enrico Del Prato,ITA,DF,Parma,24,1999,32.7,8,0,0,20,17,0,16,19,17,0,0,0,120,38,43,46.9
Fisayo Dele-Bashiru,NGA,"MF,FW",Lazio,23,2001,10.5,0,0,0,8,4,0,7,4,6,0,0,0,48,3,13,18.8
Ali Dembélé,FRA,DF,Torino,20,2004,4.3,4,1,1,9,7,0,7,1,5,0,1,0,15,5,11,31.3
Michele Di Gregorio,ITA,GK,Juventus,27,1997,33.0,0,0,0,0,7,0,0,1,0,0,0,0,36,7,1,87.5
Giovanni Di Lorenzo,ITA,DF,Napoli,30,1993,37.0,6,0,0,46,51,5,63,31,44,0,0,0,94,45,46,49.5
Boulaye Dia,SEN,"MF,FW",Lazio,27,1996,24.2,2,0,0,23,24,4,2,6,10,1,0,0,55,21,56,27.3
Assane Diao,SEN,"FW,MF",Como,18,2005,13.9,2,0,0,20,49,6,12,3,14,0,0,0,41,16,34,32.0
Berat Djimsiti,ALB,DF,Atalanta,31,1993,29.3,6,0,0,23,21,0,11,40,33,0,1,1,102,90,58,60.8
Dodô,BRA,DF,Fiorentina,25,1998,33.6,8,0,0,24,60,2,142,34,29,2,0,0,183,12,16,42.9
Benjamín Domínguez,ARG,FW,Bologna,20,2003,14.2,0,0,0,10,31,4,11,4,7,0,0,0,62,2,21,8.7
Alberto Dossena,ITA,DF,Como,25,1998,20.3,1,1,0,22,16,0,1,22,20,0,2,0,68,59,24,71.1
Issa Doumbia,ITA,MF,Venezia,20,2003,10.4,0,0,0,18,12,0,10,9,8,0,0,0,45,18,21,46.2
Anastasios Douvikas,GRE,FW,Como,24,1999,6.4,1,0,0,13,17,1,2,1,2,0,0,0,11,8,19,29.6
Artem Dovbyk,UKR,FW,Roma,27,1997,26.9,0,0,0,30,16,22,1,2,2,0,0,0,26,42,60,41.2
Ondrej Duda,SVK,MF,Hellas Verona,29,1994,26.6,12,1,1,51,57,0,89,31,27,0,0,0,188,14,15,48.3
Alfred Duncan,GHA,MF,Venezia,31,1993,10.6,2,0,0,22,11,0,17,8,8,0,0,0,52,10,8,55.6
Paulo Dybala,ARG,"FW,MF",Roma,30,1993,15.7,2,0,0,6,60,6,62,2,7,2,0,0,63,8,17,32.0
Enzo Ebosse,CMR,DF,Udinese,25,1999,1.0,1,0,0,1,0,0,0,1,0,0,0,0,5,1,0,100.0
Éderson,BRA,MF,Atalanta,25,1999,32.0,5,1,1,31,53,0,23,35,32,0,0,0,186,53,36,59.6
Kingsley Ehizibue,NED,DF,Udinese,29,1995,27.8,5,0,0,33,33,5,61,23,35,0,0,0,110,29,33,46.8
Jeff Ekhator,ITA,"FW,MF",Genoa,17,2006,8.5,1,0,0,15,13,3,10,2,4,0,0,0,32,15,32,31.9
Jurgen Ekkelenkamp,NED,MF,Udinese,24,2000,21.0,2,0,0,29,14,2,12,12,25,0,0,0,82,18,13,58.1
Emmanuel Ekong,SWE,"MF,FW",Empoli,22,2002,2.1,1,0,0,3,5,1,0,1,3,0,0,0,10,2,7,22.2
Caleb Ekuban,GHA,FW,Genoa,30,1994,6.2,1,0,0,15,9,5,3,1,3,0,0,0,20,12,19,38.7
Elif Elmas,MKD,"FW,MF",Torino,24,1999,11.3,0,0,0,13,14,2,23,6,7,0,0,0,33,2,3,40.0
Emerson,BRA,DF,Milan,25,1999,15.3,5,0,0,34,32,0,45,14,28,0,0,0,59,24,14,63.2
Yannik Engelhardt,GER,"MF,DF",Como,23,2001,12.9,4,0,0,21,20,1,1,11,12,0,0,0,62,11,9,55.0
Martin Erlic,CRO,DF,Bologna,26,1998,3.7,0,0,0,7,7,0,0,2,0,1,0,0,11,10,9,52.6
Sebastiano Esposito,ITA,"FW,MF",Empoli,22,2002,25.9,1,0,0,47,56,10,55,12,29,2,0,0,106,26,56,31.7
Nahuel Estévez,ARG,MF,Parma,28,1995,7.3,3,0,0,9,9,0,16,3,6,0,0,0,28,14,3,82.4
Giovanni Fabbian,ITA,MF,Bologna,21,2003,11.4,2,0,0,21,22,1,9,2,6,0,0,0,31,19,35,35.2
Alieu Fadera,GAM,"FW,DF",Como,22,2001,18.3,2,1,0,40,50,14,39,12,47,0,0,0,95,11,15,42.3
Nicolò Fagioli,ITA,MF,Fiorentina,23,2001,10.7,0,0,0,8,14,0,27,5,10,0,0,0,46,1,4,20.0
Nicolò Fagioli,ITA,MF,Juventus,23,2001,6.3,4,0,0,11,5,0,13,2,10,0,0,0,33,2,2,50.0
Wladimiro Falcone,ITA,GK,Lecce,29,1995,38.0,2,0,0,1,10,0,0,0,0,0,1,0,32,13,0,100.0
Davide Faraoni,ITA,DF,Hellas Verona,32,1991,2.9,1,0,0,7,1,2,12,2,9,0,0,0,9,1,9,10.0
Jacopo Fazzini,ITA,MF,Empoli,21,2003,15.4,1,1,0,23,32,4,32,6,19,0,0,0,70,19,24,44.2
Mattia Felici,ITA,"MF,FW",Cagliari,23,2001,10.3,1,0,0,18,17,4,25,7,12,0,1,0,51,7,10,41.2
João Félix,POR,MF,Milan,24,1999,8.4,3,0,0,12,30,2,5,1,6,0,0,0,30,7,7,50.0
Lewis Ferguson,SCO,MF,Bologna,24,1999,10.9,0,0,0,27,20,1,18,5,13,0,0,0,28,16,14,53.3
Daniel Fila,CZE,FW,Venezia,21,2002,5.5,3,1,1,13,7,3,0,0,0,0,0,0,9,7,20,25.9
Youssouf Fofana,FRA,MF,Milan,25,1999,27.8,5,0,0,28,17,0,10,19,34,0,0,0,151,11,21,34.4
Michael Folorunsho,ITA,"FW,MF",Fiorentina,26,1998,7.2,5,0,0,15,23,0,21,4,12,0,0,0,29,16,11,59.3
Michael Folorunsho,ITA,"FW,MF",Napoli,26,1998,0.4,0,0,0,2,1,0,0,1,2,0,0,0,2,2,2,50.0
Omari Forson,ENG,"MF,FW",Monza,20,2004,2.5,0,0,0,2,2,1,9,1,3,0,0,0,11,0,2,0.0
Davide Frattesi,ITA,MF,Inter,24,1999,12.9,1,0,0,11,29,2,8,5,8,1,0,0,48,10,13,43.5
Morten Frendrup,DEN,MF,Genoa,23,2001,34.5,5,0,0,51,31,1,3,47,61,0,0,1,184,30,37,44.8
Martin Frese,DEN,DF,Hellas Verona,26,1998,6.1,0,0,0,9,9,0,10,8,11,0,0,0,14,10,10,50.0
Remo Freuler,SUI,MF,Bologna,32,1992,35.6,6,0,0,47,18,1,19,38,40,0,0,0,146,28,28,50.0
Matteo Gabbia,ITA,DF,Milan,24,1999,23.9,4,0,0,20,6,1,2,15,15,1,0,0,69,47,36,56.6
Tiago Gabriel,POR,DF,Lecce,19,2004,1.1,0,0,0,0,0,0,0,0,0,0,0,0,2,5,1,83.3
Alessandro Gabrielloni,ITA,"FW,MF",Como,30,1994,1.6,1,0,0,6,4,1,1,0,0,0,0,0,12,3,11,21.4
Gianluca Gaetano,ITA,"MF,FW",Cagliari,24,2000,11.2,0,0,0,16,13,4,24,6,8,0,0,0,34,10,20,33.3
Roberto Gagliardini,ITA,"MF,DF",Monza,30,1994,2.0,1,0,0,6,7,0,1,2,2,0,0,0,6,4,6,40.0
Antonino Gallo,ITA,DF,Lecce,24,2000,29.0,3,1,0,12,16,3,116,20,42,0,0,2,116,26,37,41.3
Silvère Ganvoula M'Boussy,CGO,FW,Monza,28,1996,3.6,0,0,0,4,8,1,0,1,0,0,0,0,6,15,12,55.6
Federico Gatti,ITA,DF,Juventus,26,1998,24.4,2,0,0,20,19,1,1,18,23,1,0,0,110,37,26,58.7
David de Gea,ESP,GK,Fiorentina,33,1990,34.0,1,0,0,0,2,0,0,0,0,0,0,0,26,6,0,100.0
Valentin Gendrey,FRA,DF,Lecce,24,2000,2.0,0,0,0,1,2,0,3,2,2,0,0,0,3,1,3,25.0
Daniele Ghilardi,ITA,DF,Hellas Verona,21,2003,22.5,7,1,0,33,29,0,10,30,29,0,0,0,55,41,41,50.0
Lautaro Gianetti,ARG,DF,Udinese,30,1993,9.8,4,0,0,7,0,0,0,15,10,0,1,2,28,30,12,71.4
Samuel Gigot,FRA,DF,Lazio,30,1993,7.6,2,0,0,8,9,1,0,13,3,0,1,0,15,18,5,78.3
Mario Gila,ESP,DF,Lazio,23,2000,30.5,8,0,0,32,30,0,6,28,37,0,0,1,153,66,62,51.6
Billy Gilmour,SCO,MF,Napoli,23,2001,13.1,0,0,0,14,16,0,18,9,16,0,0,0,64,9,10,47.4
Santiago Giménez,MEX,FW,Milan,23,2001,7.4,3,1,0,11,4,7,2,1,3,0,0,0,14,7,11,38.9
Gvidas Gineitis,LTU,MF,Torino,20,2004,15.9,5,0,0,23,23,2,51,18,15,0,0,0,57,14,18,43.8
Saba Goglichidze,GEO,DF,Empoli,20,2004,28.2,3,1,0,26,34,1,5,33,37,0,0,0,108,28,54,34.1
Edoardo Goldaniga,ITA,DF,Como,30,1993,28.1,12,1,1,44,36,4,9,33,21,0,0,0,74,52,35,59.8
Nicolás González,ARG,"FW,MF",Juventus,26,1998,19.4,3,0,0,30,40,6,15,9,13,0,0,0,69,59,47,55.7
Robin Gosens,GER,DF,Fiorentina,30,1994,27.0,6,0,0,24,23,9,63,18,31,0,0,0,69,71,43,62.3
Lucas Gourna-Douath,FRA,MF,Roma,20,2003,2.5,2,0,0,9,5,1,2,0,4,0,0,0,8,0,4,0.0
Alberto Grassi,ITA,MF,Empoli,29,1995,24.5,8,0,0,28,34,1,10,33,21,1,0,0,124,29,21,58.0
Mattéo Guendouzi,FRA,MF,Lazio,25,1999,36.3,7,0,0,28,35,1,21,32,21,0,1,0,173,18,22,45.0
Frederic Guilbert,FRA,DF,Lecce,29,1994,27.1,3,2,0,33,24,1,54,47,36,0,1,0,84,40,29,58.0
Albert Guðmundsson,ISL,"FW,MF",Fiorentina,27,1997,14.1,2,0,0,13,18,3,24,6,5,1,0,0,53,4,12,25.0
Christian Gytkjær,DEN,FW,Venezia,34,1990,8.4,0,0,0,11,5,7,1,0,4,0,0,0,15,23,57,28.8
Nicolas Haas,SUI,MF,Empoli,28,1996,3.2,1,0,0,11,3,0,0,4,8,0,0,0,19,3,5,37.5
Saad El Haddad,MAR,MF,Venezia,19,2005,0.3,0,0,0,1,1,0,0,0,0,0,0,0,1,0,1,0.0
Mohamed Haj,TUN,MF,Parma,19,2005,5.0,4,0,0,6,11,0,7,4,1,0,0,0,15,6,6,50.0
Ridgeciano Haps,SUR,DF,Venezia,31,1993,15.2,3,0,0,14,16,1,26,7,16,0,1,0,54,14,18,43.8
Abdou Harroui,NED,"MF,FW",Hellas Verona,26,1998,5.1,1,0,0,10,3,0,9,2,6,0,0,0,22,8,7,53.3
Liam Henderson,SCO,MF,Empoli,28,1996,26.0,10,0,0,83,23,2,98,15,22,0,0,0,89,13,20,39.4
Mario Hermoso,ESP,DF,Roma,29,1995,2.8,2,1,1,7,1,0,3,4,1,0,0,0,11,3,5,37.5
Theo Hernández,FRA,DF,Milan,26,1997,30.0,4,1,0,17,43,3,111,17,28,1,1,0,129,37,16,69.8
Hernani,BRA,MF,Parma,30,1994,14.7,7,0,0,33,25,1,33,19,26,0,0,0,68,18,19,48.6
Isak Hien,SWE,DF,Atalanta,25,1999,25.9,10,0,0,36,19,0,1,31,28,0,1,0,141,68,56,54.8
Emil Holm,SWE,DF,Bologna,24,2000,12.6,3,0,0,16,24,1,40,10,21,1,0,0,47,31,20,60.8
Mats Hummels,GER,DF,Roma,35,1988,10.2,1,0,0,9,4,0,2,26,15,0,0,1,41,23,15,60.5
Elseid Hysaj,ALB,DF,Lazio,30,1994,4.7,2,1,1,5,1,0,18,5,6,0,0,0,20,8,6,57.1
Jay Idzes,IDN,DF,Venezia,24,2000,34.7,5,0,0,50,12,3,6,32,29,0,3,0,113,57,81,41.3
Jonathan Ikone,FRA,FW,Como,26,1998,6.0,1,0,0,3,7,2,1,0,9,0,0,0,18,4,1,80.0
Jonathan Ikone,FRA,"FW,MF",Fiorentina,26,1998,3.7,0,0,0,3,7,0,1,1,2,0,0,0,19,0,6,0.0
Ivan Ilić,SRB,MF,Torino,23,2001,10.2,4,0,0,11,23,1,27,5,2,0,0,0,28,4,14,22.2
Samuel Iling-Junior,ENG,"FW,MF",Bologna,20,2003,1.3,0,0,0,2,1,0,9,2,2,0,0,0,8,0,3,0.0
Gustav Isaksen,DEN,FW,Lazio,23,2001,24.6,5,0,0,23,46,3,110,10,9,1,0,0,68,13,24,35.1
Ardian Ismajli,ALB,DF,Empoli,27,1996,27.9,3,0,0,21,29,0,0,56,23,0,0,0,83,77,54,58.8
Armando Izzo,ITA,DF,Monza,32,1992,27.1,12,0,0,65,47,0,8,45,15,0,0,0,90,52,64,44.8
Fellipe Jack,BRA,DF,Como,18,2006,1.9,2,0,0,5,1,0,0,4,4,0,0,0,4,4,3,57.1
Ali Jasim,IRQ,"FW,DF",Como,20,2004,0.1,0,0,0,1,0,0,1,0,0,0,0,0,1,1,0,100.0
Gaby Jean,FRA,DF,Lecce,24,2000,15.4,0,0,0,15,13,0,1,9,7,0,1,0,55,41,24,63.1
Juan Jesus,BRA,DF,Napoli,33,1991,11.9,2,0,0,14,5,0,0,9,14,0,0,0,30,24,16,60.0
Þórir Jóhann Helgason,ISL,MF,Lecce,23,2000,12.8,0,0,0,10,10,2,71,6,7,0,0,0,46,17,17,50.0
Jesse Joronen,FIN,GK,Venezia,31,1993,7.8,0,0,0,1,0,0,0,0,0,0,1,1,11,3,0,100.0
Luka Jović,SRB,"FW,MF",Milan,26,1997,6.2,1,0,0,4,7,0,2,1,0,0,0,0,9,9,9,50.0
Mohamed Kaba,FRA,MF,Lecce,22,2001,5.0,1,0,0,6,10,0,1,4,8,0,0,0,19,8,12,40.0
Christian Kabasele,BEL,DF,Udinese,33,1991,12.9,0,0,0,20,16,0,2,14,9,0,2,0,33,35,20,63.6
Pierre Kalulu,FRA,DF,Juventus,24,2000,26.0,2,1,0,26,19,2,22,17,25,0,1,0,95,27,47,36.5
Hassane Kamara,CIV,DF,Udinese,30,1994,22.2,8,1,1,25,22,1,106,26,25,0,0,0,92,21,11,65.6
Yann Karamoh,FRA,"MF,FW",Torino,26,1998,11.6,2,0,0,12,14,4,23,3,2,0,0,0,42,5,9,35.7
Jesper Karlsson,SWE,FW,Bologna,26,1998,3.3,1,0,0,6,4,1,4,0,0,0,0,0,8,2,4,33.3
Jesper Karlsson,SWE,FW,Lecce,26,1998,5.5,2,0,0,4,0,0,28,0,2,0,1,0,12,1,6,14.3
Jesper Karlström,SWE,MF,Udinese,29,1995,35.4,9,0,0,42,25,1,15,35,34,0,0,0,146,31,31,50.0
Lior Kasa,ISR,"MF,FW",Genoa,18,2005,2.6,2,0,0,4,3,0,2,3,4,0,0,0,14,1,3,25.0
Grigoris Kastanos,CYP,"MF,FW",Hellas Verona,26,1998,9.7,4,0,0,15,19,1,23,7,16,0,0,0,48,15,17,46.9
Moise Kean,ITA,FW,Fiorentina,24,2000,29.1,5,0,0,40,51,56,8,5,5,0,1,0,52,51,48,51.5
Mandela Keita,BEL,MF,Parma,22,2002,20.3,6,1,1,28,33,1,0,21,25,0,1,0,94,14,14,50.0
Lloyd Kelly,ENG,DF,Juventus,25,1998,11.3,1,0,0,14,4,0,14,2,11,0,0,0,55,36,25,59.0
Marc-Oliver Kempf,GER,DF,Como,29,1995,29.1,6,1,1,21,20,0,4,33,20,0,0,0,106,108,39,73.5
Kialonda,ANG,DF,Lecce,26,1997,23.8,3,0,0,9,20,0,3,32,12,0,1,0,58,90,44,67.2
Magnus Kofod Andersen,DEN,MF,Venezia,25,1999,7.7,1,0,0,7,5,0,16,6,4,0,0,0,31,8,7,53.3
Sead Kolašinac,BIH,DF,Atalanta,31,1993,21.1,7,0,0,38,20,3,10,25,26,0,0,1,135,34,26,56.7
Randal Kolo Muani,FRA,FW,Juventus,25,1998,12.9,0,0,0,27,20,6,8,4,7,0,0,0,33,10,27,27.0
Ismael Konate,CIV,"FW,MF",Empoli,18,2006,1.3,0,0,0,5,2,0,1,0,2,0,0,0,3,5,8,38.5
Manu Koné,FRA,MF,Roma,23,2001,28.6,6,0,0,28,86,2,2,24,26,0,1,0,131,20,33,37.7
Teun Koopmeiners,NED,"MF,FW",Juventus,26,1998,22.2,3,0,0,32,9,3,113,8,16,0,0,0,51,22,22,50.0
Odilon Kossounou,CIV,DF,Atalanta,23,2001,12.5,1,0,0,15,6,1,3,13,11,0,0,0,62,23,17,57.5
Christian Kouamé,CIV,"FW,MF",Fiorentina,26,1997,6.9,1,0,0,13,14,2,6,2,8,0,0,0,20,29,19,60.4
Christian Kouamé,CIV,"FW,MF",Empoli,26,1997,5.6,0,0,0,7,15,2,2,0,4,0,0,0,18,48,24,66.7
Viktor Kovalenko,UKR,MF,Empoli,28,1996,0.9,0,0,0,2,2,0,1,0,1,0,0,0,3,3,3,50.0
Mateusz Kowalski,POL,MF,Parma,19,2005,0.6,0,0,0,1,0,0,0,0,0,0,0,0,0,0,3,0.0
Thomas Kristensen,DEN,DF,Udinese,22,2002,19.5,5,0,0,31,3,1,10,21,21,0,1,0,63,61,32,65.6
Nikola Krstović,MNE,FW,Lecce,24,2000,34.0,6,0,0,57,55,20,8,7,9,0,0,0,72,91,128,41.6
Khvicha Kvaratskhelia,GEO,"FW,MF",Napoli,23,2001,13.1,1,0,0,12,33,0,51,4,9,0,0,0,45,4,5,44.4
Giorgos Kyriakopoulos,GRE,DF,Monza,28,1996,31.6,5,0,0,24,37,6,170,23,26,0,1,1,94,26,33,44.1
Mathis Lambourde,FRA,"FW,MF",Hellas Verona,18,2006,1.0,1,0,0,4,1,0,1,0,1,0,0,0,3,2,4,33.3
Gianluca Lapadula,PER,"FW,MF",Cagliari,34,1990,3.4,1,0,0,9,1,1,3,0,0,0,0,0,5,11,8,57.9
Manuel Lazzari,ITA,DF,Lazio,30,1993,15.6,3,0,0,12,29,1,97,10,16,0,1,0,50,5,13,27.8
Enzo Le Fée,FRA,MF,Roma,24,2000,3.5,1,0,0,6,5,0,7,5,4,0,0,0,22,2,4,33.3
Nicola Leali,ITA,GK,Genoa,31,1993,29.0,1,0,0,1,6,0,0,0,0,0,0,1,30,6,0,100.0
Rafael Leão,POR,FW,Milan,25,1999,25.8,5,0,0,19,52,7,55,6,10,1,0,0,66,26,20,56.5
Stefan Lekovic,SRB,DF,Monza,20,2004,4.1,0,0,0,5,3,0,0,7,4,0,0,1,18,6,6,50.0
Giovanni Leoni,ITA,DF,Parma,17,2006,13.3,3,1,0,11,9,0,3,15,6,0,0,0,34,17,10,63.0
Ben Lhassine Kone,CIV,MF,Como,24,2000,0.6,1,0,0,1,1,0,0,1,2,0,0,0,7,0,1,0.0
Mattia Liberali,ITA,MF,Milan,17,2007,0.7,0,0,0,1,0,0,2,0,1,0,0,0,4,1,0,100.0
Karol Linetty,POL,MF,Torino,29,1995,17.1,6,0,0,39,13,0,4,12,23,0,0,0,63,8,14,36.4
Dailon Livramento,CPV,"FW,MF",Hellas Verona,23,2001,10.4,2,1,0,21,6,8,18,3,11,0,0,0,21,32,51,38.6
Stanislav Lobotka,SVK,MF,Napoli,29,1994,29.3,3,0,0,24,31,0,2,21,30,0,1,0,166,6,6,50.0
Manuel Locatelli,ITA,MF,Juventus,26,1998,31.4,9,0,0,46,22,1,24,23,49,0,1,0,141,35,22,61.4
Ruben Loftus-Cheek,ENG,MF,Milan,28,1996,11.5,3,0,0,23,27,0,7,3,8,0,0,0,48,18,11,62.1
Ademola Lookman,NGA,"MF,FW",Atalanta,26,1997,25.0,4,0,0,31,20,26,124,3,15,0,0,0,69,17,13,56.7
Sandi Lovrić,SVN,MF,Udinese,26,1998,25.6,5,0,0,54,34,0,90,22,29,1,0,0,118,1,17,5.6
Lorenzo Lucca,ITA,FW,Udinese,23,2000,26.1,10,0,0,65,55,16,5,7,6,0,0,0,44,59,68,46.5
Jhon Lucumí,COL,DF,Bologna,26,1998,29.0,8,1,0,22,16,0,4,26,30,0,1,0,176,45,45,50.0
José Luis Palomino,ARG,DF,Cagliari,34,1990,12.0,3,0,0,11,2,0,0,22,15,0,1,0,50,16,12,57.1
Douglas Luiz,BRA,MF,Juventus,26,1998,5.9,2,0,0,14,7,0,26,4,8,0,1,0,31,5,4,55.6
Romelu Lukaku,BEL,FW,Napoli,31,1993,31.6,4,0,0,47,36,24,4,1,2,0,0,0,34,42,56,42.9
Sebastiano Luperto,ITA,DF,Cagliari,27,1996,36.0,4,0,0,23,20,1,8,33,27,0,1,0,139,61,54,53.0
Zito Luvumbo,ANG,"FW,MF",Cagliari,22,2002,17.8,2,0,0,38,51,11,65,4,6,0,0,0,50,6,17,26.1
Charalampos Lykogiannis,GRE,DF,Bologna,30,1993,11.6,3,0,0,10,7,2,106,11,14,0,0,0,35,26,13,66.7
Giangiacomo Magnani,ITA,DF,Hellas Verona,28,1995,11.8,2,0,0,8,11,0,2,17,15,0,0,0,38,29,18,61.7
Mike Maignan,FRA,GK,Milan,29,1995,36.6,1,0,0,1,7,0,0,0,0,0,1,0,67,4,0,100.0
Antoine Makoumbou,CGO,MF,Cagliari,26,1998,23.9,4,1,1,27,15,0,7,17,23,0,1,0,109,4,18,18.2
Daniel Maldini,ITA,"MF,FW",Monza,22,2001,14.5,5,0,0,15,39,2,38,4,6,0,0,0,52,22,27,44.9
Daniel Maldini,ITA,"FW,MF",Atalanta,22,2001,2.9,0,0,0,3,7,1,5,2,2,0,0,0,8,8,5,61.5
Youssef Maleh,MAR,MF,Empoli,25,1998,16.8,5,1,1,32,29,1,16,16,23,0,0,0,96,9,18,33.3
Ruslan Malinovskyi,UKR,"MF,FW",Genoa,31,1993,4.3,2,0,0,9,5,0,3,1,8,0,0,0,16,7,6,53.8
Dennis Man,ROU,"FW,MF",Parma,25,1998,22.2,0,0,0,8,17,4,33,8,6,0,0,0,72,9,17,34.6
Gianluca Mancini,ITA,DF,Roma,28,1996,34.9,8,0,0,49,34,6,33,35,26,0,0,0,99,60,34,63.8
Christos Mandas,GRE,GK,Lazio,22,2001,9.0,0,0,0,0,3,0,0,0,0,0,0,0,18,6,1,85.7
Rolando Mandragora,ITA,MF,Fiorentina,27,1997,20.6,7,0,0,18,39,2,39,15,13,0,0,0,61,14,16,46.7
Alberto Manzoni,ITA,MF,Atalanta,19,2005,0.1,0,0,0,1,1,0,0,0,0,0,0,0,0,1,0,100.0
Alessandro Marcandalli,ITA,DF,Genoa,21,2002,0.5,0,0,0,0,0,0,0,0,0,0,0,0,3,2,0,100.0
Alessandro Marcandalli,ITA,DF,Venezia,21,2002,3.9,2,0,0,9,0,0,0,2,6,0,1,0,16,12,12,50.0
Pablo Marí,ESP,DF,Monza,30,1993,18.1,4,1,1,27,5,0,1,37,15,0,1,0,59,40,21,65.6
Pablo Marí,ESP,DF,Fiorentina,30,1993,12.2,2,0,0,14,5,0,0,25,9,0,0,0,39,31,12,72.1
Luca Marianucci,ITA,DF,Empoli,20,2004,11.9,0,1,0,11,5,0,7,19,12,0,0,0,43,28,33,45.9
Mirko Marić,CRO,"FW,MF",Monza,29,1995,1.2,0,0,0,2,2,0,2,1,0,0,0,0,4,6,12,33.3
Mirko Marić,CRO,FW,Venezia,29,1995,4.0,0,0,0,3,4,3,3,1,3,0,0,0,11,13,22,37.1
Rafa Marín,ESP,DF,Napoli,22,2002,1.6,1,0,0,2,2,0,0,1,0,0,0,0,4,2,2,50.0
Răzvan Marin,ROU,MF,Cagliari,28,1996,15.6,4,0,0,25,13,0,77,2,13,0,0,0,70,9,17,34.6
Guillermo Maripán,CHI,DF,Torino,30,1994,26.0,4,1,0,29,8,1,2,41,23,0,0,0,90,72,47,60.5
Aarón Martín,ESP,DF,Genoa,27,1997,34.3,5,0,0,38,28,4,256,19,47,0,1,0,146,20,33,37.7
Josep Martinez,ESP,GK,Inter,26,1998,5.0,0,0,0,0,1,0,0,0,0,0,0,0,4,1,0,100.0
Lautaro Martínez,ARG,FW,Inter,26,1997,27.5,1,0,0,41,40,22,11,10,16,0,0,0,73,35,38,47.9
Lucas Martínez Quarta,ARG,DF,Fiorentina,28,1996,3.9,1,0,0,8,2,0,0,3,7,0,0,0,13,12,10,54.5
Kevin Martins,ITA,"MF,DF",Monza,19,2005,2.0,1,0,0,3,4,0,6,1,4,0,0,0,12,2,1,66.7
Adam Marušić,MNE,DF,Lazio,31,1992,26.0,1,0,0,20,14,2,54,16,20,0,0,1,83,29,26,52.7
Adam Masina,MAR,DF,Torino,30,1994,21.3,5,0,0,23,18,2,14,27,15,1,0,0,88,66,23,74.2
Patrizio Masini,ITA,MF,Genoa,23,2001,17.1,3,0,0,36,48,0,26,15,29,0,0,0,87,28,24,53.8
Alan Matturro,URU,DF,Genoa,19,2004,10.0,2,0,0,10,5,2,8,14,6,0,1,0,26,16,16,50.0
Luca Mazzitelli,ITA,MF,Como,28,1995,3.7,1,0,0,9,4,0,12,3,6,0,0,0,14,2,6,25.0
Samuel Mbangula,BEL,FW,Juventus,20,2004,7.9,1,0,0,6,14,0,17,3,10,1,0,0,33,2,7,22.2
Weston McKennie,USA,"MF,DF",Juventus,25,1998,25.7,3,0,0,32,19,1,19,14,12,0,1,0,104,35,30,53.8
Scott McTominay,SCO,MF,Napoli,27,1996,32.6,3,0,0,45,60,5,11,24,25,1,0,0,143,66,50,56.9
Filippo Melegoni,ITA,"MF,FW",Genoa,25,1999,1.0,0,0,0,0,1,0,2,0,1,0,0,0,2,1,0,100.0
Alex Meret,ITA,GK,Napoli,27,1997,33.4,0,0,0,1,4,0,0,0,0,0,1,1,61,6,0,100.0
Junior Messias,BRA,"MF,FW",Genoa,33,1991,9.4,1,0,0,8,21,0,22,6,7,0,0,0,39,14,26,35.0
Valentin Mihaila,ROU,"FW,MF",Parma,24,2000,14.3,2,0,0,17,20,1,33,8,15,0,1,0,39,13,27,32.5
Vanja Milinković-Savić,SRB,GK,Torino,27,1997,37.0,3,0,0,1,10,0,0,0,0,0,1,0,51,11,2,84.6
Yerry Mina,COL,DF,Cagliari,29,1994,28.5,6,1,1,40,58,2,1,37,32,0,0,0,158,94,50,65.3
Juan Miranda,ESP,DF,Bologna,24,2000,25.3,4,1,0,26,33,2,211,23,18,0,0,0,97,36,33,52.2
Fabio Miretti,ITA,"MF,FW",Genoa,20,2003,18.6,2,0,0,23,53,2,61,7,15,0,0,0,85,11,23,32.4
Henrikh Mkhitaryan,ARM,MF,Inter,35,1989,25.9,4,0,0,33,24,5,22,16,24,0,0,0,131,23,13,63.9
Lorenzo Montipò,ITA,GK,Hellas Verona,28,1996,36.0,0,0,0,0,7,0,0,0,0,0,0,1,28,7,1,87.5
Álvaro Morata,ESP,"FW,MF",Milan,31,1992,12.2,5,0,0,25,18,11,13,5,10,0,0,0,31,14,20,41.2
Alberto Moreno,ESP,DF,Como,32,1992,19.2,4,0,0,17,14,1,49,14,11,0,0,0,74,11,20,35.5
Matias Moreno,ARG,DF,Fiorentina,20,2003,1.6,0,0,0,4,0,0,2,1,8,0,1,0,5,3,4,42.9
Tete Morente,ESP,"FW,MF",Lecce,27,1996,22.5,5,0,0,26,24,0,56,14,17,0,0,0,104,37,23,61.7
Nikola Moro,CRO,MF,Bologna,26,1998,13.4,1,0,0,22,9,0,33,13,27,0,0,0,73,17,16,51.5
Daniel Mosquera,COL,FW,Hellas Verona,24,1999,15.3,4,0,0,44,17,8,2,2,8,0,0,0,54,79,89,47.0
Dany Mota,POR,"FW,MF",Monza,26,1998,23.4,3,0,0,30,36,7,38,9,3,0,0,0,61,60,71,45.8
Yunus Musah,USA,"MF,FW",Milan,21,2002,17.5,5,0,0,36,17,1,24,7,19,0,0,0,60,8,14,36.4
Kingstone Mutandwa,ZAM,"FW,MF",Cagliari,21,2003,1.4,0,0,0,7,1,0,1,0,0,0,0,0,6,3,4,42.9
Obite N'Dicka,CIV,DF,Roma,24,1999,38.0,2,0,0,37,23,1,0,33,26,0,0,0,134,61,49,55.5
Konan N'dri,CIV,"FW,MF",Lecce,23,2000,3.4,0,0,0,7,6,0,13,1,3,0,0,0,7,1,3,25.0
Michel Ndary Adopo,FRA,MF,Cagliari,24,2000,26.8,5,1,1,29,16,0,8,27,32,0,0,0,135,29,24,54.7
Cher Ndour,ITA,"MF,DF",Fiorentina,20,2004,4.5,1,0,0,6,7,0,7,2,1,0,0,0,20,14,14,50.0
Dan Ndoye,SUI,FW,Bologna,23,2000,23.8,4,0,0,23,101,13,44,9,19,1,0,0,89,14,21,40.0
Victor Nelsson,DEN,DF,Roma,25,1998,2.1,0,0,0,2,5,0,0,2,4,0,0,0,4,7,2,77.8
David Neres,BRA,FW,Napoli,27,1997,14.3,1,0,0,14,10,4,92,7,11,0,0,0,52,3,10,23.1
Cyril Ngonge,BEL,FW,Napoli,24,2000,2.4,2,0,0,8,14,1,11,2,5,0,0,0,8,4,6,40.0
Hans Nicolussi Caviglia,ITA,MF,Venezia,24,2000,31.8,7,1,1,50,39,0,72,28,28,0,1,0,147,27,23,54.0
Oliver Nielsen,DEN,DF,Lazio,21,2003,0.4,1,0,0,2,0,1,0,1,0,0,0,0,1,0,2,0.0
Eybi Nije,SWE,"FW,MF",Torino,19,2005,4.4,1,0,0,12,12,2,6,0,1,0,0,0,12,12,17,41.4
Tijjani Noslin,NED,"FW,MF",Lazio,25,1999,9.6,2,0,0,21,15,1,15,1,5,0,0,0,22,27,29,48.2
Adam Obert,SVK,DF,Cagliari,21,2002,12.0,4,0,0,22,7,0,11,23,18,0,0,0,59,25,22,53.2
Jens Odgaard,DEN,"MF,FW",Bologna,25,1999,21.7,1,0,0,42,44,4,24,9,14,0,0,0,70,43,62,41.0
Noah Okafor,SUI,FW,Milan,24,2000,4.6,0,0,0,6,5,1,13,2,1,0,0,0,8,2,5,28.6
Noah Okafor,SUI,"FW,MF",Napoli,24,2000,0.4,0,0,0,2,1,0,3,0,2,0,0,0,3,2,2,50.0
Maduka Okoye,NGA,GK,Udinese,24,1999,25.0,1,0,0,0,1,0,0,0,0,0,0,1,51,7,0,100.0
Mathías Olivera,URU,DF,Napoli,26,1997,26.3,4,0,0,28,22,2,22,28,35,1,0,0,93,41,36,53.2
Jean Onana,CMR,MF,Genoa,24,2000,3.4,1,0,0,12,2,0,1,4,6,0,0,0,13,6,10,37.5
Jacob Ondrejka,SWE,"MF,FW",Parma,21,2002,4.7,0,0,0,1,8,0,16,7,6,0,0,0,18,0,5,0.0
Gaetano Oristanio,ITA,"FW,MF",Venezia,21,2002,25.7,3,0,0,50,71,11,59,6,13,0,0,0,84,14,38,26.9
Riccardo Orsolini,ITA,FW,Bologna,27,1997,20.9,2,0,0,27,46,12,70,8,13,0,0,0,65,23,19,54.8
Yordan Osorio,VEN,DF,Parma,30,1994,1.9,0,0,0,5,2,0,0,4,3,0,0,0,6,2,1,66.7
Sebastian Otoa,DEN,DF,Genoa,20,2004,2.0,1,1,0,5,0,0,0,3,0,0,0,0,5,6,3,66.7
Remi Oudin,FRA,"MF,FW",Lecce,27,1996,3.3,1,0,0,2,1,0,23,2,1,0,0,0,18,1,1,50.0
Cheick Oumar Conde,GUI,MF,Venezia,24,2000,1.7,2,0,0,5,4,0,0,4,5,0,0,0,13,7,3,70.0
Daniel Oyegoke,ENG,DF,Hellas Verona,21,2003,1.1,1,0,0,2,0,0,4,1,2,0,0,0,5,0,2,0.0
Simone Pafundi,ITA,"MF,DF",Udinese,18,2006,1.3,0,0,0,1,6,0,14,0,3,0,0,0,3,0,2,0.0
Tomás Palacios,ARG,DF,Monza,21,2003,5.0,2,0,0,2,10,1,1,8,5,0,0,0,29,6,4,60.0
Marco Palestra,ITA,DF,Atalanta,19,2005,2.5,0,0,0,1,10,1,12,2,4,0,0,0,7,2,2,50.0
Matteo Palma,GER,DF,Udinese,16,2008,0.1,0,0,0,1,0,0,0,0,0,0,0,0,1,1,0,100.0
Leandro Paredes,ARG,MF,Roma,30,1994,15.3,4,0,0,15,16,0,57,19,14,0,1,0,83,9,2,81.8
Mario Pašalić,CRO,MF,Atalanta,29,1995,21.9,1,0,0,19,10,2,11,12,16,0,0,0,112,30,29,50.8
Patric,ESP,DF,Lazio,31,1993,6.7,2,0,0,5,5,0,2,3,6,0,0,0,29,7,6,53.8
Rui Patrício,POR,GK,Atalanta,36,1988,3.0,0,0,0,0,0,0,0,0,0,0,0,0,7,1,0,100.0
Benjamin Pavard,FRA,DF,Inter,28,1996,17.6,4,0,0,18,9,2,11,16,16,0,0,0,46,40,32,55.6
Strahinja Pavlović,SRB,DF,Milan,23,2001,20.7,3,1,0,20,18,2,10,16,31,1,0,0,67,45,21,68.2
Leonardo Pavoletti,ITA,"FW,MF",Cagliari,35,1988,4.9,5,0,0,25,7,7,0,0,0,0,0,0,9,56,44,56.0
Martín Payero,ARG,MF,Udinese,25,1998,15.3,5,0,0,35,39,0,39,13,16,1,2,0,75,21,20,51.2
Nicolás Paz,ARG,"MF,FW",Como,19,2004,29.9,6,0,0,47,33,2,41,21,33,0,1,0,118,31,23,57.4
Marcus Pedersen,NOR,DF,Torino,24,2000,15.1,3,0,0,16,5,4,56,13,8,0,1,0,43,6,19,24.0
Pedro,ESP,"FW,MF",Lazio,37,1987,12.2,2,0,0,17,24,1,65,3,14,0,0,0,59,1,6,14.3
Pietro Pellegri,ITA,FW,Empoli,23,2001,4.6,2,0,0,10,5,1,3,0,2,0,0,0,15,3,20,13.0
Lorenzo Pellegrini,ITA,MF,Roma,28,1996,18.1,4,0,0,26,27,4,49,6,16,0,0,0,61,10,20,33.3
Luca Pellegrini,ITA,DF,Lazio,25,1999,11.9,5,0,0,18,11,0,89,19,11,1,0,0,41,8,7,53.3
Mateo Pellegrino,ARG,FW,Parma,23,2001,8.2,2,0,0,27,16,0,4,1,2,0,0,0,20,49,44,52.7
Andy Pelmard,FRA,DF,Lecce,24,2000,1.4,1,0,0,2,0,0,0,0,6,0,0,0,4,0,1,0.0
Sergiu Perciun,MDA,"FW,MF",Torino,18,2006,1.7,0,0,0,3,4,0,5,1,2,0,0,0,10,0,2,0.0
Pedro Pereira,POR,DF,Monza,26,1998,29.6,10,0,0,48,9,0,57,21,32,0,0,0,88,27,40,40.3
Gastón Pereiro,URU,MF,Genoa,29,1995,0.3,0,0,0,0,1,0,1,0,0,0,0,0,0,1,1,50.0
Kike Pérez,ESP,MF,Venezia,27,1997,12.4,4,0,0,31,16,1,49,10,25,0,0,0,71,14,16,46.7
Nehuén Pérez,ARG,DF,Udinese,24,2000,2.0,0,0,0,3,2,0,0,1,1,0,0,0,6,3,1,75.0
Simone Perilli,ITA,GK,Hellas Verona,29,1995,2.0,0,0,0,0,0,0,0,0,0,0,0,0,1,1,0,100.0
Mattia Perin,ITA,GK,Juventus,31,1992,5.0,0,0,0,0,0,0,0,0,0,0,0,0,6,1,0,100.0
Máximo Perrone,ARG,MF,Como,21,2003,20.6,6,0,0,26,13,0,4,20,27,0,0,0,96,11,14,44.0
Matteo Pessina,ITA,MF,Monza,27,1997,9.5,2,0,0,5,13,0,6,12,4,0,0,0,58,10,8,55.6
Andrea Petagna,ITA,FW,Monza,29,1995,3.7,1,0,0,6,4,4,1,1,1,0,0,0,7,7,17,29.2
Roberto Piccoli,ITA,FW,Cagliari,23,2001,34.7,6,0,0,60,54,23,8,3,9,2,0,0,54,110,147,42.8
Nicholas Pierini,ITA,MF,Venezia,25,1998,0.9,0,0,0,1,2,0,3,0,0,0,0,0,2,1,3,25.0
Santiago Pierotti,ARG,FW,Lecce,23,2001,21.5,6,1,1,55,13,12,17,14,24,0,0,0,111,49,61,44.5
Balthazar Pierret,FRA,MF,Lecce,24,2000,19.1,2,0,0,34,20,0,9,19,31,0,1,0,93,27,33,45.0
Andrea Pinamonti,ITA,FW,Genoa,25,1999,31.7,4,0,0,21,43,16,17,1,6,0,0,0,53,83,111,42.8
Niccolò Pisilli,ITA,MF,Roma,19,2004,13.6,7,0,0,19,13,1,10,11,11,0,0,0,58,3,21,12.5
Damián Pizarro,CHI,"FW,MF",Udinese,19,2005,0.2,0,0,0,0,0,0,0,0,0,0,0,0,0,0,1,0.0
Semuel Pizzignacco,ITA,GK,Monza,22,2001,8.2,0,0,0,0,2,0,0,0,0,0,0,1,7,5,0,100.0
Tommaso Pobega,ITA,MF,Bologna,25,1999,13.1,6,2,1,33,14,0,8,14,19,1,0,0,45,14,16,46.7
Joel Pohjanpalo,FIN,FW,Venezia,29,1994,17.8,1,0,0,12,15,10,3,4,3,1,0,0,20,46,59,43.8
Matteo Politano,ITA,"FW,MF",Napoli,30,1993,31.2,3,0,0,14,31,6,229,13,15,1,0,0,95,6,20,23.1
Marin Pongračić,CRO,DF,Fiorentina,26,1997,14.4,3,1,1,26,7,0,1,12,13,0,0,1,73,25,11,69.4
Stefan Posch,AUT,DF,Bologna,27,1997,7.9,1,0,0,16,17,1,18,5,15,0,0,0,43,13,8,61.9
Stefan Posch,AUT,DF,Atalanta,27,1997,4.3,0,0,0,11,0,0,5,4,11,0,0,0,22,4,6,40.0
Matteo Prati,ITA,MF,Cagliari,20,2003,6.3,1,0,0,8,6,0,5,7,4,0,0,0,24,1,6,14.3
Ivan Provedel,ITA,GK,Lazio,30,1994,29.0,0,0,0,0,5,0,0,1,0,0,0,0,44,7,1,87.5
Diego Pugno,ITA,FW,Juventus,18,2006,0.1,0,0,0,0,0,0,0,0,0,0,0,0,1,0,2,0.0
Christian Pulisic,USA,"FW,MF",Milan,25,1998,27.5,1,0,0,20,37,3,119,5,29,1,0,0,94,11,42,20.8
Ionuț Radu,ROU,GK,Venezia,27,1997,15.0,1,0,0,0,1,0,0,0,0,0,0,0,20,1,0,100.0
Hamza Rafia,TUN,MF,Lecce,25,1999,11.8,4,0,0,26,25,0,45,4,27,0,0,0,62,5,13,27.8
Antonio Raimondo,ITA,"FW,DF",Venezia,20,2004,1.0,0,0,0,2,1,1,1,0,1,0,0,0,4,1,6,14.3
Ylber Ramadani,ALB,MF,Lecce,28,1996,20.1,4,0,0,18,11,0,6,24,28,0,0,0,117,15,25,37.5
Luca Ranieri,ITA,DF,Fiorentina,25,1999,33.1,7,0,0,24,22,1,9,27,24,0,1,0,95,48,56,46.2
Giacomo Raspadori,ITA,"FW,MF",Napoli,24,2000,12.3,1,0,0,12,20,1,67,3,9,0,0,0,43,5,11,31.3
Federico Ravaglia,ITA,GK,Bologna,24,1999,11.7,0,0,0,0,4,0,0,0,0,0,0,0,16,4,0,100.0
Ante Rebić,CRO,"FW,MF",Lecce,30,1993,8.8,3,2,0,19,14,7,32,2,9,0,0,0,33,27,37,42.2
Tijjani Reijnders,NED,MF,Milan,26,1998,34.8,2,1,0,28,22,2,46,38,13,1,0,0,125,5,15,25.0
Pepe Reina,ESP,GK,Como,41,1982,11.5,0,1,0,1,1,0,0,0,0,0,0,0,11,1,0,100.0
Devyne Rensch,NED,DF,Roma,21,2003,5.2,0,0,0,1,7,1,11,7,13,0,0,0,13,10,7,58.8
Mateo Retegui,ITA,FW,Atalanta,25,1999,26.5,3,0,0,32,34,6,15,4,9,2,0,0,69,51,68,42.9
Samuele Ricci,ITA,MF,Torino,22,2001,31.4,8,1,0,38,70,0,30,25,21,0,0,0,130,14,15,48.3
Amir Richardson,MAR,MF,Fiorentina,22,2002,11.4,6,0,0,30,19,1,5,6,13,0,0,0,51,19,16,54.3
Sergi Roberto,ESP,MF,Como,32,1992,7.7,4,0,0,7,14,0,6,9,8,0,2,0,48,7,9,43.8
Alessio Romagnoli,ITA,DF,Lazio,29,1995,29.7,4,2,0,29,14,2,0,26,29,0,0,0,96,84,47,64.1
Marten de Roon,NED,"MF,DF",Atalanta,33,1991,34.0,5,0,0,48,22,1,28,47,48,0,0,0,140,46,29,61.3
Jonas Rouhi,SWE,DF,Juventus,20,2004,2.3,0,0,0,4,2,0,3,3,1,0,0,0,15,0,4,0.0
Nicolò Rovella,ITA,MF,Lazio,22,2001,30.2,13,0,0,43,33,2,37,47,50,0,0,0,154,11,19,36.7
Amir Rrahmani,KVX,DF,Napoli,30,1994,37.8,2,0,0,42,16,0,1,27,31,0,0,1,135,124,55,69.3
Matteo Ruggeri,ITA,DF,Atalanta,22,2002,19.5,2,0,0,12,5,2,82,22,24,0,0,0,124,23,15,60.5
Stefano Sabelli,ITA,DF,Genoa,31,1993,22.9,3,0,0,25,23,0,60,22,31,0,0,0,92,16,26,38.1
Richie Sagrado,BEL,DF,Venezia,20,2004,1.6,1,0,0,2,2,0,0,3,2,0,0,0,6,2,0,100.0
Marco Sala,ITA,DF,Como,25,1999,2.9,3,0,0,5,1,0,9,1,6,0,0,0,11,1,2,33.3
Marco Sala,ITA,DF,Lecce,25,1999,0.8,0,0,0,1,1,0,8,0,0,0,0,0,1,0,2,0.0
Anass Salah-Eddine,NED,DF,Roma,22,2002,1.7,0,0,0,2,1,0,6,1,1,0,0,0,6,0,1,0.0
Lazar Samardzic,SRB,MF,Atalanta,22,2002,13.0,3,0,0,19,10,1,60,2,15,0,0,0,50,4,23,14.8
Antonio Sanabria,PAR,FW,Torino,28,1996,14.6,2,0,0,16,13,1,0,1,3,1,0,0,24,26,58,31.0
Alexis Sánchez,CHI,FW,Udinese,35,1988,4.9,0,0,0,4,11,4,8,4,1,0,0,0,17,2,12,14.3
Nicola Sansone,ITA,"MF,FW",Lecce,32,1991,0.7,1,0,0,0,1,1,4,0,0,0,0,0,1,0,1,0.0
Amin Sarr,SWE,FW,Hellas Verona,23,2001,21.2,1,0,0,47,20,13,7,3,12,0,1,0,42,65,91,41.7
Razvan Sava,ROU,GK,Udinese,22,2002,12.0,1,0,0,1,1,0,0,0,0,0,1,0,13,0,1,0.0
Nicolò Savona,ITA,DF,Juventus,21,2003,19.2,5,0,0,13,9,1,34,11,13,0,0,0,72,9,18,33.3
Giorgio Scalvini,ITA,DF,Atalanta,20,2003,3.0,2,0,0,7,1,0,0,4,4,0,0,0,13,8,6,57.1
Joël Schingtienne,BEL,DF,Venezia,21,2002,12.5,2,0,0,7,1,0,0,14,16,0,1,0,49,4,14,22.2
Simone Scuffet,ITA,GK,Cagliari,28,1996,13.0,0,0,0,0,1,0,0,0,0,0,0,0,17,3,1,75.0
Simone Scuffet,ITA,GK,Napoli,28,1996,1.0,0,0,0,0,0,0,0,0,0,0,0,0,0,1,0,100.0
Stefano Sensi,ITA,MF,Monza,28,1995,3.0,0,0,0,3,6,0,12,3,5,0,0,0,16,2,3,40.0
Suat Serdar,GER,MF,Hellas Verona,27,1997,15.3,4,1,1,33,18,0,9,8,22,0,0,0,74,14,14,50.0
Eldor Shomurodov,UZB,"FW,MF",Roma,29,1995,12.2,1,0,0,14,7,3,6,3,6,0,0,0,36,26,38,40.6
Marco Silvestri,ITA,GK,Empoli,33,1991,5.0,0,0,0,0,0,0,0,0,0,0,0,0,6,1,0,100.0
Giovanni Simeone,ARG,FW,Napoli,29,1995,4.7,1,0,0,7,16,2,3,1,0,0,0,0,25,8,34,19.0
Łukasz Skorupski,POL,GK,Bologna,33,1991,26.3,1,0,0,1,4,0,0,0,0,0,1,0,47,2,1,66.7
Ivan Smolčić,CRO,DF,Como,23,2000,7.0,2,0,0,11,5,0,4,10,9,0,1,0,27,11,10,52.4
Simon Sohm,SUI,MF,Parma,23,2001,33.2,6,0,0,19,30,1,15,26,17,0,0,0,127,29,29,50.0
Ola Solbakken,NOR,"MF,FW",Empoli,25,1998,8.4,2,0,0,8,2,2,7,2,4,0,0,0,19,9,19,32.1
Oumar Solet,FRA,DF,Udinese,24,2000,18.6,3,1,1,17,14,0,9,17,19,0,0,0,92,20,20,50.0
Daniele Sommariva,ITA,GK,Genoa,27,1997,0.3,0,0,0,0,0,0,0,0,0,0,0,0,0,1,0,100.0
Yann Sommer,SUI,GK,Inter,35,1988,32.0,0,0,0,0,1,0,0,0,0,0,0,0,46,4,0,100.0
Borna Sosa,CRO,DF,Torino,26,1998,13.1,0,0,0,12,7,1,51,14,19,0,1,0,53,16,19,45.7
Riccardo Sottil,ITA,"FW,MF",Fiorentina,25,1999,9.3,1,0,0,7,33,1,41,4,4,1,0,0,44,4,9,30.8
Riccardo Sottil,ITA,"FW,MF",Milan,25,1999,1.4,0,0,0,1,3,0,9,0,1,0,0,0,5,1,0,100.0
Matìas Soulé,ARG,"MF,DF",Roma,21,2003,19.8,3,0,0,12,36,1,88,9,16,0,0,0,105,10,17,37.0
Filip Stankovic,SRB,GK,Venezia,22,2002,15.2,1,0,0,0,1,0,0,0,0,0,0,0,15,5,0,100.0
Gabriel Strefezza,BRA,"FW,MF",Como,27,1997,29.1,5,0,0,46,71,2,123,13,39,0,0,0,108,10,24,29.4
Ibrahim Sulemana,GHA,MF,Atalanta,21,2003,3.1,1,0,0,2,2,0,0,0,4,0,0,0,13,9,4,69.2
Tomáš Suslov,SVK,"MF,FW",Hellas Verona,22,2002,23.1,7,1,1,54,65,2,49,18,38,0,0,0,88,5,25,16.7
Zion Suzuki,JPN,GK,Parma,21,2002,36.8,2,1,1,3,6,0,0,0,0,0,1,0,44,13,1,92.9
Marin Šverko,CRO,DF,Venezia,26,1998,12.4,3,0,0,9,10,0,2,16,9,0,1,0,44,20,20,50.0
Mile Svilar,SRB,GK,Roma,24,1999,38.0,1,0,0,0,8,0,0,0,0,0,0,0,53,6,1,85.7
Michael Svoboda,AUT,DF,Venezia,25,1998,14.6,1,0,0,7,11,0,2,22,14,0,0,0,71,35,28,55.6
Adrien Tameze,CMR,"MF,DF",Torino,30,1994,7.2,3,0,0,8,4,0,9,10,2,0,1,0,25,11,8,57.9
Mehdi Taremi,IRN,FW,Inter,32,1992,9.0,1,0,0,9,13,6,1,0,1,1,0,0,29,19,24,44.2
Nuno Tavares,POR,DF,Lazio,24,2000,18.7,4,1,1,18,30,1,126,21,21,0,1,0,104,11,11,50.0
Loum Tchaouna,FRA,"FW,MF",Lazio,20,2003,7.3,4,1,1,10,7,0,32,4,4,0,0,0,18,5,26,16.1
Casper Tengstedt,DEN,FW,Hellas Verona,24,2000,16.9,2,0,0,6,9,6,10,4,5,0,0,0,37,20,61,24.7
Florian Thauvin,FRA,"FW,MF",Udinese,31,1993,21.7,0,0,0,10,27,3,168,7,14,0,0,0,68,5,10,33.3
Malick Thiaw,GER,DF,Milan,22,2001,20.1,2,0,0,24,6,1,3,15,17,0,0,3,65,49,27,64.5
Morten Thorsby,NOR,"MF,FW",Genoa,28,1996,21.1,6,0,0,53,15,9,9,5,30,0,2,1,51,107,99,51.9
Khéphren Thuram,FRA,MF,Juventus,23,2001,25.8,5,0,0,36,22,0,13,14,21,0,0,0,110,28,29,49.1
Marcus Thuram,FRA,FW,Inter,26,1997,24.4,1,0,0,30,33,13,13,3,8,2,0,0,71,45,34,57.0
Cheikh Tidiane Niasse,SEN,MF,Hellas Verona,24,2000,8.4,4,0,0,11,14,0,2,17,15,0,0,0,26,19,21,47.5
Rafael Tolói,ITA,DF,Atalanta,33,1990,5.2,1,0,0,6,2,0,2,8,5,0,0,0,33,9,1,90.0
Fikayo Tomori,ENG,DF,Milan,26,1997,17.7,4,1,1,10,8,0,6,20,25,0,0,0,60,28,30,48.3
Souleymane Touré,FRA,DF,Udinese,21,2003,8.1,2,2,0,15,6,1,6,9,6,0,0,1,23,7,5,58.3
Stefano Turati,ITA,GK,Monza,22,2001,29.7,1,0,0,0,12,0,0,0,0,0,0,0,32,3,1,75.0
Kacper Urbanski,POL,MF,Bologna,19,2004,2.7,2,0,0,5,4,0,8,2,2,0,0,0,16,2,8,20.0
Kacper Urbanski,POL,MF,Monza,19,2004,5.6,1,0,0,8,4,0,4,2,3,0,0,0,23,6,13,31.6
Lautaro Valenti,ARG,DF,Parma,25,1999,17.3,6,1,1,24,7,0,2,13,12,0,0,0,48,24,21,53.3
Nicolás Valentini,ARG,DF,Hellas Verona,23,2001,12.5,5,1,1,22,5,0,5,15,23,0,1,0,43,50,13,79.4
Emanuele Valeri,ITA,DF,Parma,25,1998,31.9,1,0,0,28,26,0,129,29,31,0,0,0,124,19,19,50.0
Álex Valle,ESP,DF,Como,20,2004,11.4,2,0,0,14,18,1,16,8,12,0,0,0,51,6,15,28.6
Mattia Valoti,ITA,MF,Monza,30,1993,0.4,1,0,0,2,2,0,0,0,3,0,0,0,3,0,1,0.0
Devis Vásquez,COL,GK,Empoli,26,1998,32.0,2,0,0,1,4,0,0,0,0,0,1,0,43,8,1,88.9
Johan Vásquez,MEX,DF,Genoa,25,1998,33.8,9,0,0,31,32,1,7,50,31,1,1,0,122,93,75,55.4
Matías Vecino,URU,MF,Lazio,32,1991,9.7,7,0,0,20,3,0,2,5,7,0,0,0,29,30,28,51.7
Danilo Veiga,POR,DF,Lecce,21,2002,4.2,0,0,0,6,11,0,17,4,6,0,0,0,19,5,11,31.3
Renato Veiga,POR,DF,Juventus,21,2003,12.1,2,0,0,9,2,1,0,19,12,0,0,0,38,27,11,71.1
Lorenzo Venturino,ITA,"FW,MF",Genoa,18,2006,1.9,0,0,0,3,1,0,10,0,3,0,0,0,8,1,1,50.0
Samuele Vignato,ITA,MF,Monza,20,2004,5.2,0,0,0,3,3,1,14,0,3,0,0,0,12,5,13,27.8
Nicolas Viola,ITA,"FW,MF",Cagliari,34,1989,14.1,2,0,0,20,34,8,79,3,7,0,0,0,52,21,24,46.7
Mattia Viti,ITA,DF,Empoli,22,2002,28.6,3,0,0,30,29,1,0,48,45,0,0,0,97,61,52,54.0
Vitinha,POR,"FW,MF",Genoa,24,2000,14.8,2,0,0,23,25,8,45,12,8,0,0,0,53,31,28,52.5
Dušan Vlahović,SRB,FW,Juventus,24,2000,19.8,3,0,0,27,18,12,9,1,2,0,0,0,36,39,42,48.1
Vanja Vlahović,SRB,"FW,MF",Atalanta,20,2004,0.7,0,0,0,0,3,0,0,0,1,1,0,0,0,0,3,0.0
Nikola Vlašić,CRO,"MF,FW",Torino,26,1997,23.5,0,0,0,28,26,6,26,9,19,0,0,0,93,27,29,48.2
Alessandro Vogliacco,ITA,DF,Genoa,25,1998,7.9,3,0,0,12,2,0,11,9,3,0,1,0,20,11,8,57.9
Alessandro Vogliacco,ITA,DF,Parma,25,1998,8.6,2,0,0,10,5,0,2,3,2,0,0,1,24,17,13,56.7
Mërgim Vojvoda,KVX,DF,Torino,29,1995,12.3,4,0,0,13,4,1,40,7,10,0,0,0,53,8,10,44.4
Mërgim Vojvoda,KVX,DF,Como,29,1995,8.0,2,0,0,8,2,1,26,3,6,0,0,0,28,6,6,50.0
Stefan de Vrij,NED,DF,Inter,32,1992,18.2,2,0,0,8,4,0,0,22,11,0,0,0,66,65,38,63.1
Kyle Walker,ENG,DF,Milan,34,1990,7.3,1,0,0,7,4,0,11,9,9,0,0,0,37,6,3,66.7
Sebastian Walukiewicz,POL,DF,Torino,24,2000,18.5,6,0,0,29,7,1,24,18,20,0,0,0,52,23,36,39.0
Sebastian Walukiewicz,POL,DF,Empoli,24,2000,2.0,0,0,0,4,0,0,2,1,0,0,0,0,6,5,3,62.5
Mateusz Wieteska,POL,DF,Cagliari,27,1997,2.0,1,0,0,4,0,0,0,7,0,0,1,0,11,2,7,22.2
John Yeboah,ECU,"FW,MF",Venezia,24,2000,13.6,6,0,0,14,21,4,26,4,3,1,0,0,45,6,10,37.5
Kenan Yıldız,TUR,"FW,MF",Juventus,19,2005,26.7,2,1,0,25,48,4,115,5,30,0,0,0,123,8,26,23.5
Mattia Zaccagni,ITA,FW,Lazio,29,1995,29.8,10,0,0,35,98,9,156,29,27,0,0,0,86,19,21,47.5
Andre-Frank Zambo Anguissa,CMR,MF,Napoli,28,1995,31.7,5,0,0,39,36,2,23,35,26,1,1,0,150,67,50,57.3
Francesco Zampano,ITA,DF,Venezia,30,1993,18.2,5,0,0,24,19,5,49,6,20,0,0,0,77,10,18,35.7
Nicolò Zaniolo,ITA,FW,Fiorentina,25,1999,3.8,2,1,0,11,15,3,4,0,1,0,0,0,11,3,9,25.0
Nicolò Zaniolo,ITA,"FW,MF",Atalanta,25,1999,4.0,4,0,0,9,17,0,4,1,0,0,0,0,11,4,5,44.4
Alessandro Zanoli,ITA,"FW,DF",Genoa,23,2000,19.0,3,0,0,17,19,1,65,12,20,0,0,0,60,19,19,50.0
Duván Zapata,COL,FW,Torino,33,1991,6.5,1,0,0,10,8,2,3,2,5,0,0,0,15,20,28,41.7
Gabriele Zappa,ITA,DF,Cagliari,24,1999,34.0,4,0,0,25,18,0,72,23,23,0,0,0,123,21,27,43.8
Davide Zappacosta,ITA,DF,Atalanta,32,1992,23.0,3,0,0,19,14,6,95,11,16,0,0,0,89,9,12,42.9
Oier Zarraga,ESP,MF,Udinese,25,1999,10.0,0,0,0,12,6,0,20,2,13,0,0,0,25,6,11,35.3
Jordan Zemura,ZIM,DF,Udinese,24,1999,15.7,2,0,0,22,7,2,39,16,14,0,0,0,60,6,14,30.0
Alessio Zerbin,ITA,DF,Venezia,25,1999,16.9,4,0,0,36,34,3,74,15,28,0,0,0,69,10,12,45.5
Kevin Zeroli,ITA,MF,Monza,19,2005,4.4,0,0,0,5,1,2,2,2,2,0,0,0,15,5,4,55.6
Piotr Zieliński,POL,MF,Inter,30,1994,10.9,0,0,0,9,16,0,28,6,10,0,0,0,58,9,3,75.0
Milan Đurić,BIH,FW,Monza,34,1990,14.1,3,0,0,17,18,5,0,2,1,0,0,0,13,132,50,72.5
Milan Đurić,BIH,FW,Parma,34,1990,3.0,1,0,0,2,6,1,0,0,0,0,0,0,8,35,15,70.0
Junior Adamu,AUT,FW,Freiburg,23,2001,17.2,5,1,0,38,22,17,5,12,3,0,0,0,52,53,108,32.9
Karim Adeyemi,GER,"FW,MF",Dortmund,22,2002,15.9,4,0,0,27,18,4,26,7,14,0,0,0,48,9,13,40.9
Amine Adli,MAR,"MF,FW",Leverkusen,24,2000,8.5,3,0,0,15,9,7,33,0,9,2,0,0,30,21,26,44.7
Oladapo Afolayan,ENG,"FW,MF",St. Pauli,26,1998,18.2,3,0,0,21,42,9,53,8,8,1,0,0,72,19,45,29.7
Felix Agu,NGA,DF,Werder Bremen,24,1999,19.5,1,0,0,11,43,4,49,21,14,0,0,1,67,21,30,41.2
Erik Ahlstrand,SWE,"FW,MF",St. Pauli,22,2001,0.5,0,0,0,0,0,1,0,1,0,0,0,0,0,0,3,0.0
Kevin Akpoguma,NGA,DF,Hoffenheim,29,1995,24.7,3,0,0,25,23,1,12,29,27,0,4,0,107,48,47,50.5
Andreas Albers,DEN,FW,St. Pauli,34,1990,0.7,0,0,0,3,2,0,0,0,1,0,0,0,3,10,12,45.5
Skelly Alvero,FRA,MF,Werder Bremen,22,2002,2.6,1,0,0,7,5,0,0,2,6,0,0,0,13,5,3,62.5
Aurele Amenda,SUI,DF,Eint Frankfurt,21,2003,1.1,1,0,0,3,2,0,0,2,0,0,0,0,2,8,3,72.7
Nadiem Amiri,GER,MF,Mainz 05,27,1996,27.5,9,2,1,44,51,2,166,16,23,0,0,0,207,16,17,48.5
Mohamed Amoura,ALG,FW,Wolfsburg,24,2000,27.4,6,0,0,30,20,24,35,9,22,1,0,0,92,19,45,29.7
Robert Andrich,GER,"MF,DF",Leverkusen,29,1994,17.8,7,0,0,29,17,0,12,29,12,0,1,0,73,21,12,63.6
Waldemar Anton,GER,DF,Dortmund,28,1996,21.7,4,0,0,20,20,1,24,30,21,0,0,1,122,46,27,63.0
Maximilian Arnold,GER,MF,Wolfsburg,30,1994,26.2,7,1,0,30,52,0,152,24,20,0,0,0,154,14,23,37.8
Jann-Fiete Arp,GER,"FW,MF",Holstein Kiel,24,2000,7.9,8,1,1,20,18,2,24,3,10,0,0,0,21,2,13,13.3
Arthur,BRA,DF,Leverkusen,21,2003,8.4,1,0,0,20,6,0,16,9,11,0,1,0,31,10,12,45.5
Noah Atubolu,GER,GK,Freiburg,22,2002,25.6,2,0,0,0,0,0,0,0,0,0,0,0,53,10,1,90.9
Adam Aznou,MAR,DF,Bayern Munich,18,2006,0.2,0,0,0,0,0,0,1,0,0,0,0,0,1,0,1,0.0
Aliou Badara Baldé,GUI,"MF,FW",Bochum,21,2002,1.0,1,0,0,1,0,2,4,0,1,0,0,0,3,0,2,0.0
Ridle Baku,GER,"FW,MF",Wolfsburg,26,1998,13.0,2,0,0,13,10,1,37,15,15,0,0,0,68,5,16,23.8
Samuel Bamba,GER,"FW,MF",Bochum,20,2004,0.3,0,0,0,0,1,1,5,0,1,0,0,0,2,1,2,33.3
Noahkai Banks,USA,DF,Augsburg,17,2006,3.1,2,0,0,2,1,0,2,5,5,0,0,1,13,8,8,50.0
Scott Banks,SCO,"FW,MF",St. Pauli,22,2001,1.3,1,0,0,2,4,0,5,2,1,0,0,0,4,1,6,14.3
Aymen Barkok,MAR,MF,Mainz 05,26,1998,0.8,0,0,0,2,1,0,5,2,1,0,0,0,4,2,5,28.6
Michy Batshuayi,BEL,FW,Eint Frankfurt,30,1993,3.3,2,0,0,6,2,4,1,1,1,0,0,0,10,3,8,27.3
Maximilian Bauer,GER,DF,Augsburg,24,2000,7.3,1,0,0,7,13,0,4,6,8,0,0,0,20,19,12,61.3
Oliver Baumann,GER,GK,Hoffenheim,34,1990,28.0,1,0,0,0,6,0,0,0,2,0,0,0,53,8,0,100.0
Christoph Baumgartner,AUT,MF,RB Leipzig,24,1999,17.9,5,0,0,44,29,4,14,12,28,0,0,0,86,41,39,51.3
Adrian Beck,GER,"MF,FW",Heidenheim,27,1997,17.8,1,0,0,16,14,2,32,9,17,0,0,0,131,29,20,59.2
Timo Becker,GER,DF,Holstein Kiel,27,1997,27.2,2,0,0,9,9,0,22,17,33,0,0,0,98,31,38,44.9
Kevin Behrens,GER,FW,Wolfsburg,33,1991,1.9,2,0,0,4,1,1,0,1,1,0,0,0,9,14,16,46.7
Maximilian Beier,GER,"FW,MF",Dortmund,21,2002,17.7,2,0,0,17,16,9,16,7,16,0,0,0,49,23,20,53.5
Stefan Bell,GER,DF,Mainz 05,32,1991,16.0,4,0,0,24,10,3,0,28,12,0,0,0,65,83,37,69.2
László Bénes,SVK,"MF,FW",Union Berlin,26,1997,6.5,4,0,0,9,4,1,48,3,2,0,0,0,32,7,9,43.8
Ramy Bensebaini,ALG,DF,Dortmund,29,1995,22.5,6,0,0,28,24,0,36,33,25,0,0,0,100,41,25,62.1
Mergim Berisha,GER,"FW,MF",Hoffenheim,26,1998,3.7,1,0,0,5,5,3,3,0,3,0,0,0,10,3,14,17.6
Mergim Berisha,GER,FW,Augsburg,26,1998,0.4,1,0,0,2,0,0,1,0,0,0,0,0,1,0,1,0.0
Bernardo,BRA,DF,Bochum,29,1995,19.8,5,0,0,24,11,0,14,26,28,0,0,0,83,90,43,67.7
Alexander Bernhardsson,SWE,"FW,MF",Holstein Kiel,25,1998,14.0,3,0,0,21,15,2,34,5,15,1,0,0,45,19,34,35.8
Matúš Bero,SVK,MF,Bochum,28,1995,28.5,11,0,0,50,34,1,124,17,35,0,0,0,164,22,43,33.8
Jan-Niklas Beste,GER,"FW,MF",Freiburg,25,1999,2.4,0,0,0,3,6,1,20,1,1,0,0,0,16,1,4,20.0
El Bilal Touré,MLI,"FW,MF",Stuttgart,22,2001,4.0,0,0,0,9,3,1,0,0,1,0,0,0,8,19,14,57.6
Tom Bischof,GER,"MF,FW",Hoffenheim,19,2005,28.4,5,0,0,45,33,1,145,30,53,0,0,0,156,14,19,42.4
Leonardo Bittencourt,GER,MF,Werder Bremen,30,1993,10.9,3,0,0,15,19,2,22,15,9,0,0,0,44,5,15,25.0
Myron Boadu,NED,FW,Bochum,23,2001,11.6,2,0,0,11,6,12,3,1,1,0,0,0,20,19,20,48.7
Sacha Boey,FRA,DF,Bayern Munich,23,2000,6.6,1,0,0,7,7,0,11,2,5,0,1,0,38,6,9,40.0
Victor Boniface,NGA,FW,Leverkusen,23,2000,11.2,2,0,0,14,8,7,6,0,4,0,0,0,28,32,22,59.3
Sebastiaan Bornauw,BEL,DF,Wolfsburg,25,1999,8.8,2,0,0,12,2,0,1,12,6,0,1,0,28,36,21,63.2
Carlo Boukhalfa,MAR,MF,St. Pauli,25,1999,18.3,1,0,0,18,17,2,10,12,11,0,0,0,60,23,42,35.4
Julian Brandt,GER,MF,Dortmund,28,1996,25.6,1,0,0,8,9,5,71,14,11,0,0,0,119,11,29,27.5
Tim Breithaupt,GER,MF,Augsburg,22,2002,1.3,0,0,0,2,3,0,1,2,1,0,0,0,9,4,5,44.4
Maximilian Breunig,GER,"FW,MF",Heidenheim,23,2000,3.9,0,0,0,8,5,1,1,1,3,0,0,0,13,9,31,22.5
Moritz Broschinski,GER,"FW,MF",Bochum,23,2000,15.4,1,0,0,27,18,5,28,1,14,0,0,0,64,31,42,42.5
Jacob Bruun Larsen,DEN,"FW,MF",Hoffenheim,25,1998,4.4,0,0,0,2,2,3,19,1,3,0,0,0,16,5,3,62.5
Jacob Bruun Larsen,DEN,"MF,FW",Stuttgart,25,1998,4.6,1,0,0,2,2,6,18,1,1,0,0,0,11,3,6,33.3
Emi Buendía,ARG,MF,Leverkusen,27,1996,2.9,0,0,0,6,7,0,3,0,5,0,0,0,20,5,3,62.5
Marius Bülter,GER,"FW,DF",Hoffenheim,31,1993,19.2,4,0,0,11,36,6,84,4,10,1,0,0,63,18,28,39.1
Jonathan Burkardt,GER,FW,Mainz 05,24,2000,23.4,0,0,0,23,24,11,27,1,8,1,0,0,73,20,85,19.0
Oliver Burke,SCO,FW,Werder Bremen,27,1997,10.1,4,0,0,12,2,8,20,2,4,0,0,0,26,40,21,65.6
Anthony Caci,FRA,DF,Mainz 05,27,1997,29.8,6,0,0,37,11,15,133,27,40,0,0,0,131,35,33,51.5
Cole Campbell,USA,"MF,FW",Dortmund,18,2006,0.2,0,0,0,1,1,0,1,0,0,0,0,0,3,0,2,0.0
Tiago Cardoso,LUX,GK,Gladbach,18,2006,4.2,0,0,0,0,0,0,0,0,0,0,0,0,4,4,0,100.0
Abdoulie Ceesay,GAM,FW,St. Pauli,20,2004,0.7,1,0,0,2,3,0,0,0,3,0,0,0,4,0,6,0.0
Julian Chabot,GER,DF,Stuttgart,26,1998,25.2,11,1,1,35,28,5,2,38,24,0,0,0,98,78,42,65.0
El Chadaille Bitshiabu,FRA,DF,RB Leipzig,19,2005,12.6,2,1,0,8,2,0,4,13,18,0,0,0,55,22,18,55.0
Fares Chaïbi,ALG,"MF,FW",Eint Frankfurt,21,2002,11.3,2,0,0,5,7,1,72,10,9,0,0,0,30,16,21,43.2
Timothy Chandler,USA,DF,Eint Frankfurt,34,1990,0.3,0,0,0,0,2,0,1,3,0,0,0,0,1,4,1,80.0
Anrie Chase,JPN,DF,Stuttgart,20,2004,8.2,1,0,0,12,2,0,3,9,4,0,1,0,21,17,12,58.6
Arthur Chaves,BRA,DF,Hoffenheim,23,2001,24.3,8,0,0,38,19,1,8,37,36,0,0,0,93,67,62,51.9
Fabio Chiarodia,ITA,DF,Gladbach,19,2005,4.2,0,0,0,7,0,0,0,9,4,0,0,0,9,7,2,77.8
Carney Chukwuemeka,ENG,MF,Dortmund,20,2003,2.8,1,0,0,4,5,1,1,1,5,0,0,0,12,6,8,42.9
Alexis Claude-Maurice,FRA,"MF,FW",Augsburg,26,1998,23.4,4,0,0,26,42,3,21,15,26,1,0,0,72,14,23,37.8
Nnamdi Collins,GER,DF,Eint Frankfurt,20,2004,16.5,4,0,0,26,22,0,17,16,24,0,0,0,78,13,13,50.0
Kingsley Coman,FRA,FW,Bayern Munich,28,1996,14.2,0,0,0,9,12,8,45,8,12,0,0,0,59,11,16,40.7
Sirlord Conteh,GER,"FW,MF",Heidenheim,28,1996,9.9,2,0,0,8,11,4,20,1,5,0,0,0,17,16,20,44.4
Danny da Costa,GER,DF,Mainz 05,31,1993,22.3,0,0,0,19,4,0,22,27,23,0,0,0,98,33,38,46.5
Tomáš Čvančara,CZE,FW,Gladbach,23,2000,9.2,5,1,1,11,6,1,15,5,1,0,0,0,23,13,16,44.8
Finn Dahmen,GER,GK,Augsburg,26,1998,19.0,0,0,0,0,1,0,0,0,0,0,0,0,33,5,0,100.0
Thomas Dähne,GER,GK,Holstein Kiel,30,1994,9.0,0,0,0,1,1,0,0,0,0,0,1,0,15,6,0,100.0
Mahmoud Dahoud,GER,MF,Eint Frankfurt,28,1996,4.0,2,0,0,10,2,0,4,2,4,0,0,0,20,1,2,33.3
Ameen Al-Dakhil,BEL,DF,Stuttgart,22,2002,4.8,0,1,0,4,5,0,0,9,6,0,0,0,17,8,9,47.1
Bence Dárdai,HUN,MF,Wolfsburg,18,2006,14.5,0,0,0,9,16,0,10,12,14,1,0,0,52,10,15,40.0
Lukas Daschner,GER,"MF,FW",Bochum,25,1998,4.6,0,0,0,4,2,0,19,0,2,0,0,0,17,4,8,33.3
Alphonso Davies,CAN,DF,Bayern Munich,23,2000,17.3,0,0,0,8,26,3,22,13,17,0,0,0,115,9,8,52.9
Olivier Deman,BEL,DF,Werder Bremen,24,2000,0.7,1,0,0,1,2,0,6,3,3,0,0,0,5,4,0,100.0
Ermedin Demirović,BIH,FW,Stuttgart,26,1998,20.6,2,0,0,24,27,17,3,3,7,0,0,0,33,34,47,42.0
Justin Diehl,GER,"FW,DF",Stuttgart,19,2004,1.2,0,0,0,2,0,0,10,0,0,0,0,0,8,0,1,0.0
Eric Dier,ENG,DF,Bayern Munich,30,1994,16.3,1,0,0,16,4,1,2,20,11,0,0,0,80,52,43,54.7
Junior Dina Ebimbe,FRA,"MF,FW",Eint Frankfurt,23,2000,3.3,0,0,0,10,4,1,8,7,2,0,1,0,11,8,4,66.7
Eren Dinkçi,GER,"MF,FW",Freiburg,22,2001,13.3,1,0,0,9,6,1,15,7,13,1,0,0,55,6,14,30.0
Ritsu Doan,JPN,"FW,MF",Freiburg,26,1998,31.8,2,0,0,27,56,8,80,14,42,1,1,0,133,16,36,30.8
Danilho Doekhi,NED,DF,Union Berlin,26,1998,34.0,4,0,0,36,14,2,10,44,24,0,1,0,97,93,75,55.4
Niklas Dorsch,GER,MF,Heidenheim,26,1998,14.8,5,1,0,15,20,0,37,17,16,0,0,0,74,7,9,43.8
Patrick Drewes,GER,GK,Bochum,31,1993,21.0,2,0,0,1,3,0,0,0,0,0,1,0,36,3,0,100.0
Tim Drexler,GER,DF,Hoffenheim,19,2005,4.0,2,0,0,8,2,0,1,1,7,0,0,0,10,2,12,14.3
Marvin Ducksch,GER,FW,Werder Bremen,30,1994,26.9,3,0,0,6,17,14,167,8,7,0,0,0,65,19,29,39.6
Julien Duranville,BEL,"FW,MF",Dortmund,18,2006,3.1,3,0,0,10,7,2,13,0,0,1,0,0,5,0,1,0.0
Johannes Eggestein,GER,FW,St. Pauli,26,1998,20.6,3,0,0,11,12,14,35,0,3,0,0,0,58,28,85,24.8
Maximilian Eggestein,GER,MF,Freiburg,27,1996,31.6,4,0,0,22,24,1,9,39,32,0,0,0,154,60,56,51.7
Hugo Ekitike,FRA,FW,Eint Frankfurt,22,2002,28.5,1,0,0,39,17,19,17,7,12,1,0,0,87,52,59,46.8
Elif Elmas,MKD,MF,RB Leipzig,24,1999,0.5,1,0,0,2,0,1,0,0,1,0,0,0,3,0,1,0.0
Nico Elvedi,SUI,DF,Gladbach,27,1996,23.7,1,0,0,9,14,1,1,30,23,0,0,1,89,46,44,51.1
Arne Engels,BEL,"MF,FW",Augsburg,20,2003,0.9,1,0,0,3,1,0,4,0,0,0,0,0,0,1,0,100.0
Patrick Erras,GER,DF,Holstein Kiel,29,1995,9.2,2,0,0,11,0,0,0,9,5,0,0,0,24,27,16,62.8
Samuel Essende,COD,FW,Augsburg,26,1998,18.2,4,2,0,45,34,13,5,0,6,0,0,0,42,57,73,43.8
Kilian Fischer,GER,DF,Wolfsburg,23,2000,25.5,7,0,0,34,7,0,39,19,44,0,0,0,84,21,36,36.8
Jonas Föhrenbach,GER,DF,Heidenheim,28,1996,20.4,3,0,0,14,4,1,59,16,24,0,0,0,67,14,17,45.2
Marco Friedl,AUT,DF,Werder Bremen,26,1998,24.0,10,2,1,26,16,3,2,34,42,0,0,2,141,46,43,51.7
Marvin Friedrich,GER,DF,Gladbach,28,1995,11.0,0,0,0,5,4,0,0,5,9,0,0,0,42,34,19,64.2
Chris Führich,GER,"MF,FW",Stuttgart,26,1998,22.0,1,0,0,9,6,2,82,6,10,0,0,0,64,5,8,38.5
Shiō Fukuda,JPN,FW,Gladbach,20,2004,0.7,0,0,0,2,0,1,1,0,0,0,0,0,1,3,3,50.0
Cristian Gamboa,CRC,DF,Bochum,34,1989,2.5,1,0,0,1,3,0,7,2,3,0,0,0,11,0,1,0.0
Aleix García,ESP,MF,Leverkusen,27,1997,16.2,3,0,0,8,9,1,92,11,7,0,0,0,69,3,8,27.3
Viggo Gebel,GER,MF,RB Leipzig,16,2007,0.2,0,0,0,0,1,0,0,0,0,0,0,0,0,1,0,100.0
Lutsharel Geertruida,NED,DF,RB Leipzig,24,2000,17.3,2,0,0,17,6,1,13,16,24,0,1,0,83,12,6,66.7
Dennis Geiger,GER,"MF,FW",Hoffenheim,26,1998,8.2,4,0,0,26,10,0,5,7,11,0,1,0,35,2,4,33.3
Valentin Gendrey,FRA,DF,Hoffenheim,24,2000,15.7,1,0,0,12,27,2,51,15,12,0,0,0,52,26,24,52.0
Yannick Gerhardt,GER,"MF,DF",Wolfsburg,30,1994,16.9,5,1,0,20,13,2,24,17,16,0,0,0,49,21,29,42.0
Max Geschwill,GER,DF,Holstein Kiel,23,2001,14.2,2,0,0,13,8,1,10,30,21,0,0,1,53,14,21,40.0
Dimitris Giannoulis,GRE,DF,Augsburg,28,1995,29.4,8,0,0,17,20,1,120,47,32,1,0,0,136,9,23,28.1
Armin Gigovic,BIH,MF,Holstein Kiel,22,2002,21.1,5,0,0,22,28,2,14,21,13,1,1,0,117,18,19,48.6
Benedikt Gimber,GER,DF,Heidenheim,27,1997,29.7,9,0,0,61,49,1,3,31,46,0,2,0,98,66,52,55.9
Matthias Ginter,GER,DF,Freiburg,30,1994,28.5,5,0,0,13,26,1,13,19,17,1,0,0,93,98,61,61.6
Jamie Gittens,ENG,"FW,MF",Dortmund,19,2004,19.7,4,0,0,25,44,3,49,10,19,1,0,0,63,5,7,41.7
Serge Gnabry,GER,"FW,MF",Bayern Munich,29,1995,13.8,0,0,0,19,6,8,22,6,11,0,0,0,47,4,10,28.6
Tidiam Gomis,FRA,"MF,FW",RB Leipzig,17,2006,1.7,2,0,0,3,2,2,4,1,0,0,0,0,5,1,3,25.0
Leon Goretzka,GER,"MF,DF",Bayern Munich,29,1995,14.7,2,0,0,12,11,0,5,20,11,0,0,0,77,31,26,54.4
Robin Gosens,GER,DF,Union Berlin,30,1994,1.0,1,0,0,5,0,0,1,1,0,0,0,0,1,7,4,63.6
Mario Götze,GER,"MF,FW",Eint Frankfurt,32,1992,17.1,1,0,0,15,15,1,39,7,28,0,0,0,104,3,10,23.1
Jeffrey Gouweleeuw,NED,DF,Augsburg,33,1991,32.7,9,0,0,22,13,2,17,35,28,0,1,0,141,62,35,63.9
Kamil Grabara,POL,GK,Wolfsburg,25,1999,28.7,2,0,0,0,3,0,0,0,0,0,0,0,43,8,0,100.0
Michael Gregoritsch,AUT,FW,Freiburg,30,1994,7.1,2,0,0,7,5,4,1,1,2,0,0,0,18,31,34,47.7
Vincenzo Grifo,ITA,"FW,MF",Freiburg,31,1993,27.0,2,0,0,15,12,2,155,9,22,0,0,0,134,15,16,48.4
Florian Grillitsch,AUT,MF,Hoffenheim,28,1995,6.7,1,0,0,4,11,0,4,8,9,0,0,0,31,7,15,31.8
Álex Grimaldo,ESP,DF,Leverkusen,28,1995,29.3,6,1,1,15,25,8,217,16,14,1,0,0,142,16,17,48.5
Pascal Groß,GER,"MF,DF",Dortmund,33,1991,25.9,5,1,0,18,12,0,174,9,28,0,1,0,96,24,32,42.9
Marco Grüll,AUT,"FW,MF",Werder Bremen,26,1998,13.1,1,0,0,22,31,6,21,3,9,1,0,0,43,5,19,20.8
Morgan Guilavogui,GUI,"FW,MF",St. Pauli,26,1998,20.1,6,0,0,48,34,11,13,13,17,0,0,0,71,66,75,46.8
Serhou Guirassy,GUI,FW,Dortmund,28,1996,28.9,4,0,0,16,53,12,1,4,6,2,0,0,45,109,97,52.9
Péter Gulácsi,HUN,GK,RB Leipzig,34,1990,29.2,0,0,0,0,1,0,0,0,1,0,0,0,41,11,1,91.7
Robert Gumny,POL,DF,Augsburg,26,1998,3.0,2,0,0,4,4,0,5,1,3,0,0,0,11,3,3,50.0
Christian Günter,GER,DF,Freiburg,31,1993,25.7,0,0,0,14,4,5,121,8,21,0,0,1,61,7,15,31.8
Janik Haberer,GER,"MF,DF",Union Berlin,30,1994,18.8,1,0,0,22,15,3,15,17,29,0,0,0,83,15,29,34.1
Robin Hack,GER,"FW,MF",Gladbach,25,1998,24.1,4,0,0,19,21,9,61,9,17,1,0,0,123,19,27,41.3
Amadou Haidara,MLI,MF,RB Leipzig,26,1998,14.7,7,0,0,23,8,0,12,18,17,0,0,0,88,30,28,51.7
Andreas Hanche-Olsen,NOR,DF,Mainz 05,27,1997,14.3,4,1,1,20,9,0,1,12,13,0,1,0,44,49,28,63.6
Phil Harres,GER,FW,Holstein Kiel,22,2002,17.2,3,0,0,35,20,5,6,5,10,0,0,0,40,54,65,45.4
Ramon Hendriks,NED,DF,Stuttgart,23,2001,12.8,3,0,0,12,14,0,12,19,9,0,0,0,40,29,19,60.4
Paul Hennrich,GER,MF,Hoffenheim,19,2005,0.1,0,0,0,0,0,0,0,0,0,0,0,0,2,0,1,0.0
Benjamin Henrichs,GER,DF,RB Leipzig,27,1997,10.4,3,0,0,13,9,0,19,15,16,0,0,0,60,8,5,61.5
Mario Hermoso,ESP,DF,Leverkusen,29,1995,3.3,0,0,0,2,1,0,5,9,0,0,0,0,15,9,7,56.3
Piero Hincapié,ECU,DF,Leverkusen,22,2002,29.7,8,0,0,26,43,0,37,32,40,0,0,1,105,65,43,60.2
Adam Hložek,CZE,"FW,MF",Hoffenheim,22,2002,20.8,2,0,0,15,30,6,20,4,10,0,0,0,66,40,39,50.6
Nicolas Höfler,GER,MF,Freiburg,34,1990,8.8,3,0,0,12,5,0,1,14,23,0,0,0,27,28,15,65.1
Jonas Hofmann,GER,"MF,DF",Leverkusen,32,1992,4.0,1,0,0,1,9,0,5,0,0,0,0,0,11,0,4,0.0
Philipp Hofmann,GER,FW,Bochum,31,1993,25.3,4,0,0,36,31,4,10,4,12,0,1,0,52,164,126,56.6
Lucas Höler,GER,"FW,MF",Freiburg,30,1994,20.7,3,0,0,30,30,8,14,7,24,0,0,0,68,80,61,56.7
Benedict Hollerbach,GER,"FW,MF",Union Berlin,23,2001,28.2,3,0,0,42,45,17,73,2,22,2,1,0,111,29,65,30.9
Lewis Holtby,GER,MF,Holstein Kiel,33,1990,13.8,1,1,0,13,23,0,46,21,20,2,1,0,72,8,12,40.0
Franck Honorat,FRA,FW,Gladbach,27,1996,16.0,0,0,0,7,5,8,125,5,7,0,0,0,72,9,12,42.9
Mathias Honsak,AUT,"FW,DF",Heidenheim,27,1996,13.1,1,0,0,14,13,2,50,10,8,0,0,0,55,22,21,51.2
Timo Horn,GER,GK,Bochum,31,1993,13.0,2,0,0,0,2,0,0,0,0,0,0,0,25,3,0,100.0
Lukáš Hrádecký,FIN,GK,Leverkusen,34,1989,29.0,1,0,0,0,2,0,0,0,0,0,0,0,70,1,1,50.0
Robin Hranáč,CZE,DF,Hoffenheim,24,2000,2.4,0,0,0,5,0,0,0,5,0,0,0,0,12,5,9,35.7
Hong Hyunseok,KOR,MF,Mainz 05,25,1999,5.9,0,0,0,3,8,1,5,7,3,0,0,0,25,3,9,25.0
Oscar Højlund,DEN,MF,Eint Frankfurt,19,2005,8.0,0,0,0,12,3,0,1,5,12,0,0,0,40,7,17,29.2
Andrej Ilic,SRB,FW,Union Berlin,24,2000,10.4,1,0,0,14,8,8,3,5,2,0,0,0,16,52,56,48.1
Jackson Irvine,AUS,MF,St. Pauli,31,1993,29.0,2,0,0,38,16,2,18,36,28,0,1,0,125,85,65,56.7
Ko Itakura,JPN,DF,Gladbach,27,1997,31.0,5,0,0,28,12,1,9,28,29,0,1,0,95,65,35,65.0
Hiroki Ito,JPN,DF,Bayern Munich,25,1999,2.8,1,0,0,2,3,0,2,6,0,0,0,0,13,5,1,83.3
Marko Ivezić,SRB,DF,Holstein Kiel,22,2001,18.4,5,0,0,27,5,1,1,27,19,0,0,0,71,34,30,53.1
Lee Jae-sung,KOR,MF,Mainz 05,31,1992,29.4,4,0,0,23,40,9,31,35,21,2,1,0,119,50,72,41.0
Kristijan Jakić,CRO,MF,Augsburg,27,1997,25.6,2,0,0,23,28,3,13,28,23,0,0,0,133,35,30,53.8
Luca Jaquez,SUI,DF,Stuttgart,21,2003,2.8,0,0,0,4,0,0,1,3,0,0,0,0,11,4,2,66.7
Finn Jeltsch,GER,DF,Stuttgart,18,2006,8.7,2,0,0,7,5,0,3,13,13,0,0,0,34,12,8,60.0
Fredrik Jensen,FIN,MF,Augsburg,26,1997,8.5,0,0,0,5,5,3,20,4,7,0,0,0,15,6,13,31.6
Moritz Jenz,GER,DF,Mainz 05,25,1999,17.8,4,0,0,27,6,1,0,30,20,0,0,0,73,73,41,64.0
Carl Johansson,SWE,DF,Holstein Kiel,30,1994,6.3,0,1,0,5,4,0,0,10,2,0,1,0,18,29,21,58.0
Anthony Jung,GER,DF,Werder Bremen,32,1991,21.1,1,0,0,9,15,2,4,25,22,0,2,0,81,34,20,63.0
David Jurásek,CZE,DF,Hoffenheim,23,2000,6.9,0,0,0,1,2,1,55,6,3,0,0,0,40,3,2,60.0
Yusuf Kabadayı,GER,"FW,MF",Augsburg,20,2004,0.8,0,0,0,1,1,1,1,0,0,0,0,0,6,0,2,0.0
Almugera Kabar,GER,DF,Dortmund,18,2006,1.5,2,1,1,2,2,0,1,1,3,0,0,0,4,2,3,40.0
Pavel Kadeřábek,CZE,DF,Hoffenheim,32,1992,17.5,6,0,0,21,8,4,74,20,14,0,0,0,25,57,44,56.4
Kevin Kampl,SVN,MF,RB Leipzig,33,1990,17.7,5,0,0,20,7,1,29,24,18,0,0,0,100,3,13,18.8
Harry Kane,ENG,FW,Bayern Munich,31,1993,26.5,5,0,0,9,21,16,13,2,11,2,0,0,61,29,20,59.2
Mikkel Kaufmann,DEN,FW,Heidenheim,23,2001,4.1,2,0,0,5,14,0,1,2,4,1,0,0,13,17,19,47.2
Yannik Keitel,GER,MF,Stuttgart,24,2000,3.0,1,0,0,2,6,0,2,4,6,0,0,0,7,4,4,50.0
Andu Kelati,GER,"MF,DF",Holstein Kiel,21,2002,3.2,2,1,1,4,5,0,6,3,4,0,0,0,19,0,2,0.0
Aljoscha Kemlein,GER,MF,Union Berlin,19,2004,10.2,3,0,0,15,2,1,5,6,4,0,1,0,58,19,14,57.6
Luca Kerber,GER,"MF,DF",Heidenheim,22,2002,8.7,4,0,0,22,8,0,3,5,16,0,0,0,27,11,17,39.3
Rani Khedira,GER,MF,Union Berlin,30,1994,30.3,7,0,0,45,18,1,22,44,40,0,1,0,108,42,42,50.0
Joshua Kimmich,GER,MF,Bayern Munich,29,1995,31.6,4,0,0,15,27,2,176,25,29,0,0,0,190,12,9,57.1
Tim Kleindienst,GER,FW,Gladbach,28,1995,30.4,5,1,1,75,25,23,16,12,15,2,1,0,74,149,123,54.8
Lukas Klostermann,GER,DF,RB Leipzig,28,1996,20.4,5,0,0,13,7,0,11,24,14,0,0,0,74,20,30,40.0
Ansgar Knauff,GER,"MF,DF",Eint Frankfurt,22,2002,17.7,3,0,0,27,28,11,32,12,22,0,0,0,76,19,27,41.3
Magnus Knudsen,NOR,MF,Holstein Kiel,23,2001,20.6,7,0,0,28,10,0,8,12,29,0,0,0,79,10,28,26.3
Gregor Kobel,SUI,GK,Dortmund,26,1997,32.0,1,0,0,0,2,0,0,1,0,0,0,0,61,5,0,100.0
Robin Koch,GER,DF,Eint Frankfurt,28,1996,28.7,3,0,0,24,13,1,1,25,11,0,1,0,112,102,48,68.0
Marco Komenda,CRO,DF,Holstein Kiel,27,1996,14.5,3,0,0,16,13,0,16,6,17,0,0,0,37,15,31,32.6
Mert Kömür,GER,MF,Augsburg,19,2005,7.3,1,0,0,7,12,3,26,3,2,0,0,0,32,11,18,37.9
Henri Koudossou,GER,DF,Augsburg,24,1999,8.3,1,0,0,7,5,2,24,15,10,0,0,0,39,8,7,53.3
Konstantinos Koulierakis,GRE,DF,Wolfsburg,20,2003,27.4,4,0,0,24,13,2,13,33,20,0,0,0,93,59,39,60.2
Matej Kovar,CZE,GK,Leverkusen,24,2000,5.0,0,0,0,0,1,0,0,0,0,0,0,0,6,1,1,50.0
Andrej Kramarić,CRO,"MF,FW",Hoffenheim,33,1991,30.7,4,0,0,12,28,9,116,7,8,0,0,0,136,8,23,25.8
Frans Krätzig,GER,DF,Stuttgart,21,2003,0.6,0,0,0,1,0,0,1,0,1,0,0,0,3,1,0,100.0
Tom Krauß,GER,MF,Bochum,23,2001,12.0,2,0,0,14,16,0,10,11,18,0,0,0,78,9,8,52.9
Rasmus Kristensen,DEN,DF,Eint Frankfurt,27,1997,27.9,4,0,0,24,12,0,59,20,33,0,0,0,121,44,30,59.5
Lukas Kübler,GER,DF,Freiburg,31,1992,20.5,5,0,0,25,23,1,30,53,21,0,0,0,73,42,22,65.6
Jonah Kusi-Asare,SWE,FW,Bayern Munich,17,2007,0.0,0,0,0,0,0,0,0,0,0,0,0,0,0,1,1,50.0
Moritz-Broni Kwarteng,GHA,"MF,FW",Bochum,26,1998,1.9,1,0,0,3,1,0,1,0,3,0,0,0,8,0,1,0.0
Nediljko Labrović,CRO,GK,Augsburg,24,1999,15.0,0,0,0,0,2,0,0,0,0,0,0,0,14,6,1,85.7
Konrad Laimer,AUT,DF,Bayern Munich,27,1997,18.9,8,0,0,35,12,1,21,8,27,0,0,0,81,15,13,53.6
Stefan Lainer,AUT,DF,Gladbach,31,1992,8.4,2,0,0,11,6,3,29,12,13,0,0,1,24,5,9,35.7
Hugo Larsson,SWE,MF,Eint Frankfurt,20,2004,26.6,2,0,0,21,5,2,8,30,27,0,1,0,121,13,14,48.1
Diogo Leite,POR,DF,Union Berlin,25,1999,28.3,3,0,0,25,37,2,10,57,32,0,0,1,104,78,63,55.3
Maxim Leitsch,GER,DF,Mainz 05,26,1998,7.5,2,0,0,10,4,0,3,10,4,0,0,0,36,19,30,38.8
Jamie Leweling,GER,"MF,FW",Stuttgart,23,2001,18.5,4,0,0,17,29,4,58,11,6,2,0,0,73,6,4,60.0
Philipp Lienhart,AUT,DF,Freiburg,28,1996,30.8,5,0,0,22,19,3,9,36,13,0,0,0,113,57,36,61.3
Marin Ljubicic,CRO,"FW,MF",Union Berlin,22,2002,3.1,1,0,0,9,8,1,1,0,1,0,0,0,12,3,11,21.4
Anthony Losilla,FRA,MF,Bochum,38,1986,12.6,1,0,0,18,9,1,4,18,16,0,0,0,45,29,23,55.8
Yannik Lührs,GER,DF,Dortmund,20,2003,1.4,0,0,0,2,0,0,0,2,1,0,0,0,5,4,1,80.0
Castello Lukeba,FRA,DF,RB Leipzig,21,2002,17.5,2,0,0,12,15,0,11,17,17,0,0,0,74,26,13,66.7
Senne Lynen,BEL,MF,Werder Bremen,25,1999,30.4,9,0,0,38,25,0,5,65,39,0,0,0,191,25,28,47.2
Shuto Machino,JPN,"FW,MF",Holstein Kiel,24,1999,21.7,2,0,0,19,25,9,35,7,5,0,0,0,50,27,42,39.1
Arne Maier,GER,MF,Augsburg,25,1999,10.4,0,1,0,9,7,0,67,6,7,0,0,0,72,4,7,36.4
Patrick Mainka,GER,DF,Heidenheim,29,1994,34.0,3,0,0,17,21,2,4,68,30,0,0,0,152,109,62,63.7
Lovro Majer,CRO,MF,Wolfsburg,26,1998,3.4,1,0,0,6,6,0,17,1,1,0,0,0,12,3,4,42.9
Jordy Makengo,FRA,DF,Freiburg,22,2001,8.3,1,0,0,5,6,2,25,7,9,0,0,0,26,5,6,45.5
Julián Malatini,ARG,DF,Werder Bremen,23,2001,5.0,1,0,0,9,5,0,3,7,9,0,0,0,19,10,5,66.7
Donyell Malen,NED,"FW,MF",Dortmund,25,1999,6.8,1,0,0,2,7,3,13,3,0,0,0,0,15,1,3,25.0
Lennard Maloney,USA,MF,Heidenheim,24,1999,8.4,1,0,0,11,4,1,1,14,11,0,0,0,40,16,12,57.1
Lennard Maloney,USA,MF,Mainz 05,24,1999,0.3,1,0,0,2,0,0,0,0,1,0,0,0,1,2,0,100.0
Johan Manzambi,SUI,"FW,MF",Freiburg,18,2005,3.7,2,0,0,7,7,0,5,4,2,0,0,0,14,9,5,64.3
Omar Marmoush,EGY,FW,Eint Frankfurt,25,1999,16.1,2,0,0,8,55,7,78,2,8,1,0,0,51,7,14,33.3
Giorgos Masouras,GRE,"FW,MF",Bochum,30,1994,11.7,1,0,0,12,10,15,26,4,10,0,0,0,44,26,36,41.9
Erhan Mašović,SRB,DF,Bochum,25,1998,10.1,2,0,0,12,4,0,0,12,10,0,0,0,32,22,15,59.5
Igor Matanovic,CRO,FW,Eint Frankfurt,21,2003,3.5,0,0,0,6,11,1,0,1,0,0,0,0,8,10,15,40.0
Chrislain Matsima,FRA,DF,Augsburg,22,2002,28.3,4,0,0,10,10,1,3,52,20,0,1,1,143,68,28,70.8
Jean Mattéo Bahoya,FRA,"MF,FW",Eint Frankfurt,19,2005,10.2,3,0,0,9,7,2,31,4,18,0,0,0,51,13,7,65.0
Keke Maximilian Topp,GER,"FW,MF",Werder Bremen,20,2004,2.8,1,0,0,8,6,2,6,1,1,0,0,0,15,10,15,40.0
Jakov Medić,CRO,DF,Bochum,25,1998,17.8,2,0,0,10,7,2,1,22,11,0,1,0,73,30,27,52.6
Connor Metcalfe,AUS,"MF,FW",St. Pauli,24,1999,4.0,2,1,1,5,4,0,7,3,0,0,0,0,9,13,11,54.2
Karol Mets,EST,DF,St. Pauli,31,1993,10.0,1,0,0,7,5,0,3,12,8,0,1,0,35,24,10,70.6
Enzo Millot,FRA,"MF,FW",Stuttgart,22,2002,20.5,9,0,0,25,37,3,41,13,13,0,1,0,99,8,19,29.6
Kim Min-jae,KOR,DF,Bayern Munich,27,1996,25.4,2,0,0,25,4,0,0,37,20,0,0,0,153,82,43,65.6
Maximilian Mittelstädt,GER,DF,Stuttgart,27,1997,27.4,5,0,0,24,38,2,164,47,54,0,0,0,119,24,19,55.8
Koji Miyoshi,JPN,"FW,MF",Bochum,27,1997,5.2,0,1,0,10,4,2,9,2,5,0,0,0,22,2,13,13.3
Steve Mounié,BEN,"FW,MF",Augsburg,29,1994,3.9,2,0,0,9,5,1,3,1,4,0,0,0,8,26,25,51.0
Nordi Mukiele,FRA,DF,Leverkusen,26,1997,10.0,4,0,0,6,14,1,13,16,16,0,0,1,46,16,17,48.5
Kevin Müller,GER,GK,Heidenheim,33,1991,32.7,0,0,0,0,3,0,0,0,2,0,0,0,50,8,1,88.9
Marius Müller,GER,GK,Wolfsburg,31,1993,5.3,0,0,0,0,0,0,0,0,0,0,0,0,7,4,0,100.0
Thomas Müller,GER,"MF,FW",Bayern Munich,34,1989,13.6,3,0,0,14,12,3,46,2,5,0,0,0,24,19,29,39.6
Jamal Musiala,GER,MF,Bayern Munich,21,2003,20.0,3,0,0,20,55,2,8,8,21,1,0,0,75,7,14,33.3
Florent Muslija,KVX,"FW,MF",Freiburg,26,1998,1.9,0,0,0,0,2,0,14,1,4,0,0,0,12,0,1,0.0
Phillipp Mwene,AUT,DF,Mainz 05,30,1994,29.0,7,0,0,24,24,3,85,24,29,0,0,0,110,20,34,37.0
Joakim Mæhle,DEN,DF,Wolfsburg,27,1997,24.3,6,0,0,9,16,0,25,25,15,0,1,0,122,17,12,58.6
Nathan N'Goumou,CMR,FW,Gladbach,24,2000,9.2,0,0,0,7,12,7,22,4,11,1,0,0,21,9,17,34.6
Stanley N'Soki,FRA,DF,Hoffenheim,25,1999,14.5,3,1,0,12,6,0,1,26,16,0,0,2,79,22,14,61.1
Nikolas Nartey,DEN,MF,Stuttgart,24,2000,0.2,0,0,0,0,0,0,0,0,0,0,0,0,2,1,0,100.0
Paul Nebel,GER,MF,Mainz 05,21,2002,26.1,5,1,1,37,36,5,111,13,24,0,0,0,124,17,58,22.7
Kosta Nedeljković,SRB,DF,RB Leipzig,18,2005,5.3,1,0,0,7,1,1,17,2,8,0,0,0,11,0,3,0.0
David Nemeth,AUT,DF,St. Pauli,23,2001,23.7,3,0,0,21,14,0,7,18,29,0,0,0,87,37,31,54.4
Luca Netz,GER,DF,Gladbach,21,2003,10.8,2,0,0,8,6,1,16,10,14,0,0,0,42,11,14,44.0
Manuel Neuer,GER,GK,Bayern Munich,38,1986,22.0,0,0,0,0,1,0,0,0,0,0,0,0,54,4,0,100.0
Florian Neuhaus,GER,MF,Gladbach,27,1997,4.2,1,0,0,4,7,0,9,6,3,0,0,0,24,0,2,0.0
Moritz Nicolas,GER,GK,Gladbach,26,1997,18.2,0,0,0,0,0,0,0,1,0,0,0,0,23,7,1,87.5
Julian Niehues,GER,MF,Heidenheim,23,2001,1.7,1,0,0,1,2,0,0,0,1,0,0,0,4,3,4,42.9
Justin Njinmah,GER,"FW,MF",Werder Bremen,23,2000,10.6,1,0,0,7,17,12,19,3,2,1,0,0,20,15,20,42.9
Felix Nmecha,GER,MF,Dortmund,23,2000,16.8,3,0,0,22,26,0,6,23,22,1,1,0,85,23,20,53.5
Lukas Nmecha,GER,"FW,MF",Wolfsburg,25,1998,5.2,1,0,0,7,17,0,6,2,0,0,0,0,15,16,12,57.1
Alexander Nübel,GER,GK,Stuttgart,27,1996,34.0,0,0,0,0,4,0,0,0,0,0,0,0,72,4,1,80.0
Antonio Nusa,NOR,"MF,DF",RB Leipzig,19,2005,17.3,0,0,0,14,28,9,35,8,17,0,1,0,78,6,15,28.6
David Odogu,GER,DF,Wolfsburg,18,2006,2.2,0,0,0,2,0,1,0,2,4,0,0,0,4,9,3,75.0
Tim Oermann,GER,DF,Bochum,20,2003,24.6,0,0,0,16,8,0,14,22,31,0,0,0,99,27,37,42.2
Finn Ole Becker,GER,MF,Hoffenheim,24,2000,7.4,1,0,0,5,7,0,8,10,5,0,0,0,50,7,2,77.8
Michael Olise,FRA,"FW,MF",Bayern Munich,22,2001,25.9,3,0,0,22,65,5,131,8,23,2,0,0,105,11,12,47.8
Jonas Omlin,SUI,GK,Gladbach,30,1994,10.9,0,1,0,1,1,0,0,0,0,0,0,0,21,2,0,100.0
Karim Onisiwo,AUT,"MF,FW",Mainz 05,32,1992,1.2,0,0,0,3,2,1,2,0,1,0,0,0,4,3,6,33.3
Frank Onyeka,NGA,MF,Augsburg,26,1998,28.7,8,0,0,47,74,3,20,36,45,0,0,0,147,16,21,43.2
Loïs Openda,BEL,"FW,MF",RB Leipzig,24,2000,27.3,5,1,1,29,77,27,27,5,4,4,0,0,54,19,31,38.0
Gift Orban,NGA,FW,Hoffenheim,22,2002,7.6,2,0,0,15,7,8,6,0,1,0,0,0,18,10,17,37.0
Willi Orban,HUN,DF,RB Leipzig,31,1992,24.7,4,2,0,23,14,4,5,21,21,0,1,0,122,104,46,69.3
Ivan Ordets,UKR,DF,Bochum,32,1992,20.7,6,0,0,22,19,2,0,41,8,0,0,0,77,95,45,67.9
Patrick Osterhage,GER,MF,Freiburg,24,2000,25.2,6,1,1,25,22,5,20,18,29,0,0,0,106,31,36,46.3
Salih Özcan,TUR,MF,Wolfsburg,26,1998,3.9,0,0,0,5,6,0,8,7,2,0,0,0,27,5,4,55.6
Salih Özcan,TUR,MF,Dortmund,26,1998,4.3,0,0,0,11,7,1,3,11,7,0,0,0,33,15,8,65.2
Exequiel Palacios,ARG,MF,Leverkusen,25,1998,12.8,2,0,0,9,18,0,4,13,15,0,0,0,76,1,8,11.1
João Palhinha,POR,MF,Bayern Munich,29,1995,7.5,2,1,0,13,10,0,2,4,14,0,1,0,17,20,11,64.5
Mats Pannewig,GER,MF,Bochum,19,2004,3.0,1,0,0,5,1,0,3,2,6,0,0,0,24,5,10,33.3
Kevin Paredes,USA,DF,Wolfsburg,21,2003,1.4,1,0,0,1,4,0,1,1,1,0,0,0,7,1,1,50.0
Aleksandar Pavlovic,GER,MF,Bayern Munich,20,2004,16.1,2,0,0,17,9,0,5,5,21,0,0,0,72,12,10,54.5
Mads Pedersen,DEN,DF,Augsburg,27,1996,2.6,0,0,0,5,1,1,5,2,7,0,1,0,11,1,2,33.3
Jordan Pefok,USA,FW,Union Berlin,28,1996,10.1,2,0,0,22,15,7,0,4,6,0,0,0,31,44,35,55.7
Maximilian Philipp,GER,"MF,FW",Freiburg,30,1994,0.2,0,0,0,0,0,0,0,0,0,0,0,0,0,0,2,0.0
Benedikt Pichler,AUT,FW,Holstein Kiel,27,1997,8.7,1,0,0,14,16,13,11,2,2,0,0,0,15,41,31,56.9
Amos Pieper,GER,DF,Werder Bremen,26,1998,16.6,3,0,0,11,11,0,4,24,17,0,0,0,56,40,40,50.0
Marvin Pieringer,GER,"FW,MF",Heidenheim,24,1999,24.5,7,0,0,50,46,15,11,8,13,2,0,0,63,73,124,37.1
Alassane Pléa,FRA,"MF,FW",Gladbach,31,1993,21.1,3,0,0,17,33,8,45,2,3,1,0,0,66,15,32,31.9
Yussuf Poulsen,DEN,"FW,MF",RB Leipzig,30,1994,4.2,1,0,0,8,14,1,2,0,5,0,0,0,16,27,11,71.1
Alexander Prass,AUT,DF,Hoffenheim,23,2001,17.4,1,0,0,17,25,0,54,9,23,1,0,0,92,15,19,44.1
David Preu,GER,"MF,DF",Union Berlin,19,2004,1.3,1,0,0,1,1,1,4,0,1,0,0,0,4,0,3,0.0
Grischa Prömel,GER,MF,Hoffenheim,29,1995,1.9,0,0,0,0,3,0,2,2,0,0,0,0,7,1,3,25.0
Ivan Prtajin,CRO,FW,Union Berlin,28,1996,1.8,0,0,0,1,1,2,3,0,2,0,0,0,4,10,17,37.0
Tymoteusz Puchacz,POL,DF,Holstein Kiel,25,1999,4.4,0,0,0,2,7,1,37,3,4,0,0,0,32,4,4,50.0
Leopold Querfeld,AUT,DF,Union Berlin,20,2003,19.4,8,0,0,20,13,0,0,19,12,0,1,0,66,65,54,54.6
Grant Ranos,ARM,FW,Gladbach,21,2003,0.2,1,0,0,1,0,0,0,0,0,0,0,0,0,0,1,0.0
David Raum,GER,DF,RB Leipzig,26,1998,19.8,5,0,0,23,10,6,188,9,28,0,0,0,92,13,20,39.4
Rocco Reitz,GER,MF,Gladbach,22,2002,20.3,1,0,0,20,38,0,22,53,24,0,0,0,94,18,16,52.9
Nicolai Remberg,GER,MF,Holstein Kiel,24,2000,26.9,11,0,0,43,46,2,8,29,25,0,0,2,101,86,52,62.3
Elvis Rexhbeçaj,KVX,MF,Augsburg,26,1997,19.8,8,0,0,13,42,1,71,16,19,0,0,0,85,10,19,34.5
Gio Reyna,USA,MF,Dortmund,21,2002,3.9,3,0,0,8,3,0,15,0,0,0,0,0,19,7,6,53.8
Fabian Rieder,SUI,"MF,FW",Stuttgart,22,2002,9.6,1,0,0,14,11,0,39,10,14,1,0,0,45,4,13,23.5
Mads Roerslev,DEN,DF,Wolfsburg,25,1999,3.3,0,0,0,2,3,0,7,5,9,0,0,0,8,2,7,22.2
Merlin Röhl,GER,"MF,FW",Freiburg,22,2002,10.7,2,0,0,21,19,0,12,6,10,0,0,0,49,14,34,29.2
Lasse Rosenboom,GER,DF,Holstein Kiel,22,2002,19.3,3,0,0,19,12,0,18,19,35,0,0,0,57,30,39,43.5
Max Rosenfelder,GER,DF,Freiburg,21,2003,13.9,2,0,0,9,14,1,9,7,17,0,2,0,60,12,22,35.3
Anthony Rouault,FRA,DF,Stuttgart,23,2001,13.5,1,0,0,18,8,0,1,19,11,0,0,0,63,33,21,61.1
Julian Ryerson,NOR,DF,Dortmund,26,1997,25.1,6,1,1,31,23,0,110,22,30,0,0,0,120,10,23,30.3
Frederik Rønnow,DEN,GK,Union Berlin,31,1992,28.0,2,0,0,0,4,0,0,0,0,0,0,0,32,15,0,100.0
Elias Saad,TUN,"FW,MF",St. Pauli,24,1999,10.0,1,0,0,17,24,7,14,3,13,0,0,0,43,8,22,26.7
Marcel Sabitzer,AUT,MF,Dortmund,30,1994,18.0,3,0,0,12,9,0,23,10,19,0,0,0,58,17,13,56.7
Manolis Saliakas,GRE,"MF,DF",St. Pauli,27,1996,25.7,4,0,0,16,15,0,82,20,22,1,0,0,84,14,11,56.0
Roland Sallai,HUN,"FW,MF",Freiburg,27,1997,0.5,0,0,0,0,1,0,4,1,1,0,0,0,0,0,1,0.0
Diadie Samassékou,MLI,MF,Hoffenheim,28,1996,3.2,0,0,0,5,4,0,0,5,5,0,0,0,18,3,6,33.3
Philipp Sander,GER,MF,Gladbach,26,1998,15.6,2,0,0,16,7,0,22,23,17,0,0,0,82,32,19,62.7
James Sands,USA,"MF,DF",St. Pauli,24,2000,5.0,1,0,0,11,5,1,2,5,6,0,0,0,21,17,8,68.0
Leroy Sané,GER,FW,Bayern Munich,28,1996,18.2,2,0,0,16,25,6,51,7,15,1,0,0,82,7,6,53.8
Kaishu Sano,JPN,MF,Mainz 05,23,2000,33.8,3,0,0,16,33,2,11,65,36,0,0,0,190,83,74,52.9
Kauã Santos,BRA,GK,Eint Frankfurt,21,2003,8.5,0,0,0,0,2,0,0,0,0,0,0,1,19,7,0,100.0
Joe Scally,USA,DF,Gladbach,21,2002,28.6,6,0,0,23,48,1,50,16,32,0,1,0,97,24,28,46.2
András Schäfer,HUN,MF,Union Berlin,25,1999,17.0,3,0,0,27,33,0,17,22,26,0,0,0,72,28,19,59.6
Patrik Schick,CZE,FW,Leverkusen,28,1996,18.7,4,0,0,24,23,7,1,4,5,1,0,0,29,45,55,45.0
Stefan Schimmer,GER,"FW,MF",Heidenheim,30,1994,2.7,1,0,0,2,1,2,3,0,0,0,0,0,9,3,15,16.7
Xaver Schlager,AUT,MF,RB Leipzig,26,1997,2.0,1,0,0,4,3,0,1,0,2,0,0,0,8,0,4,0.0
Keven Schlotterbeck,GER,DF,Augsburg,27,1997,14.4,4,1,1,10,11,1,3,15,17,0,2,0,55,40,18,69.0
Nico Schlotterbeck,GER,DF,Dortmund,24,1999,22.0,7,2,1,18,19,0,14,22,24,0,1,0,157,52,27,65.8
Romano Schmid,AUT,MF,Werder Bremen,24,2000,31.5,4,0,0,28,42,3,145,11,25,1,0,0,167,23,28,45.1
Jan Schöppner,GER,MF,Heidenheim,25,1999,29.8,8,0,0,32,20,2,12,43,30,0,0,0,130,57,60,48.7
Marvin Schulz,GER,"MF,DF",Holstein Kiel,29,1995,3.4,3,0,0,6,1,0,12,0,5,0,1,0,18,2,4,33.3
Alexander Schwolow,GER,GK,Union Berlin,32,1992,6.0,0,0,0,0,0,0,0,0,0,0,0,0,10,1,0,100.0
Léo Scienza,BRA,"FW,MF",Heidenheim,25,1998,12.8,1,0,0,16,63,5,81,5,12,0,0,0,53,3,13,18.8
Nicolas Seiwald,AUT,"MF,DF",RB Leipzig,23,2001,23.2,2,0,0,27,2,0,46,31,31,0,0,0,125,24,34,41.4
Benjamin Šeško,SVN,"FW,MF",RB Leipzig,21,2003,26.4,2,1,1,26,20,18,7,5,3,0,0,0,62,70,49,58.8
Armindo Sieb,GER,"FW,MF",Mainz 05,21,2003,8.5,2,0,0,13,13,10,6,1,4,0,0,0,29,15,25,37.5
Tim Siersleben,GER,DF,Heidenheim,24,2000,13.1,4,0,0,16,7,0,10,20,14,0,1,0,37,20,21,48.8
Kiliann Sildillia,FRA,DF,Freiburg,22,2002,8.9,2,0,0,10,9,1,19,11,10,0,1,0,33,21,22,48.8
André Silva,POR,FW,Werder Bremen,28,1995,4.2,1,0,0,4,7,2,4,0,2,0,0,0,10,12,12,50.0
André Silva,POR,"FW,MF",RB Leipzig,28,1995,1.5,0,0,0,0,2,0,0,1,1,0,0,0,7,1,5,16.7
Mohamed Simakan,FRA,DF,RB Leipzig,24,2000,0.6,0,0,0,0,1,0,1,2,0,0,0,0,3,3,1,75.0
Xavi Simons,NED,MF,RB Leipzig,21,2003,23.9,5,0,0,24,56,5,79,12,21,0,0,0,128,19,26,42.2
Danel Sinani,LUX,"FW,MF",St. Pauli,27,1997,13.9,3,0,0,25,14,4,67,1,11,0,0,0,52,10,32,23.8
Ibrahima Sissoko,MLI,MF,Bochum,26,1997,29.0,11,1,1,75,29,2,21,36,44,1,1,0,154,76,54,58.5
Tim Skarke,GER,"FW,MF",Union Berlin,27,1996,12.9,1,0,0,10,15,10,29,5,11,0,0,0,56,10,40,20.0
Ellyes Skhiri,TUN,MF,Eint Frankfurt,29,1995,24.8,6,0,0,22,19,2,3,31,22,0,0,0,105,19,19,50.0
Leo Skiri Østigård,NOR,DF,Hoffenheim,24,1999,10.3,0,1,0,19,5,1,2,9,7,0,1,1,44,60,32,65.2
Andreas Skov Olsen,DEN,"FW,MF",Wolfsburg,24,1999,5.9,0,0,0,2,3,2,29,2,6,0,0,0,18,3,3,50.0
Steven Skrzybski,GER,"MF,FW",Holstein Kiel,31,1992,14.7,0,0,0,16,22,2,31,11,6,0,0,0,58,6,19,24.0
Anton Stach,GER,"MF,DF",Hoffenheim,25,1998,28.7,8,0,0,38,34,0,24,46,46,0,0,0,171,53,41,56.4
Jens Stage,DEN,MF,Werder Bremen,27,1996,24.5,10,0,0,38,30,4,23,18,30,0,0,0,114,34,26,56.7
Josip Stanišić,CRO,DF,Bayern Munich,24,2000,9.7,0,0,0,2,4,0,11,6,11,0,0,0,64,11,6,64.7
Niklas Stark,GER,DF,Werder Bremen,29,1995,23.4,6,1,1,30,28,2,3,36,21,0,0,0,73,48,31,60.8
Pascal Stenzel,GER,DF,Stuttgart,28,1996,3.2,0,0,0,4,2,0,25,2,2,0,0,0,11,3,6,33.3
Leonidas Stergiou,SUI,DF,Stuttgart,22,2002,9.5,0,1,0,6,0,1,13,14,13,0,0,0,35,6,8,42.9
Angelo Stiller,GER,MF,Stuttgart,23,2001,30.5,6,0,0,21,48,1,95,26,27,1,0,1,140,18,28,39.1
Kevin Stöger,AUT,MF,Gladbach,30,1993,17.2,3,0,0,22,40,1,116,16,21,0,0,0,75,5,15,25.0
Niklas Süle,GER,DF,Dortmund,28,1995,11.7,1,0,0,5,2,0,1,4,12,0,1,0,53,12,6,66.7
Mattias Svanberg,SWE,MF,Wolfsburg,25,1999,13.5,4,0,0,16,22,0,35,15,10,0,0,0,48,12,20,37.5
Haris Tabakovic,BIH,FW,Hoffenheim,30,1994,9.1,0,0,0,15,8,11,4,1,1,0,0,0,13,45,37,54.9
Jonathan Tah,GER,DF,Leverkusen,28,1996,33.0,3,0,0,16,5,0,6,36,12,0,0,0,165,77,23,77.0
Edmond Tapsoba,BFA,DF,Leverkusen,25,1999,27.9,4,0,0,34,6,1,8,24,24,0,1,1,124,54,32,62.8
Mathys Tel,FRA,"FW,MF",Bayern Munich,19,2005,2.8,0,0,0,5,6,1,5,1,2,0,0,0,10,1,0,100.0
Nathan Tella,NGA,"MF,FW",Leverkusen,25,1999,15.1,1,0,0,22,32,10,25,4,11,0,0,0,37,11,25,30.6
Martin Terrier,FRA,"MF,FW",Leverkusen,27,1997,6.5,1,0,0,2,9,2,5,1,2,0,0,0,8,11,13,45.8
Arthur Theate,BEL,DF,Eint Frankfurt,24,2000,30.0,6,1,1,14,23,1,26,39,25,0,0,0,123,54,44,55.1
Phillip Tietz,GER,FW,Augsburg,27,1997,18.7,4,0,0,36,12,16,1,5,6,0,0,0,48,78,85,47.9
Umut Tohumcu,GER,"MF,FW",Hoffenheim,19,2004,4.2,3,0,0,6,6,0,8,3,5,0,0,0,13,0,1,0.0
Tiago Tomás,POR,"FW,MF",Wolfsburg,22,2002,20.9,7,0,0,30,48,6,22,9,19,1,0,0,74,9,30,23.1
Bazoumana Touré,CIV,"FW,MF",Hoffenheim,18,2006,6.8,1,0,0,13,3,7,24,3,10,0,0,0,27,12,17,41.4
Lucas Tousart,FRA,MF,Union Berlin,27,1997,6.2,2,0,0,11,6,0,2,7,9,0,0,0,32,20,15,57.1
Omar Traoré,GER,DF,Heidenheim,26,1998,29.1,7,0,0,23,37,1,107,21,26,0,1,0,136,15,24,38.5
Kevin Trapp,GER,GK,Eint Frankfurt,34,1990,25.5,0,0,0,0,1,0,0,0,0,0,0,0,52,4,3,57.1
Philipp Treu,GER,"MF,DF",St. Pauli,23,2000,32.0,2,0,0,20,36,3,60,19,42,0,0,1,147,21,36,36.8
Lukas Ullrich,GER,DF,Gladbach,20,2004,21.1,4,0,0,22,17,0,47,23,16,0,2,0,73,14,19,42.4
Deniz Undav,GER,"FW,MF",Stuttgart,28,1996,19.2,4,0,0,25,22,12,11,3,10,0,0,0,48,21,31,40.4
Dayot Upamecano,FRA,DF,Bayern Munich,25,1998,19.5,6,0,0,20,11,0,6,34,22,0,0,0,115,59,42,58.4
Jonas Urbig,GER,GK,Bayern Munich,20,2003,8.0,0,0,0,0,0,0,0,0,0,0,0,0,25,2,0,100.0
Can Uzun,TUR,"MF,FW",Eint Frankfurt,18,2005,7.5,1,0,0,8,16,0,18,1,4,0,0,0,31,5,3,62.5
Maarten Vandevoordt,BEL,GK,RB Leipzig,22,2002,4.8,0,0,0,0,0,0,0,0,0,0,0,0,13,1,0,100.0
Ruben Vargas,SUI,"MF,FW",Augsburg,25,1998,3.4,3,0,0,5,3,0,12,2,1,0,0,0,14,3,5,37.5
Nikola Vasilj,BIH,GK,St. Pauli,28,1995,33.0,2,1,1,1,1,0,0,0,0,0,1,0,54,9,0,100.0
Denis Vavro,SVK,DF,Wolfsburg,28,1996,27.3,4,0,0,7,5,0,8,37,13,0,0,0,89,80,34,70.2
Miloš Veljković,SRB,DF,Werder Bremen,28,1995,11.4,1,0,0,5,3,2,9,2,5,0,1,0,32,24,18,57.1
Arthur Vermeeren,BEL,MF,RB Leipzig,19,2005,17.5,7,0,0,22,1,0,3,23,19,0,0,0,94,8,20,28.6
Yorbe Vertessen,BEL,"MF,FW",Union Berlin,23,2001,8.0,2,0,0,14,17,2,23,3,3,0,0,0,32,6,11,35.3
Gabriel Vidovic,CRO,MF,Bayern Munich,20,2003,0.3,0,0,0,0,1,0,0,0,0,0,0,0,1,0,1,0.0
Kevin Vogt,GER,DF,Union Berlin,32,1991,15.2,6,0,0,10,7,0,0,9,8,0,1,0,90,14,13,51.9
Kevin Volland,GER,"FW,MF",Union Berlin,32,1992,0.7,1,0,0,3,0,0,0,0,0,0,0,0,2,3,1,75.0
Aster Vranckx,BEL,MF,Wolfsburg,21,2002,6.2,1,0,0,12,11,0,3,10,6,0,0,0,22,7,14,33.3
Robert Wagner,GER,MF,St. Pauli,21,2003,4.5,1,0,0,6,5,0,2,2,3,0,0,0,22,5,7,41.7
Elye Wahi,FRA,"FW,MF",Eint Frankfurt,21,2003,2.2,1,0,0,2,3,4,5,0,0,0,0,0,8,2,8,20.0
Hauke Wahl,GER,DF,St. Pauli,30,1994,33.0,1,0,0,13,15,2,8,31,27,0,0,0,129,47,50,48.5
Paul Wanner,GER,"MF,FW",Heidenheim,18,2005,19.7,2,0,0,23,18,1,52,4,27,0,0,0,90,12,18,40.0
Julian Weigl,GER,MF,Gladbach,28,1995,32.0,8,0,0,23,24,0,11,48,25,0,3,0,133,39,19,67.2
Timon Weiner,GER,GK,Holstein Kiel,25,1999,25.0,4,0,0,1,3,0,0,0,0,0,1,0,43,11,1,91.7
Nelson Weiper,GER,"FW,MF",Mainz 05,19,2005,7.8,2,0,0,19,1,8,6,2,4,0,0,0,20,34,44,43.6
Noah Weißhaupt,GER,"FW,MF",St. Pauli,22,2001,12.9,0,0,0,10,42,6,72,2,4,0,0,0,51,15,19,44.1
Silvan Widmer,SUI,DF,Mainz 05,31,1993,5.6,3,0,0,5,4,2,12,5,5,0,0,0,16,12,14,46.2
Patrick Wimmer,AUT,"MF,FW",Wolfsburg,23,2001,19.7,5,1,0,36,40,6,42,32,35,0,0,0,92,36,49,42.4
Jonas Wind,DEN,"FW,MF",Wolfsburg,25,1999,21.8,2,0,0,15,40,4,7,6,6,0,0,0,59,98,100,49.5
Florian Wirtz,GER,"MF,FW",Leverkusen,21,2003,26.1,3,0,0,22,39,11,101,10,20,1,0,0,113,9,36,20.0
Dani de Wit,NED,"MF,FW",Bochum,26,1998,12.8,1,0,0,24,12,8,8,12,17,2,0,0,36,41,48,46.1
Maximilian Wittek,GER,DF,Bochum,28,1995,30.1,8,0,0,34,34,0,164,27,42,0,0,0,115,23,23,50.0
Marius Wolf,GER,DF,Augsburg,29,1995,23.8,2,0,0,19,14,4,115,24,16,0,0,0,82,8,8,50.0
Nick Woltemade,GER,"FW,MF",Stuttgart,22,2002,18.0,5,1,1,24,35,6,6,1,7,0,0,0,53,47,62,43.1
Jeong Woo-yeong,KOR,"MF,FW",Union Berlin,24,1999,14.0,2,0,0,16,15,4,36,11,7,0,0,0,68,14,27,34.1
Granit Xhaka,SUI,MF,Leverkusen,31,1992,32.1,3,0,0,33,34,0,30,12,26,0,0,1,179,41,26,61.2
Erencan Yardimci,TUR,"FW,MF",Hoffenheim,22,2002,3.5,2,0,0,8,5,5,1,1,3,0,0,0,4,17,29,37.0
David Zec,SVN,DF,Holstein Kiel,24,2000,17.1,5,0,0,21,7,3,1,17,10,0,0,0,76,35,47,42.7
Robin Zentner,GER,GK,Mainz 05,29,1994,32.0,3,0,0,1,2,0,0,0,1,0,1,0,56,8,0,100.0
Cedric Zesiger,SUI,DF,Augsburg,26,1998,13.6,7,1,1,15,7,0,13,21,7,0,0,0,57,27,19,58.7
Cedric Zesiger,SUI,DF,Wolfsburg,26,1998,5.8,4,0,0,14,5,0,3,3,8,0,1,0,16,3,10,23.1
Michael Zetterer,GER,GK,Werder Bremen,29,1995,34.0,2,0,0,0,6,0,0,1,0,0,0,0,42,8,1,88.9
Budu Zivzivadze,GEO,FW,Heidenheim,30,1994,10.6,0,0,0,9,15,6,4,3,11,0,0,0,33,23,63,26.7
Yunis Abdelhamid,MAR,DF,Saint-Étienne,36,1987,11.5,2,0,0,16,6,0,0,14,11,0,0,0,42,19,10,65.5
Himad Abdelli,ALG,"MF,FW",Angers,24,1999,31.6,4,0,0,48,32,3,44,26,32,0,0,0,193,13,20,39.4
Mohamed Abdelmoneim,EGY,DF,Nice,25,1999,9.5,2,0,0,9,10,0,2,15,14,0,0,0,50,31,19,62.0
Matthis Abline,FRA,FW,Nantes,21,2003,30.8,3,0,0,34,53,5,30,4,5,0,0,0,83,64,76,45.7
Abner,BRA,DF,Lyon,24,2000,12.1,1,0,0,16,4,0,31,5,20,0,0,0,45,7,9,43.8
Zakaria Aboukhlal,MAR,"MF,FW",Toulouse,24,2000,21.1,4,0,0,35,25,13,33,6,13,2,0,0,61,22,38,36.7
Akor Adams,NGA,FW,Montpellier,24,2000,11.9,2,0,0,17,8,16,5,1,3,2,0,0,24,28,27,50.9
Martin Adeline,FRA,MF,Reims,20,2003,0.3,0,0,0,0,1,0,0,0,1,0,0,0,0,0,1,0.0
Adryelson,BRA,DF,Lyon,26,1998,0.0,1,0,0,0,0,0,0,1,0,0,0,0,0,1,0,100.0
Emmanuel Agbadou,CIV,DF,Reims,27,1997,14.0,3,0,0,13,6,0,1,19,17,0,0,0,85,18,11,62.1
Jeremy Agbonifo,SWE,"FW,MF",Lens,18,2005,3.3,1,0,0,14,5,2,7,1,6,0,0,0,9,1,9,10.0
Naouirou Ahamada,FRA,"MF,FW",Rennes,22,2002,0.6,0,0,0,1,0,0,1,2,0,0,0,0,7,0,1,0.0
Jean-Eudes Aholou,CIV,MF,Angers,30,1994,21.8,7,0,0,50,25,1,2,33,36,0,0,0,100,38,23,62.3
Ayman Aiki,FRA,"FW,MF",Saint-Étienne,19,2005,1.4,0,0,0,4,1,0,1,1,3,0,0,0,7,1,4,20.0
Ludovic Ajorque,FRA,FW,Brest,30,1994,27.7,5,0,0,61,26,11,7,6,19,2,0,0,62,133,121,52.4
Ümit Akdag,ROU,DF,Toulouse,20,2003,5.6,2,0,0,8,1,0,3,11,4,0,0,0,24,18,7,72.0
Sergio Akieme,ESP,DF,Reims,26,1997,28.0,5,0,0,25,21,1,94,17,23,0,0,0,109,19,26,42.2
Maghnes Akliouche,FRA,"FW,MF",Monaco,22,2002,26.7,2,0,0,31,38,8,53,15,31,0,0,0,131,5,23,17.9
Clément Akpa,CIV,DF,Auxerre,22,2001,27.6,7,0,0,15,35,0,25,42,34,0,1,0,116,38,31,55.1
Chuba Akpom,ENG,FW,Lille,28,1995,7.1,0,0,0,11,15,2,1,0,5,1,0,0,11,17,11,60.7
Mohamed Ali Cho,FRA,"FW,MF",Nice,20,2004,18.0,2,0,0,12,41,9,51,5,9,0,0,0,69,13,27,32.5
Jim Allevinah,GAB,FW,Angers,29,1995,19.4,3,0,0,18,25,10,34,12,11,1,0,0,88,10,24,29.4
Thiago Almada,ARG,"MF,FW",Lyon,23,2001,10.6,3,0,0,10,8,1,47,7,8,1,0,0,56,1,2,33.3
Jordan Amavi,FRA,DF,Brest,30,1994,8.8,2,0,0,15,6,0,15,7,17,0,2,0,35,15,6,71.4
Kelvin Amian,FRA,DF,Nantes,26,1998,24.1,5,0,0,23,11,1,37,13,31,0,0,0,54,21,21,50.0
Michael Amir Murillo,PAN,DF,Marseille,28,1996,27.1,3,0,0,29,26,1,37,18,31,0,1,0,138,42,17,71.2
Mathis Amougou,FRA,MF,Saint-Étienne,18,2006,9.5,2,0,0,6,8,0,1,12,15,0,0,0,37,3,12,20.0
Benjamin André,FRA,MF,Lille,33,1990,29.9,12,0,0,50,49,3,16,48,57,1,0,0,189,94,82,53.4
Dennis Appiah,FRA,DF,Saint-Étienne,32,1992,23.6,2,0,0,37,9,2,52,29,43,0,2,0,90,27,31,46.6
Carlens Arcus,HAI,DF,Angers,28,1996,22.7,3,0,0,38,21,1,55,27,35,0,0,0,81,31,25,55.4
Hákon Arnar Haraldsson,ISL,"MF,FW",Lille,21,2003,19.5,3,0,0,19,27,3,59,8,16,1,0,0,71,2,14,12.5
Marco Asensio,ESP,"FW,MF",Paris S-G,28,1996,6.9,0,0,0,1,4,3,13,0,3,0,0,0,18,1,2,33.3
Dehmaine Assoumani,FRA,"MF,FW",Nantes,19,2005,1.1,0,0,0,1,4,0,6,1,3,0,0,0,8,2,3,40.0
Valentin Atangana Edoa,FRA,MF,Reims,18,2005,31.7,7,0,0,57,50,8,17,37,50,0,0,0,117,47,34,58.0
Florian Ayé,FRA,FW,Auxerre,27,1997,6.4,0,0,0,10,6,3,2,7,2,0,0,0,14,13,37,26.0
André Ayew,GHA,FW,Le Havre,34,1989,16.1,2,0,0,19,30,6,7,3,10,0,0,0,26,37,63,37.0
Neil El Aynaoui,FRA,MF,Lens,23,2001,17.6,4,0,0,34,32,0,65,30,21,0,0,0,90,24,15,61.5
Shavy Babicka,GAB,"MF,FW",Toulouse,24,2000,13.2,2,0,0,16,21,7,39,3,12,0,0,0,54,7,17,29.2
Juma Bah,SLE,DF,Lens,18,2006,7.6,2,0,0,7,1,0,0,17,10,0,0,0,37,23,6,79.3
Theo Bair,CAN,FW,Auxerre,24,1999,10.4,1,0,0,20,5,8,7,3,3,0,0,0,15,55,46,54.5
Mitchel Bakker,NED,"FW,DF",Lille,24,2000,12.7,3,1,0,18,9,4,68,12,13,0,0,0,46,3,10,23.1
Dilane Bakwa,FRA,"MF,DF",Strasbourg,21,2002,27.7,4,0,0,29,71,5,153,15,14,0,0,0,92,11,8,57.9
Leonardo Balerdi,ARG,DF,Marseille,25,1999,25.3,9,1,1,28,20,0,2,38,39,0,0,1,161,39,21,65.0
Folarin Balogun,USA,FW,Monaco,23,2001,6.8,0,0,0,7,9,8,5,1,1,0,0,0,15,4,20,16.7
Abdoulaye Bamba,CIV,DF,Angers,34,1990,16.8,2,0,0,10,7,0,5,19,12,0,0,0,47,11,17,39.3
Mohamed Bamba,CIV,MF,Reims,19,2004,0.1,0,0,0,0,0,0,0,0,0,0,0,0,0,0,2,0.0
Valentín Barco,ARG,"MF,DF",Strasbourg,20,2004,12.9,2,0,0,17,29,0,31,13,22,0,1,0,79,7,7,50.0
Bradley Barcola,FRA,FW,Paris S-G,21,2002,24.2,2,0,0,30,22,7,25,19,17,0,0,0,67,14,7,66.7
Gabriel Bares,SUI,"MF,DF",Montpellier,23,2000,0.6,0,0,0,0,1,0,1,1,2,0,0,0,1,0,1,0.0
Dylan Batubinsika,COD,DF,Saint-Étienne,28,1996,22.4,3,1,0,24,13,0,1,39,13,0,3,1,76,45,17,72.6
Haris Belkebla,ALG,MF,Angers,30,1994,19.9,1,0,0,18,32,1,3,35,38,0,0,0,90,8,21,27.6
Yassin Belkhdim,FRA,MF,Angers,22,2002,16.9,4,0,0,28,15,2,16,21,27,0,0,0,74,5,15,25.0
Eliesse Ben Seghir,MAR,"MF,FW",Monaco,19,2005,19.4,0,0,0,25,55,2,52,13,22,0,0,0,86,13,22,37.1
Ismaël Bennacer,ALG,MF,Marseille,26,1997,7.2,2,0,0,19,11,0,28,10,10,0,0,0,50,2,4,33.3
Nabil Bentaleb,ALG,MF,Lille,29,1994,3.7,0,0,0,3,1,0,6,5,3,0,0,0,20,3,3,50.0
Lucas Beraldo,BRA,DF,Paris S-G,20,2003,22.3,6,0,0,22,9,1,3,21,31,0,1,0,115,45,21,68.2
Maxime Bernauer,FRA,DF,Saint-Étienne,26,1998,8.5,4,1,1,10,4,0,0,5,9,0,1,0,37,11,7,61.1
Mika Biereth,DEN,FW,Monaco,21,2003,13.6,0,0,0,19,30,6,8,4,5,1,0,0,23,18,29,38.3
Emmanuel Biumla,FRA,DF,Angers,19,2005,14.8,2,0,0,7,10,0,0,8,12,0,1,0,37,16,12,57.1
Marco Bizot,NED,GK,Brest,33,1991,32.0,4,0,0,1,5,0,0,0,1,0,0,0,34,5,0,100.0
Ludovic Blas,FRA,"MF,FW",Rennes,26,1997,25.5,6,0,0,31,54,1,124,13,25,1,0,0,88,11,37,22.9
Augustine Boakye,GHA,"FW,MF",Saint-Étienne,23,2000,8.1,5,0,0,19,7,3,5,6,3,0,0,0,27,5,14,26.3
Jeremie Boga,CIV,"MF,FW",Nice,27,1997,11.7,0,0,0,1,17,5,21,3,5,0,0,0,44,3,4,42.9
Moïse Bombito,CAN,DF,Nice,24,2000,24.4,3,1,1,28,13,0,2,18,25,0,1,1,97,48,52,48.0
Saïmon Bouabré,FRA,"MF,FW",Monaco,18,2006,1.1,0,0,0,1,2,0,0,0,0,0,0,0,2,0,3,0.0
Ayyoub Bouaddi,FRA,MF,Lille,16,2007,12.8,2,0,0,18,9,0,3,10,31,0,0,0,62,9,9,50.0
Badredine Bouanani,ALG,"MF,FW",Nice,19,2004,12.2,2,0,0,13,17,2,33,11,4,0,0,0,44,2,16,11.1
Benjamin Bouchouari,MAR,MF,Saint-Étienne,22,2001,19.7,6,0,0,15,42,0,9,17,27,0,1,0,119,6,17,26.1
Hicham Boudaoui,ALG,MF,Nice,24,1999,27.1,9,0,0,41,51,3,17,22,52,1,0,0,175,16,34,32.0
Justin Bourgault,FRA,DF,Brest,18,2005,1.4,0,0,0,1,1,0,4,0,1,0,0,0,11,1,2,33.3
Benjamin Bourigeaud,FRA,MF,Rennes,30,1994,0.9,0,0,0,0,0,0,6,2,0,0,0,0,4,2,2,50.0
Lilian Brassier,FRA,DF,Marseille,24,1999,8.7,3,0,0,7,3,0,5,9,6,0,0,0,38,17,7,70.8
Lilian Brassier,FRA,DF,Rennes,24,1999,13.7,1,0,0,9,12,0,9,22,12,0,1,0,59,30,8,78.9
Aurélio Buta,POR,DF,Reims,27,1997,21.9,5,0,0,32,27,3,32,22,24,0,1,0,69,12,15,44.4
Marcin Bułka,POL,GK,Nice,24,1999,34.0,0,0,0,0,5,0,0,0,0,0,0,0,62,8,0,100.0
Rémy Cabella,FRA,"FW,MF",Lille,34,1990,11.2,1,0,0,16,19,2,60,8,19,1,1,0,63,3,8,27.3
Mathieu Cafaro,FRA,"MF,FW",Saint-Étienne,27,1997,8.1,3,1,0,11,14,3,27,7,7,0,1,0,30,3,4,42.9
Duje Ćaleta-Car,CRO,DF,Lyon,27,1996,17.6,8,0,0,27,9,2,1,17,12,0,0,0,65,39,12,76.5
Issiaga Camara,GUI,MF,Nice,19,2005,0.2,0,0,0,0,2,0,0,3,1,0,0,0,4,0,1,0.0
Lamine Camara,SEN,MF,Monaco,20,2004,22.8,10,1,1,45,39,0,118,31,41,0,0,0,153,21,21,50.0
Mahdi Camara,FRA,"MF,FW",Brest,26,1998,29.5,5,0,0,41,46,3,46,33,40,1,0,0,98,17,31,35.4
Ousmane Camara,FRA,DF,Angers,21,2003,2.8,1,0,0,1,0,0,0,0,3,0,0,0,6,4,3,57.1
Axel Camblan,FRA,"MF,FW",Brest,20,2003,0.3,0,0,0,0,0,0,1,0,1,0,0,0,0,0,1,0.0
Pierrick Capelle,FRA,MF,Angers,37,1987,5.4,4,0,0,12,3,1,10,11,17,0,0,0,28,3,5,37.5
Maxence Caqueret,FRA,MF,Lyon,24,2000,6.4,1,0,0,4,6,1,6,7,11,0,0,0,24,1,3,25.0
Valentin Carboni,ARG,"MF,FW",Marseille,19,2005,1.1,1,0,0,5,1,0,2,1,2,0,0,0,2,2,1,66.7
Irvin Cardona,FRA,FW,Saint-Étienne,26,1997,11.8,2,0,0,12,10,3,31,4,5,0,0,0,26,10,8,55.6
Patrik Carlgren,SWE,GK,Nantes,32,1992,4.6,0,0,0,0,1,0,0,0,0,0,0,0,3,0,1,0.0
Josué Casimir,FRA,"FW,MF",Le Havre,22,2001,22.2,5,0,0,28,46,8,85,7,26,3,0,0,83,9,23,28.1
Cristian Cásseres Jr.,VEN,MF,Toulouse,24,2000,30.0,11,0,0,53,46,1,80,42,61,0,0,0,172,24,17,58.5
Enzo Caumont,FRA,MF,Angers,20,2004,0.4,1,0,0,1,0,0,0,1,1,0,0,0,2,1,1,50.0
Fabien Centonze,FRA,DF,Nantes,28,1996,2.9,0,0,0,2,2,1,11,2,4,0,0,1,8,6,4,60.0
Brendan Chardonnet,FRA,DF,Brest,29,1994,26.8,6,0,0,36,20,0,3,29,33,0,0,1,91,58,38,60.4
Théo Chennahi,FRA,DF,Montpellier,19,2005,2.0,2,0,0,3,2,0,2,2,3,0,0,0,11,1,2,33.3
Sidiki Cherif,FRA,FW,Angers,17,2006,3.6,0,0,0,4,8,5,4,0,5,0,0,0,10,3,16,15.8
Rayan Cherki,FRA,"FW,MF",Lyon,20,2003,22.7,3,0,0,16,34,3,118,7,12,0,0,0,83,4,8,33.3
Lucas Chevalier,FRA,GK,Lille,22,2001,34.0,0,0,0,0,7,0,0,0,2,0,0,0,70,6,0,100.0
Pedro Chirivella,ESP,MF,Nantes,27,1997,26.1,6,0,0,25,16,0,19,19,29,0,0,0,116,10,14,41.7
Joris Chotard,FRA,MF,Montpellier,22,2001,21.0,5,0,0,16,10,1,30,19,27,0,1,0,90,16,11,59.3
Djaoui Cissé,FRA,MF,Rennes,20,2004,12.5,4,0,0,25,14,0,3,13,18,0,0,0,78,4,13,23.5
Marcus Coco,FRA,DF,Nantes,28,1996,10.6,3,2,0,30,17,0,28,11,21,0,0,0,42,17,13,56.7
Francis Coquelin,FRA,MF,Nantes,33,1991,2.5,1,0,0,7,1,0,0,6,5,0,0,0,8,3,0,100.0
Derek Cornelius,CAN,DF,Marseille,26,1997,15.8,9,2,2,25,14,0,4,14,17,0,1,0,67,32,13,71.1
Pierre Cornud,FRA,DF,Saint-Étienne,27,1996,6.4,2,0,0,10,3,1,14,9,10,0,1,0,33,3,4,42.9
David Costa,POR,"MF,FW",Lens,23,2001,3.9,0,1,0,3,4,0,15,1,0,1,0,0,10,0,2,0.0
Logan Costa,CPV,DF,Toulouse,23,2001,1.0,0,0,0,0,0,0,1,2,1,0,0,0,4,4,2,66.7
Lasso Coulibaly,CIV,"FW,MF",Auxerre,21,2002,0.5,0,0,0,0,1,0,2,0,1,0,0,0,1,0,2,0.0
Soumaïla Coulibaly,FRA,DF,Brest,20,2003,4.9,1,0,0,12,1,0,0,5,2,1,0,0,19,8,6,57.1
Tanguy Coulibaly,FRA,"FW,MF",Montpellier,23,2001,16.5,4,2,1,45,21,3,21,11,24,0,1,0,70,19,23,45.2
Marius Courcoul,FRA,"MF,DF",Angers,17,2007,3.4,0,0,0,4,2,0,4,5,2,0,1,0,12,4,1,80.0
Charlie Cresswell,ENG,DF,Toulouse,21,2002,28.8,5,0,0,28,15,3,4,28,23,0,0,1,103,98,44,69.0
Kévin Danois,FRA,MF,Auxerre,20,2004,16.2,1,0,0,22,18,2,14,20,30,0,0,0,102,14,18,43.8
Kevin Danso,AUT,DF,Lens,25,1998,12.0,3,0,0,27,11,1,0,20,7,0,1,0,59,41,21,66.1
Dante,BRA,DF,Nice,40,1983,21.8,5,1,0,19,14,0,2,34,15,0,0,0,112,41,21,66.1
Mohamed Daramy,DEN,FW,Reims,22,2002,0.2,0,0,0,0,0,0,0,0,0,0,0,0,0,1,2,33.3
Jonathan David,CAN,FW,Lille,24,2000,28.4,4,0,0,25,36,10,4,7,8,1,0,0,66,16,42,27.6
Zuriko Davitashvili,GEO,"FW,MF",Saint-Étienne,23,2001,30.9,3,0,0,20,40,5,85,14,14,2,0,0,117,14,47,23.0
Thibault De Smet,BEL,DF,Reims,26,1998,2.1,0,0,0,1,2,0,0,4,4,0,0,0,6,1,1,50.0
Amar Dedić,BIH,DF,Marseille,21,2002,3.5,1,0,0,7,2,0,5,3,4,0,0,0,18,7,6,53.8
Romain Del Castillo,FRA,FW,Brest,28,1996,14.0,0,0,0,11,17,0,103,6,22,0,0,0,73,8,12,40.0
Andy Delort,ALG,FW,Montpellier,32,1991,6.7,1,0,0,11,12,10,11,0,3,0,0,0,9,27,33,45.0
Ousmane Dembélé,FRA,FW,Paris S-G,27,1997,19.2,1,0,0,8,14,9,80,9,5,1,0,0,39,4,6,40.0
Arthur Desmas,FRA,GK,Le Havre,30,1994,18.0,2,0,0,1,6,0,0,0,0,0,1,0,12,2,0,100.0
Mamadou Diakhon,FRA,"FW,MF",Reims,18,2005,9.5,2,0,0,5,22,0,33,4,8,1,0,0,38,1,13,7.1
Bafodé Diakité,FRA,DF,Lille,23,2001,30.7,8,1,1,44,17,1,4,27,18,0,1,0,139,61,23,72.6
Oumar Diakité,CIV,FW,Reims,20,2003,18.1,6,0,0,27,25,11,7,3,13,0,0,0,59,25,59,29.8
Habib Diarra,SEN,"MF,FW",Strasbourg,20,2004,26.1,6,0,0,26,52,1,54,13,13,1,0,0,90,12,16,42.9
Mahamadou Diawara,FRA,MF,Le Havre,19,2005,6.5,0,0,0,15,7,0,5,13,12,0,0,0,40,2,7,22.2
Bamba Dieng,SEN,FW,Angers,24,2000,5.9,1,0,0,9,13,4,5,0,1,1,0,0,5,9,24,27.3
Sinaly Diomande,CIV,DF,Auxerre,23,2001,21.6,6,0,0,24,19,0,1,30,19,0,1,1,86,28,22,56.0
Lois Diony,FRA,FW,Angers,31,1992,0.2,0,0,0,0,0,0,0,0,0,0,0,0,0,1,0,100.0
Sofiane Diop,FRA,"MF,FW",Nice,24,2000,11.8,3,0,0,17,19,3,33,17,16,0,0,0,73,3,8,27.3
Andy Diouf,FRA,MF,Lens,21,2003,24.7,2,0,0,43,21,2,30,15,26,0,1,0,154,18,31,36.7
Yehvann Diouf,SEN,GK,Reims,24,1999,34.0,1,0,0,0,3,0,0,1,1,0,0,0,45,6,0,100.0
Assane Dioussé,SEN,MF,Auxerre,26,1997,7.4,1,0,0,18,11,0,1,12,7,0,0,0,41,1,3,25.0
Gianluigi Donnarumma,ITA,GK,Paris S-G,25,1999,23.2,2,0,0,0,3,0,0,0,1,0,0,0,40,4,0,100.0
Désiré Doué,FRA,"FW,MF",Paris S-G,19,2005,19.2,1,0,0,28,44,1,78,13,30,2,0,0,93,8,10,44.4
Guela Doué,CIV,DF,Strasbourg,21,2002,30.2,7,0,0,41,19,0,46,34,45,0,1,0,162,58,37,61.1
Douglas,BRA,MF,Nantes,27,1997,25.6,8,0,0,42,36,0,10,32,42,0,1,0,111,23,35,39.7
Kamory Doumbia,MLI,"MF,FW",Brest,21,2003,14.7,1,0,0,17,22,1,48,28,29,0,0,0,87,10,22,31.3
Jean-Kevin Duverne,HAI,DF,Nantes,27,1997,6.0,2,0,0,14,6,0,9,8,12,0,0,0,20,9,3,75.0
Noah Edjouma,FRA,"MF,FW",Toulouse,18,2005,1.9,0,1,0,4,3,0,6,2,2,0,0,0,8,2,3,40.0
Pierre Ekwah Elimby,FRA,MF,Saint-Étienne,22,2002,28.6,3,0,0,42,38,0,5,47,33,0,0,0,154,30,13,69.8
Meschak Elia,COD,FW,Nantes,26,1997,1.9,0,0,0,7,2,0,14,0,5,0,0,0,14,2,3,40.0
Breel Embolo,SUI,"FW,MF",Monaco,27,1997,20.5,5,0,0,27,43,11,6,3,17,2,0,0,58,30,30,50.0
Emanuel Emegha,NED,FW,Strasbourg,21,2003,25.5,5,0,0,36,37,27,0,1,6,0,0,0,60,26,39,40.0
Romain Faivre,FRA,"MF,FW",Brest,26,1998,10.0,2,0,0,6,23,1,26,4,10,0,0,0,42,7,10,41.2
Khalil Fayad,FRA,"MF,FW",Montpellier,20,2004,11.4,5,0,0,21,27,1,20,10,16,0,0,1,74,9,6,60.0
Luiz Felipe,ITA,DF,Marseille,27,1997,1.4,1,0,0,1,0,0,0,3,3,0,0,0,2,3,3,50.0
Zinedine Ferhat,ALG,"FW,MF",Angers,31,1993,9.4,1,0,0,11,15,2,68,10,7,0,0,0,47,17,20,45.9
Edimilson Fernandes,SUI,"MF,DF",Brest,28,1996,12.3,1,0,0,7,6,0,7,20,7,0,1,0,69,15,12,55.6
Matias Fernandez-Pardo,BEL,"FW,MF",Lille,19,2005,11.8,4,0,0,18,21,3,30,3,9,1,0,0,35,0,11,0.0
Jordan Ferri,FRA,MF,Montpellier,32,1992,19.7,6,1,0,35,30,0,25,9,23,0,3,0,132,13,15,46.4
Malick Fofana,BEL,FW,Lyon,19,2005,17.7,2,0,0,13,36,10,70,8,11,1,0,0,63,2,12,14.3
Rayan Fofana,FRA,"FW,MF",Lens,18,2006,0.3,0,0,0,1,1,0,0,0,2,0,0,0,2,0,1,0.0
Seko Fofana,CIV,MF,Rennes,29,1995,9.4,3,0,0,9,7,2,5,7,7,0,0,0,42,7,3,70.0
Yahia Fofana,CIV,GK,Angers,23,2000,33.0,4,0,0,0,11,0,0,1,0,0,0,0,36,6,3,66.7
Lamine Fomba,FRA,MF,Saint-Étienne,26,1998,2.4,2,0,0,13,2,1,1,4,6,0,1,0,13,3,6,33.3
Przemysław Frankowski,POL,DF,Lens,29,1995,15.4,3,0,0,18,7,1,78,19,21,0,0,0,61,8,6,57.1
Angelo Fulgini,FRA,"MF,FW",Lens,27,1996,11.6,3,0,0,16,26,2,44,2,10,0,0,0,52,9,15,37.5
Kyogo Furuhashi,JPN,FW,Rennes,29,1995,1.4,0,0,0,4,2,0,0,0,2,0,0,0,1,1,2,33.3
Ignatius Ganago,CMR,"FW,MF",Nantes,25,1999,2.7,1,0,0,2,3,2,3,4,1,0,0,0,7,4,7,36.4
Ulisses Garcia,SUI,DF,Marseille,28,1996,10.3,2,0,0,8,9,2,35,8,11,1,0,0,48,17,6,73.9
Jean-Philippe Gbamin,CIV,MF,Nantes,28,1995,2.4,1,0,0,3,6,0,0,3,1,0,0,0,13,7,3,70.0
Yann Gboho,FRA,"MF,FW",Toulouse,23,2001,25.9,2,0,0,16,61,2,26,6,18,1,0,0,107,5,27,15.6
Denis Genreau,AUS,MF,Toulouse,25,1999,2.5,0,0,0,7,5,0,9,3,5,0,0,0,11,0,3,0.0
Aleksandr Golovin,RUS,"MF,FW",Monaco,28,1996,12.8,1,0,0,25,20,1,23,12,24,0,0,0,101,9,13,40.9
André Gomes,POR,MF,Lille,31,1993,14.2,3,0,0,24,12,0,11,6,13,0,0,0,92,9,7,56.3
Angel Gomes,ENG,MF,Lille,23,2000,8.2,1,0,0,4,11,0,10,0,6,1,0,0,20,5,6,45.5
Carlos Gómez,COL,"MF,DF",Rennes,21,2002,4.2,1,0,0,11,2,2,19,2,6,0,0,0,16,2,6,25.0
Mathieu Gorgelin,FRA,GK,Le Havre,33,1990,16.0,2,0,0,0,2,0,0,0,2,0,0,0,16,7,2,77.8
Amine Gouiri,ALG,"FW,MF",Marseille,24,2000,11.6,0,0,0,11,7,5,57,1,5,0,0,0,24,2,10,16.7
Amine Gouiri,ALG,"MF,FW",Rennes,24,2000,11.5,2,0,0,18,12,4,12,2,6,0,0,0,40,8,15,34.8
Jonathan Gradit,FRA,DF,Lens,31,1992,23.5,4,0,0,29,16,0,10,25,23,0,0,0,73,64,44,59.3
Samuel Grandsir,FRA,"MF,FW",Le Havre,27,1996,0.9,0,0,0,2,0,0,5,0,5,0,0,0,9,0,1,0.0
Mason Greenwood,ENG,"FW,MF",Marseille,22,2001,31.2,3,0,0,24,37,2,110,12,18,2,0,0,88,8,7,53.3
Albert Grønbaek,DEN,"MF,FW",Rennes,23,2001,9.0,1,0,0,10,10,0,28,4,11,0,0,0,24,4,11,26.7
Gabriel Gudmundsson,SWE,DF,Lille,25,1999,19.8,3,0,0,30,42,5,59,17,25,0,0,0,83,12,8,60.0
Evann Guessand,CIV,"FW,MF",Nice,23,2001,28.5,2,0,0,45,64,10,36,15,29,1,0,0,98,26,36,41.9
Bahereba Guirassy,FRA,"FW,MF",Nantes,17,2006,3.9,0,0,0,3,2,0,7,1,8,0,0,0,22,7,10,41.2
Massadio Haïdara,MLI,DF,Brest,31,1992,18.6,3,2,1,20,45,0,49,26,16,1,0,0,54,25,12,67.6
Achraf Hakimi,MAR,DF,Paris S-G,25,1998,23.0,4,0,0,19,25,8,80,31,36,0,0,0,136,9,12,42.9
Florent Hanin,ALG,DF,Angers,34,1990,29.7,2,0,0,16,35,1,107,47,48,0,0,0,132,15,28,34.9
Amine Harit,MAR,MF,Marseille,27,1997,5.8,1,1,0,6,15,0,7,3,7,1,0,0,24,1,5,16.7
Hans Hateboer,NED,DF,Rennes,30,1994,18.7,3,0,0,20,10,2,33,29,16,0,0,0,62,42,24,63.6
Lucas Hernández,FRA,DF,Paris S-G,28,1996,9.7,2,0,0,9,9,0,2,7,18,0,0,1,45,13,6,68.4
Ki-Jana Hoever,NED,DF,Auxerre,22,2002,23.6,4,1,1,22,12,0,78,21,38,0,0,0,91,24,19,55.8
Cédric Hountondji,BEN,DF,Angers,30,1994,3.0,0,0,0,2,1,0,0,4,4,0,0,0,9,5,3,62.5
Ilyes Housni,FRA,"FW,MF",Le Havre,19,2005,2.6,0,0,0,5,5,1,5,1,5,0,0,0,7,0,8,0.0
Pierre Højbjerg,DEN,MF,Marseille,28,1995,29.6,5,0,0,30,39,0,19,42,45,0,0,0,171,21,18,53.8
Hafiz Ibrahim,NGA,FW,Reims,18,2005,4.3,2,1,1,12,2,3,1,2,2,0,0,0,14,8,23,25.8
George Ilenikhena,NGA,FW,Monaco,17,2006,8.0,0,0,0,14,10,9,0,2,2,0,0,0,10,14,16,46.7
Ismaily,BRA,DF,Lille,34,1990,10.0,4,0,0,13,6,0,16,13,17,0,0,0,46,12,15,44.4
Yanis Issoufou,FRA,"MF,FW",Montpellier,17,2006,0.9,0,0,0,1,0,0,3,0,4,0,0,0,3,0,1,0.0
Junya Ito,JPN,"FW,MF",Reims,31,1993,29.9,1,0,0,14,34,10,234,13,30,0,0,0,135,17,28,37.8
Jérémy Jacquet,FRA,DF,Rennes,19,2005,10.3,0,0,0,13,6,0,3,27,17,0,0,0,41,19,10,65.5
Ismail Jakobs,SEN,DF,Monaco,24,1999,2.0,0,0,0,1,3,0,14,2,5,0,0,0,5,1,6,14.3
Jordan James,WAL,MF,Rennes,20,2004,13.1,4,0,0,26,15,1,34,14,19,0,0,0,54,10,7,58.8
Malcolm Jeng,SWE,DF,Reims,19,2005,1.2,0,0,0,1,0,0,0,3,0,0,0,0,3,4,4,50.0
John Joe,IRL,MF,Reims,20,2003,6.1,0,0,0,14,13,0,5,6,15,0,0,0,31,10,13,43.5
Karl-Johan Johnsson,SWE,GK,Strasbourg,34,1990,3.0,0,0,0,1,0,0,0,0,0,0,1,0,2,1,0,100.0
Paul Joly,FRA,DF,Auxerre,24,2000,11.2,3,1,0,10,27,0,55,25,32,0,1,0,56,13,8,61.9
Jota,POR,"FW,MF",Rennes,25,1999,3.7,0,0,0,3,2,3,16,3,2,0,0,0,11,1,1,50.0
Antoine Joujou,FRA,"MF,FW",Le Havre,21,2003,10.5,1,0,0,7,7,2,37,9,11,0,0,0,59,5,18,21.7
Jubal,BRA,DF,Auxerre,30,1993,29.3,7,0,0,27,21,1,0,25,39,1,2,1,90,72,32,69.2
Hamed Junior Traorè,CIV,MF,Auxerre,24,2000,23.3,5,0,0,30,40,7,42,8,20,1,0,0,100,12,20,37.5
Yaya Kader Fofana,MLI,"MF,FW",Reims,20,2004,7.0,4,0,0,16,7,0,6,3,11,0,0,0,33,4,10,28.6
Tino Kadewere,ZIM,"MF,FW",Nantes,28,1996,5.7,1,0,0,6,3,2,2,6,8,0,0,0,34,15,12,55.6
Arnaud Kalimuendo,FRA,"FW,MF",Rennes,22,2002,28.6,2,0,0,29,40,12,13,4,12,1,0,0,63,22,59,27.2
Glen Kamara,FIN,MF,Rennes,28,1995,7.4,0,0,0,7,4,0,0,7,11,0,0,0,42,2,6,25.0
Noham Kamara,FRA,DF,Paris S-G,17,2007,0.8,0,0,0,0,0,0,0,1,1,0,0,0,4,2,0,100.0
Nordine Kandil,FRA,MF,Strasbourg,22,2001,0.1,0,0,0,2,0,0,0,0,0,0,0,0,0,1,1,50.0
Lee Kang-in,KOR,"FW,MF",Paris S-G,23,2001,18.5,1,0,0,21,28,1,94,3,17,0,0,0,73,5,10,33.3
Yassine Kechta,MAR,"MF,FW",Le Havre,22,2002,23.3,4,0,0,42,33,4,36,26,36,1,0,0,113,10,27,27.0
Thilo Kehrer,GER,DF,Monaco,27,1996,26.5,1,0,0,23,20,1,2,36,23,0,0,0,132,54,34,61.4
Wahbi Khazri,TUN,"FW,MF",Montpellier,33,1991,12.4,4,0,0,23,28,7,48,5,18,0,0,0,44,8,21,27.6
Abdukodir Khusanov,UZB,DF,Lens,20,2004,10.8,2,1,0,13,3,0,5,26,11,0,1,0,50,27,12,69.2
Joshua King,NOR,"FW,MF",Toulouse,32,1992,18.6,2,0,0,35,27,7,9,6,11,1,0,0,60,35,51,40.7
Cédric Kipré,CIV,DF,Reims,27,1996,24.3,4,2,0,24,12,1,12,32,30,0,1,0,73,41,24,63.1
Hervé Koffi,BFA,GK,Lens,27,1996,5.0,2,0,0,0,0,0,0,0,1,0,0,0,3,1,0,100.0
Philipp Köhn,SUI,GK,Monaco,26,1998,19.0,1,0,0,0,1,0,0,0,0,0,0,0,37,3,0,100.0
Koka,EGY,FW,Le,Havre 31,1993,9.5,2,0,0,14,2,1,0,4,1,0,0,0,24,20,21,48.8
Randal Kolo Muani,FRA,FW,Paris S-G,25,1998,4.0,0,0,0,7,7,2,0,0,4,1,0,0,8,9,3,75.0
Abdoul Koné,FRA,DF,Reims,19,2005,1.5,0,0,0,3,3,0,0,1,3,0,0,0,7,2,0,100.0
Amadou Koné,MLI,MF,Reims,19,2005,14.4,3,1,0,19,52,0,3,19,32,0,1,0,79,22,22,50.0
Ismaël Koné,CAN,"MF,FW",Marseille,22,2002,4.0,0,0,0,4,11,1,3,4,4,0,0,0,14,2,5,28.6
Ismaël Koné,CAN,MF,Rennes,22,2002,5.2,1,0,0,8,8,0,2,4,6,0,1,0,19,2,0,100.0
Boubakar Kouyaté,MLI,DF,Montpellier,27,1997,8.4,6,1,1,15,8,4,0,12,17,0,0,0,18,22,15,59.5
Goduine Koyalipou,CTA,FW,Lens,24,2000,9.8,0,0,0,7,6,6,2,1,2,0,0,0,15,16,24,40.0
Sael Kumbedi,FRA,DF,Lyon,19,2005,10.6,2,0,0,17,10,0,14,8,14,0,0,0,32,3,7,30.0
Daler Kuzyaev,RUS,MF,Le Havre,31,1993,6.3,1,0,0,8,3,0,6,9,8,0,0,0,27,7,4,63.6
Khvicha Kvaratskhelia,GEO,FW,Paris S-G,23,2001,10.2,0,0,0,12,18,0,33,2,13,0,0,0,27,3,5,37.5
Rémy Labeau Lascary,GLP,"FW,MF",Lens,21,2003,7.1,5,0,0,23,9,10,19,1,10,0,0,0,21,6,7,46.2
Gaëtan Laborde,FRA,FW,Nice,30,1994,20.3,1,0,0,29,18,8,27,6,13,1,0,0,49,48,47,50.5
Alexandre Lacazette,FRA,FW,Lyon,33,1991,22.8,5,0,0,48,33,20,17,8,6,0,1,0,28,16,32,33.3
Younes Lachaab,FRA,"MF,FW",Lille,19,2005,0.1,0,0,0,1,0,0,0,1,1,0,0,0,0,0,1,0.0
Alban Lafont,FRA,GK,Nantes,25,1999,12.0,1,0,0,0,0,0,0,0,1,0,0,0,11,5,0,100.0
Kenny Lala,MAD,DF,Brest,32,1991,29.8,5,0,0,18,14,1,126,25,42,0,1,0,154,8,13,38.1
Mohamed Lamine Bayo,GUI,FW,Lille,26,1998,3.4,1,0,0,6,2,0,0,0,1,0,0,0,5,4,4,50.0
Gautier Larsonneur,FRA,GK,Saint-Étienne,27,1997,34.0,5,0,0,0,13,0,0,0,0,0,0,0,41,7,4,63.6
Julien Le Cardinal,FRA,DF,Brest,26,1997,15.3,3,0,0,12,12,0,6,33,15,0,1,1,48,29,18,61.7
Jérémy Le Douaron,FRA,FW,Brest,26,1998,1.1,0,0,0,2,0,2,0,0,0,0,0,0,2,3,2,60.0
Benjamin Lecomte,FRA,GK,Montpellier,33,1991,30.0,0,0,0,0,2,0,0,0,0,0,0,0,35,4,0,100.0
Pierre Lees-Melou,FRA,MF,Brest,31,1993,17.0,7,0,0,32,30,0,22,12,33,0,0,0,125,4,7,36.4
Jordan Lefort,FRA,DF,Angers,30,1993,34.0,3,0,0,14,15,1,12,32,30,0,1,0,110,40,28,58.8
Félix Lemaréchal,FRA,"MF,FW",Strasbourg,20,2003,19.8,2,0,0,30,12,3,26,14,24,0,0,0,62,14,25,35.9
Donovan Léon,GUF,GK,Auxerre,31,1992,32.0,4,0,0,1,4,0,0,0,0,0,1,0,33,7,1,87.5
Esteban Lepaul,FRA,FW,Angers,24,2000,18.1,2,0,0,16,17,16,15,4,6,0,0,0,45,35,47,42.7
Johann Lepenant,FRA,MF,Nantes,21,2002,22.8,3,0,0,51,38,1,16,18,33,0,0,0,89,20,18,52.6
Louis Leroux,FRA,"MF,DF",Nantes,18,2006,9.1,1,0,0,10,12,0,6,8,18,0,0,0,43,4,5,44.4
Pol Lirola,ESP,DF,Marseille,26,1997,7.6,1,1,0,9,9,0,14,4,9,0,0,1,29,4,7,36.4
Gautier Lloris,FRA,DF,Le Havre,29,1995,30.8,5,0,0,31,7,2,3,34,43,0,2,0,100,64,34,65.3
Bradley Locko,FRA,DF,Brest,22,2002,1.1,1,0,0,1,0,0,1,1,2,0,1,0,2,1,0,100.0
Elysée Logbo,FRA,FW,Le Havre,20,2004,0.3,0,0,0,0,0,0,0,0,0,0,0,0,1,0,2,0.0
Anthony Lopes,POR,GK,Nantes,33,1990,17.4,2,0,0,1,7,0,0,1,0,0,1,0,11,2,1,66.7
Othmane Maamma,MAR,"FW,MF",Montpellier,18,2005,4.0,1,0,0,4,8,2,12,1,1,0,0,0,12,1,4,20.0
Lanroy Machine,FRA,FW,Angers,18,2005,0.1,0,0,0,0,0,0,1,0,0,0,0,0,1,0,1,0.0
Yvann Macon,FRA,DF,Saint-Étienne,25,1998,8.8,4,0,0,26,8,1,23,2,11,0,0,0,42,3,12,20.0
Soungoutou Magassa,FRA,MF,Monaco,20,2003,11.4,5,1,0,28,20,0,7,21,25,0,0,0,90,13,21,38.2
Hugo Magnetti,FRA,MF,Brest,26,1998,25.8,5,0,0,29,22,0,18,18,32,0,0,0,111,10,10,50.0
Frank Magri,CMR,"FW,MF",Toulouse,24,1999,16.8,5,1,0,26,28,4,4,4,2,0,0,0,21,40,82,32.8
Ainsley Maitland-Niles,ENG,DF,Lyon,26,1997,22.1,1,0,0,16,10,3,48,25,44,0,0,0,89,15,14,51.7
Radosław Majecki,POL,GK,Monaco,24,1999,15.0,1,0,0,0,1,0,0,0,0,0,0,0,19,5,0,100.0
Nikola Maksimović,SRB,DF,Montpellier,32,1991,6.5,2,0,0,3,5,0,0,6,5,0,0,0,14,8,13,38.1
Hianga Mananga Mbock,FRA,MF,Brest,24,1999,0.2,0,0,0,1,0,0,0,1,0,0,0,0,0,1,0,100.0
Steve Mandanda,FRA,GK,Rennes,39,1985,16.5,0,0,0,0,1,0,0,0,0,0,0,0,26,1,0,100.0
Aïssa Mandi,ALG,DF,Lille,32,1991,19.3,3,0,0,7,9,1,10,15,17,0,0,0,67,14,22,38.9
Sekou Mara,FRA,"FW,MF",Strasbourg,22,2002,8.5,2,0,0,18,16,3,3,3,6,0,0,0,21,19,23,45.2
Marquinhos,BRA,DF,Paris,S-G 30,1994,19.2,3,0,0,18,7,1,3,11,19,0,1,0,103,32,17,65.3
Ange Martial Tia,MLI,"MF,DF",Reims,17,2006,1.9,0,0,0,3,1,0,3,2,3,0,0,0,12,5,3,62.5
Jonas Martin,FRA,MF,Brest,34,1990,5.5,2,0,0,7,10,0,3,8,7,0,1,0,30,6,9,40.0
Han-Noah Massengo,FRA,MF,Auxerre,23,2001,11.6,5,0,0,17,21,0,9,17,11,0,0,0,57,7,11,38.9
Clinton Mata,ANG,DF,Lyon,31,1992,26.3,6,0,0,27,34,1,38,46,29,0,0,0,129,21,17,55.3
Eliot Matazo,BEL,MF,Monaco,22,2002,0.8,0,0,0,0,2,0,0,1,2,0,0,0,7,1,0,100.0
Nemanja Matić,SRB,MF,Lyon,35,1988,22.3,1,0,0,13,7,0,9,18,29,0,0,0,125,15,13,53.6
Azor Matusiwa,NED,MF,Rennes,26,1998,23.1,3,0,0,29,32,0,1,34,39,0,1,0,134,28,18,60.9
Neal Maupay,FRA,FW,Marseille,27,1996,11.6,3,1,1,10,17,2,1,2,4,0,0,0,21,8,14,36.4
Christian Mawissa,FRA,DF,Monaco,19,2005,16.7,3,0,0,19,7,0,3,26,29,0,1,0,70,31,18,63.3
Senny Mayulu,FRA,MF,Paris S-G,18,2006,9.0,1,0,0,20,18,0,9,5,16,0,0,0,32,1,10,9.1
Ethan Mbappé,FRA,"MF,FW",Lille,17,2006,2.5,3,0,0,5,1,1,14,1,2,0,0,0,8,1,2,33.3
Ibrahim Mbaye,FRA,"FW,MF",Paris S-G,16,2008,3.8,0,0,0,6,3,1,5,2,2,0,0,0,10,2,4,33.3
Mark McKenzie,USA,DF,Toulouse,25,1999,27.7,1,1,0,30,12,1,1,22,31,0,1,0,128,44,34,56.4
Facundo Medina,ARG,DF,Lens,25,1999,28.3,15,1,1,29,22,0,16,32,29,0,1,0,165,30,24,55.6
Henrik Meister,DEN,FW,Rennes,20,2003,0.7,0,0,0,3,1,0,0,1,0,0,0,0,7,2,3,40.0
Bamo Meïté,CIV,DF,Montpellier,22,2001,4.7,2,1,0,8,4,0,0,4,3,0,0,0,8,5,6,45.5
Mohamed Meité,FRA,FW,Rennes,16,2007,6.0,0,0,0,14,8,4,2,0,0,0,0,0,5,15,11,57.7
Farid El Melali,ALG,FW,Angers,27,1997,21.0,1,0,0,21,46,8,87,16,16,3,0,0,100,6,21,22.2
Nuno Mendes,POR,DF,Paris S-G,22,2002,18.6,3,0,0,13,23,1,60,18,19,1,1,0,108,15,11,57.7
Antoine Mendy,SEN,DF,Nice,20,2004,9.2,2,0,0,13,9,0,7,8,21,0,0,0,48,17,13,56.7
Nampalys Mendy,SEN,MF,Lens,32,1992,6.5,2,0,0,11,12,0,2,9,8,0,0,0,30,1,1,50.0
Gideon Mensah,GHA,DF,Auxerre,26,1998,25.3,2,0,0,33,26,1,76,50,45,0,1,0,172,16,19,45.7
Quentin Merlin,FRA,DF,Marseille,22,2002,17.7,1,0,0,11,17,2,95,14,17,0,0,0,69,7,15,31.8
Rafik Messali,FRA,DF,Toulouse,21,2003,5.1,0,0,0,9,8,1,16,10,8,0,0,0,28,6,4,60.0
Thomas Meunier,BEL,DF,Lille,32,1991,21.4,5,0,0,27,3,3,62,34,38,0,1,0,88,33,19,63.5
Lucas Michal,FRA,"FW,MF",Monaco,19,2005,1.3,0,0,0,5,4,0,2,1,3,0,0,0,4,3,5,37.5
Georges Mikautadze,GEO,FW,Lyon,23,2000,16.1,2,0,0,7,23,3,9,4,6,2,0,0,44,15,40,27.3
Igor Miladinović,SRB,"FW,MF",Saint-Étienne,21,2003,0.3,0,0,0,0,0,0,0,1,0,0,0,0,4,2,0,100.0
Takumi Minamino,JPN,"MF,FW",Monaco,29,1995,24.8,4,0,0,31,23,10,23,10,19,0,0,0,88,19,30,38.8
Lucas Mincarelli,FRA,DF,Montpellier,20,2004,7.9,0,0,0,5,5,0,21,9,10,0,0,0,25,5,9,35.7
Terem Moffi,NGA,FW,Nice,25,1999,0.6,0,0,0,1,0,1,0,0,0,0,0,0,1,3,1,75.0
Mostafa Mohamed,EGY,FW,Nantes,26,1997,13.9,3,0,0,32,36,5,4,10,9,1,0,0,50,57,49,53.8
Florent Mollet,FRA,"MF,FW",Nantes,32,1991,2.7,1,0,0,2,3,1,13,1,2,0,0,0,13,1,4,20.0
Gabriel Moscardo,BRA,"MF,DF",Reims,18,2005,0.9,1,0,0,1,0,0,0,0,1,0,0,0,4,3,1,75.0
Yael Mouanga,FRA,DF,Montpellier,19,2005,10.5,3,0,0,10,5,1,2,10,8,0,0,0,29,14,15,48.3
Aimen Moueffek,FRA,MF,Saint-Étienne,23,2001,11.5,2,0,0,20,7,3,4,5,12,0,0,0,59,9,17,34.6
Youssoufa Moukoko,GER,"FW,MF",Nice,19,2004,2.3,0,0,0,1,4,5,1,0,2,0,0,0,14,2,0,100.0
Louis Mouton,FRA,MF,Saint-Étienne,22,2002,11.6,2,0,0,24,7,2,21,10,25,0,0,0,63,5,11,31.3
Ngal'Ayel Mukau,COD,MF,Lille,19,2004,13.2,4,0,0,19,15,0,5,15,18,0,0,0,63,14,14,50.0
Marshall Munetsi,ZIM,MF,Reims,28,1996,18.8,5,0,0,28,31,2,11,17,18,0,0,0,72,41,48,46.1
Almoatasem Al Musrati,LBY,MF,Monaco,28,1996,4.3,0,0,0,5,3,0,0,5,11,0,0,0,19,17,5,77.3
Junior Mwanga,FRA,MF,Le Havre,21,2003,10.6,1,1,0,19,6,0,21,8,16,0,0,0,61,9,7,56.3
Junior Mwanga,FRA,MF,Strasbourg,21,2003,3.3,0,0,0,6,1,0,0,2,9,0,0,0,16,2,0,100.0
Djylian N'Guessan,FRA,FW,Saint-Étienne,15,2008,2.0,0,0,0,1,2,0,0,0,4,0,0,0,4,4,7,36.4
Mickael Nade,FRA,DF,Saint-Étienne,25,1999,25.6,1,0,0,19,27,0,1,33,43,1,1,1,113,28,9,75.7
Bilal Nadir,MAR,MF,Marseille,20,2003,4.3,2,0,0,4,11,0,6,4,3,0,0,0,19,4,2,66.7
Mahamadou Nagida,CMR,DF,Rennes,19,2005,4.8,1,0,0,5,12,0,29,9,6,0,0,0,37,5,11,31.3
Keito Nakamura,JPN,"FW,MF",Reims,24,2000,29.4,5,0,0,29,8,10,56,13,16,0,0,0,116,7,14,33.3
Sebastian Nanasi,SWE,"MF,FW",Strasbourg,22,2002,23.4,1,0,0,9,17,1,66,7,13,0,0,0,71,3,11,21.4
Yael Nandjou,FRA,DF,Nice,19,2005,1.7,0,0,0,6,2,0,4,4,1,0,1,0,8,3,1,75.0
Youssouf Ndayishimiye,BDI,DF,Nice,25,1998,21.5,5,0,0,19,13,0,2,21,21,1,0,0,114,37,28,56.9
Junior Ndiaye,FRA,FW,Montpellier,19,2005,4.9,0,0,0,9,11,4,1,0,2,0,0,0,4,6,16,27.3
Rassoul Ndiaye,SEN,MF,Le Havre,22,2001,11.8,2,0,0,12,10,1,32,12,25,1,0,0,66,13,21,38.2
Wilfried Ndollo,CMR,DF,Montpellier,19,2005,4.5,0,0,0,7,8,0,6,7,5,0,1,1,22,1,7,12.5
Tanguy Ndombele,FRA,MF,Nice,27,1996,12.6,2,0,0,10,28,0,3,14,23,0,0,0,67,3,10,23.1
João Neves,POR,"MF,DF",Paris S-G,19,2004,20.5,1,0,0,17,33,3,15,23,31,0,0,0,123,21,12,63.6
Mikayil Ngor Faye,SEN,DF,Rennes,20,2004,7.6,1,1,0,10,6,0,1,12,12,0,1,0,41,14,9,60.9
Steve Ngoura,FRA,FW,Le Havre,19,2005,3.2,0,0,0,5,1,2,2,0,2,0,0,0,7,5,6,45.5
Bernard Nguene,CMR,FW,Nice,17,2006,0.1,0,0,0,1,0,0,0,0,0,0,0,0,0,0,1,0.0
Moussa Niakhate,SEN,DF,Lyon,28,1996,30.3,2,0,0,34,16,1,5,25,27,0,0,0,119,43,24,64.2
Abdoulaye Niakhate Ndiaye,SEN,DF,Brest,22,2002,19.0,4,1,0,20,18,0,2,11,33,0,2,0,72,46,35,56.8
Ibrahima Niane,SEN,FW,Angers,25,1999,10.5,0,0,0,15,30,9,2,2,3,1,0,0,32,26,37,41.3
Rasmus Nicolaisen,DEN,DF,Toulouse,27,1997,6.9,0,0,0,4,8,0,0,10,3,0,0,1,29,21,9,70.0
Arnaud Nordin,FRA,FW,Montpellier,26,1998,13.0,2,0,0,13,40,1,35,5,15,0,0,0,47,12,19,38.7
Ernest Nuamah,GHA,"FW,MF",Lyon,20,2003,11.7,2,0,0,18,11,7,30,8,11,0,1,0,60,13,14,48.1
Rabby Nzingoula,CGO,MF,Montpellier,18,2005,18.8,11,0,0,37,43,2,16,29,42,0,0,0,99,17,20,45.9
M'Bala Nzola,ANG,FW,Lens,27,1996,16.2,3,1,0,30,13,24,1,5,4,0,0,0,36,38,36,51.4
Marwann Nzuzi,FRA,DF,Saint-Étienne,20,2004,1.4,2,0,0,2,1,0,1,2,2,0,0,0,3,2,1,66.7
Hamzat Ojediran,NGA,"MF,FW",Lens,20,2003,4.6,5,0,0,17,3,1,2,10,15,0,0,0,26,9,15,37.5
Joseph Okumu,KEN,DF,Reims,27,1997,18.8,5,1,1,15,15,0,5,25,15,0,2,0,94,35,20,63.6
Kazeem Olaigbe,BEL,"MF,FW",Rennes,21,2003,3.3,0,0,0,6,1,2,10,0,4,0,0,0,13,0,1,0.0
Ben Old,NZL,"FW,MF",Saint-Étienne,21,2002,5.9,0,0,0,4,10,0,19,2,5,0,0,0,24,1,5,16.7
Becir Omeragic,SUI,DF,Montpellier,22,2002,20.0,1,0,0,13,10,0,7,13,16,0,0,1,75,20,34,37.0
Andrew Omobamidele,IRL,DF,Strasbourg,22,2002,6.0,5,1,1,13,7,0,0,8,4,0,1,0,25,9,3,75.0
Ado Onaiwu,JPN,"MF,FW",Auxerre,28,1995,10.6,1,1,0,9,12,3,7,3,7,0,0,0,45,37,26,58.7
Fredrik Oppegard,NOR,DF,Auxerre,21,2002,3.0,0,0,0,3,4,1,6,2,4,0,0,0,14,2,5,28.6
Victor Orakpo,NGA,FW,Nice,18,2006,0.4,0,0,0,0,2,1,0,0,0,0,0,0,3,1,4,20.0
Gift Orban,NGA,"FW,DF",Lyon,22,2002,2.1,1,0,0,5,1,4,1,0,0,0,0,0,5,1,4,20.0
Gabriel Osho,NGA,DF,Auxerre,25,1998,18.4,1,1,0,11,10,0,3,12,15,0,0,0,52,19,9,67.9
Zinédine Ould Khaled,FRA,MF,Angers,24,2000,3.8,1,0,0,8,4,0,0,2,7,0,0,0,17,1,7,12.5
Beres Owusu,FRA,DF,Saint-Étienne,20,2003,1.0,0,0,0,1,1,0,1,0,2,0,0,0,2,2,0,100.0
Elisha Owusu,GHA,MF,Auxerre,26,1997,26.0,7,0,0,49,21,0,8,42,41,0,1,1,154,16,26,38.1
Willian Pacho,ECU,DF,Paris S-G,22,2001,23.7,2,0,0,20,7,0,0,40,32,0,0,0,119,29,26,52.7
Nicolas Pallois,FRA,DF,Nantes,36,1987,22.4,9,0,0,22,11,0,7,28,27,0,1,1,96,20,16,55.6
Nicolas Pays,FRA,"FW,MF",Montpellier,20,2003,5.0,0,0,0,2,6,0,17,4,6,0,0,0,20,5,4,55.6
Jordan Pefok,USA,FW,Reims,28,1996,4.2,0,0,0,11,8,3,1,2,2,0,0,0,7,10,10,50.0
Timothee Pembele,FRA,DF,Le Havre,21,2002,12.4,3,0,0,9,11,1,28,11,22,0,0,0,46,10,14,41.7
Mathias Pereira Lage,POR,"FW,MF",Brest,27,1996,17.5,4,0,0,30,28,2,99,20,24,0,1,0,77,35,41,46.1
Lucas Perri,BRA,GK,Lyon,26,1997,33.0,1,0,0,1,4,0,0,0,1,0,0,0,29,12,0,100.0
Gaëtan Perrin,FRA,"MF,FW",Auxerre,28,1996,29.9,2,0,0,24,20,9,162,12,26,0,0,0,124,3,13,18.8
Prosper Peter,NGA,"MF,FW",Angers,16,2007,0.3,0,0,0,1,0,0,0,0,1,0,0,0,1,0,2,0.0
Léo Pétrot,FRA,DF,Saint-Étienne,27,1997,29.3,4,0,0,22,22,1,51,42,39,0,3,0,115,40,37,51.9
Đorđe Petrović,SRB,GK,Strasbourg,24,1999,31.0,2,0,0,0,3,0,0,0,1,0,0,0,58,4,0,100.0
Adrien Rabiot,FRA,MF,Marseille,29,1995,27.6,4,0,0,53,33,12,40,21,31,0,1,0,124,34,26,56.7
Gonçalo Ramos,POR,FW,Paris S-G,23,2001,11.8,1,0,0,8,11,9,1,0,6,1,0,0,18,20,15,57.1
Rayan Raveloson,MAD,"MF,DF",Auxerre,27,1997,8.0,3,0,0,9,12,0,8,5,5,0,0,0,44,8,9,47.1
Guillaume Restes,FRA,GK,Toulouse,19,2005,28.3,2,0,0,1,2,0,0,1,1,0,1,0,50,0,1,0.0
Alexsandro Ribeiro,BRA,DF,Lille,24,1999,30.0,10,0,0,28,32,2,8,27,19,0,1,1,175,64,25,71.9
Alejandro Rodriguez,POR,MF,Lyon,16,2008,0.2,0,0,0,0,0,0,1,0,0,0,0,0,1,0,3,0.0
Valentin Rongier,FRA,"MF,DF",Marseille,29,1994,17.4,5,0,0,37,14,0,7,33,28,0,1,0,86,13,11,54.2
Pablo Rosario,DOM,"MF,DF",Nice,27,1997,19.7,6,1,0,24,10,0,3,31,20,0,0,0,60,24,16,60.0
Anthony Rouault,FRA,DF,Rennes,23,2001,10.8,3,0,0,7,1,1,0,8,8,0,0,0,48,28,15,65.1
Jon Rowe,ENG,"FW,MF",Marseille,21,2003,9.0,2,0,0,14,26,6,28,2,11,0,0,0,21,7,14,33.3
Fabián Ruiz Peña,ESP,MF,Paris S-G,28,1996,21.4,1,0,0,6,10,5,27,16,24,0,0,0,135,5,8,38.5
Gerónimo Rulli,ARG,GK,Marseille,32,1992,34.0,1,0,0,2,11,0,0,1,3,0,2,0,37,7,1,87.5
Mathew Ryan,AUS,GK,Lens,32,1992,14.0,0,0,0,0,1,0,0,1,0,0,0,0,11,4,0,100.0
Emmanuel Sabbi,USA,"FW,MF",Le Havre,26,1997,7.3,1,0,0,11,16,2,15,3,7,0,0,0,26,9,13,40.9
Falaye Sacko,MLI,DF,Montpellier,29,1995,13.7,1,0,0,15,6,1,12,13,8,0,2,0,52,8,14,36.4
Modibo Sagnan,MLI,DF,Montpellier,25,1999,23.8,10,0,0,33,12,1,1,29,35,0,1,0,90,37,39,48.7
Osame Sahraoui,MAR,"FW,MF",Lille,23,2001,14.4,1,0,0,8,12,1,12,7,9,0,0,0,58,0,8,0.0
Wesley Saïd,FRA,FW,Lens,29,1995,10.1,4,0,0,22,4,7,8,2,11,0,0,0,17,10,16,38.5
Théo Sainte-Luce,FRA,DF,Montpellier,25,1998,11.3,3,0,0,8,9,2,23,12,11,0,0,0,38,15,14,51.7
Ibrahim Salah,MAR,FW,Brest,22,2001,4.0,0,0,0,6,3,2,15,2,2,0,0,0,20,1,3,25.0
Amine Salama,FRA,FW,Reims,24,2000,4.1,0,0,0,2,1,5,4,1,2,0,0,0,11,2,3,40.0
Mohammed Salisu,GHA,DF,Monaco,25,1999,11.4,2,0,0,9,3,1,0,16,18,0,0,0,55,35,18,66.0
Yoann Salmier,GUF,DF,Le Havre,31,1992,8.9,3,0,0,8,3,0,1,10,7,0,1,0,22,20,11,64.5
Mama Samba Baldé,GNB,FW,Lyon,28,1995,0.4,0,0,0,1,1,0,0,1,2,0,0,0,1,1,0,100.0
Mama Samba Baldé,GNB,FW,Brest,28,1995,12.8,4,0,0,19,22,14,10,6,9,0,0,0,37,35,49,41.7
Brice Samba,FRA,GK,Rennes,30,1994,17.0,3,0,0,0,1,0,0,0,1,0,0,0,25,5,0,100.0
Arouna Sangante,SEN,DF,Le Havre,22,2002,13.8,4,1,0,22,16,1,2,21,16,0,0,0,53,33,22,60.0
Morgan Sanson,FRA,MF,Nice,29,1994,2.6,0,0,0,3,1,0,4,4,3,0,0,0,10,1,2,33.3
Baptiste Santamaria,FRA,MF,Nice,29,1995,10.3,1,0,0,16,20,0,3,18,10,0,1,0,49,24,13,64.9
Baptiste Santamaria,FRA,MF,Rennes,29,1995,5.4,1,0,0,5,7,0,4,12,4,1,0,1,34,13,13,50.0
Andrey Santos,BRA,MF,Strasbourg,20,2004,31.7,8,0,0,29,63,0,0,32,74,1,1,0,188,37,24,60.7
Tiago Santos,POR,DF,Lille,22,2002,4.5,1,0,0,6,10,2,19,2,7,1,0,0,15,6,4,60.0
Malang Sarr,FRA,DF,Lens,25,1999,15.4,0,0,0,13,10,1,1,22,13,0,3,0,69,18,5,78.3
Mamadou Sarr,FRA,DF,Strasbourg,18,2005,26.3,4,0,0,29,11,0,1,25,21,0,1,0,98,30,29,50.8
Martin Satriano,URU,"FW,DF",Lens,23,2001,1.0,0,0,0,4,1,0,1,0,1,0,0,0,6,5,5,50.0
Téji Savanier,FRA,MF,Montpellier,32,1991,26.3,4,1,0,22,62,1,199,15,25,0,0,0,117,18,23,43.9
Niklas Schmidt,GER,MF,Toulouse,26,1998,2.3,0,0,0,5,1,0,16,1,4,0,0,0,24,1,1,50.0
Jérémy Sebas,MTQ,"FW,MF",Strasbourg,21,2003,2.1,0,0,0,6,2,2,2,0,2,0,0,0,10,3,3,50.0
Alidu Seidu,GHA,DF,Rennes,24,2000,8.9,4,0,0,10,28,1,4,14,18,0,0,0,67,9,11,45.0
Hiroki Sekine,JPN,DF,Reims,21,2002,9.9,1,0,0,4,7,0,21,5,7,0,0,0,21,11,11,50.0
Marvin Senaya,TOG,DF,Strasbourg,23,2001,2.5,3,0,0,4,4,0,1,7,3,0,1,0,13,3,3,50.0
Djibril Sidibé,FRA,DF,Toulouse,32,1992,23.3,1,0,0,20,19,2,45,20,36,0,0,0,99,17,10,63.0
Vincent Sierro,SUI,MF,Toulouse,28,1995,26.7,4,0,0,34,31,1,64,16,27,0,0,0,125,31,35,47.0
Abdallah Sima,SEN,"FW,MF",Brest,23,2001,13.8,2,0,0,16,25,4,16,1,11,0,0,0,61,41,44,48.2
Moses Simon,NGA,"FW,MF",Nantes,29,1995,29.0,2,0,0,11,51,9,222,12,14,1,0,0,118,10,38,20.8
Lassine Sinayoko,MLI,"FW,MF",Auxerre,24,1999,25.5,5,0,0,36,33,13,25,13,20,2,0,0,76,27,64,29.7
Wilfried Singo,CIV,DF,Monaco,23,2000,23.3,4,0,0,36,34,3,10,43,23,0,0,0,138,51,29,63.8
Ibrahim Sissoko,MLI,FW,Saint-Étienne,28,1995,9.1,1,0,0,37,21,9,3,2,9,0,0,0,23,26,42,38.2
Niama Sissoko,MLI,"FW,MF",Reims,18,2005,0.5,0,0,0,3,0,0,0,0,0,0,0,0,2,1,3,25.0
Leo Skiri Østigård,NOR,DF,Rennes,24,1999,13.6,4,0,0,18,5,0,0,15,18,0,0,0,51,47,20,70.1
Milan Škriniar,SVK,DF,Paris S-G,29,1995,4.2,1,0,0,4,5,1,0,3,5,0,0,0,25,7,5,58.3
Eduard Sobol,UKR,DF,Strasbourg,29,1995,1.1,2,0,0,4,1,0,1,2,0,0,0,0,4,3,3,50.0
Florian Sotoca,FRA,"FW,MF",Lens,33,1990,19.9,2,1,0,15,20,6,75,14,13,0,0,0,79,43,26,62.3
Issa Soumaré,SEN,"FW,MF",Le Havre,23,2000,21.1,0,0,0,17,60,4,42,16,14,0,0,0,98,84,56,60.0
Saidou Sow,GUI,DF,Strasbourg,22,2002,11.3,2,0,0,7,5,1,0,15,5,0,1,0,36,16,15,51.6
Saidou Sow,GUI,DF,Nantes,22,2002,8.9,1,0,0,7,5,0,0,13,11,0,2,0,32,13,18,41.9
Lucas Stassin,BEL,FW,Saint-Étienne,19,2004,21.0,4,0,0,32,26,7,19,3,11,1,0,0,34,15,29,34.1
Enzo Sternal,FRA,"FW,MF",Marseille,17,2007,0.3,1,0,0,0,0,0,0,0,0,0,0,0,0,0,1,0.0
Gabriel Suazo,CHI,DF,Toulouse,26,1997,24.0,0,0,0,32,29,2,78,36,39,0,0,1,125,13,19,40.6
Abakar Sylla,CIV,DF,Strasbourg,21,2002,10.6,2,1,0,17,7,0,1,11,15,0,0,1,39,20,15,57.1
Issiaga Sylla,GUI,DF,Montpellier,30,1994,12.8,2,0,0,13,6,3,36,10,10,0,0,0,51,22,18,55.0
Musa Al-Taamari,JOR,"FW,MF",Montpellier,27,1997,12.4,3,0,0,7,26,3,14,3,10,1,0,0,49,8,10,44.4
Musa Al-Taamari,JOR,"FW,MF",Rennes,27,1997,6.3,1,0,0,4,11,4,6,2,1,1,0,0,17,2,9,18.2
Nicolás Tagliafico,ARG,DF,Lyon,31,1992,21.1,7,0,0,41,27,1,37,36,37,2,0,0,102,25,26,49.0
Florian Tardieu,FRA,MF,Saint-Étienne,32,1992,13.9,0,0,0,10,14,1,24,15,14,0,1,0,83,14,8,63.6
Oussama Targhalline,MAR,MF,Le Havre,22,2002,11.0,0,0,0,11,10,4,16,19,14,0,0,0,43,8,6,57.1
Enzo Tchato,CMR,DF,Montpellier,21,2002,21.1,3,0,0,21,16,2,77,22,26,0,0,0,60,19,12,61.3
Arnau Tenas,ESP,GK,Paris S-G,23,2001,1.0,0,0,0,0,0,0,0,0,0,0,0,0,2,1,0,100.0
Tanner Tessmann,USA,MF,Lyon,22,2001,13.7,3,0,0,14,14,0,14,19,15,0,0,0,63,4,19,17.4
Teddy Teuma,MLT,MF,Reims,30,1993,8.3,1,0,0,11,7,2,44,12,10,0,0,0,42,4,8,33.3
Jordan Teze,NED,DF,Monaco,24,1999,6.3,2,1,0,10,3,1,12,6,9,0,0,0,29,7,8,46.7
Sorba Thomas,WAL,"FW,MF",Nantes,24,1999,14.7,3,0,0,13,17,2,130,9,6,0,0,0,66,7,17,29.2
Adrien Thomasson,FRA,MF,Lens,30,1993,29.1,7,0,0,51,48,7,58,19,47,0,1,0,206,17,45,27.4
Corentin Tolisso,FRA,MF,Lyon,29,1994,25.9,4,0,0,44,50,8,32,22,25,0,1,0,128,54,58,48.2
Abdoulaye Touré,GUI,MF,Le Havre,30,1994,25.8,5,0,0,30,45,1,11,34,34,1,0,0,160,30,19,61.2
Birama Touré,MLI,"MF,DF",Montpellier,32,1992,3.3,2,0,0,2,5,0,0,6,5,0,0,0,14,4,4,50.0
Ousmane Toure,FRA,DF,Lille,19,2005,0.1,0,0,0,0,0,0,0,1,0,0,0,0,1,1,0,100.0
Vanderson,BRA,DF,Monaco,23,2001,22.9,6,1,1,28,23,1,59,39,48,0,0,0,153,22,25,46.8
Robinio Vaz,FRA,FW,Marseille,17,2007,0.8,1,0,0,1,4,0,1,0,1,1,0,0,1,2,2,50.0
Jordan Veretout,FRA,MF,Lyon,31,1993,17.3,3,0,0,23,11,0,26,5,14,0,0,0,88,12,15,44.4
Ben Viadere,FRA,MF,Auxerre,18,2005,0.1,0,0,0,0,0,0,4,0,0,0,0,0,0,0,1,0.0
Vitinha,POR,MF,Paris,S-G 24,2000,22.7,1,0,0,9,12,0,21,14,23,0,0,0,144,1,5,16.7
Ibrahima Wadji,SEN,"FW,MF",Saint-Étienne,29,1995,3.9,1,0,0,11,5,4,2,1,6,0,0,0,7,4,10,28.6
Elye Wahi,FRA,FW,Marseille,21,2003,6.4,1,0,0,17,8,10,2,1,0,0,0,0,8,4,13,23.5
Christopher Wooh,CMR,DF,Rennes,22,2001,16.2,6,1,0,33,8,0,0,23,19,0,1,1,53,42,18,70.0
Etienne Youte Kinkoue,FRA,DF,Le Havre,22,2002,25.8,4,1,0,14,6,0,2,29,10,0,2,1,65,26,21,55.3
Warren Zaïre-Emery,FRA,"MF,DF",Paris S-G,18,2006,22.8,3,0,0,25,19,1,9,23,26,0,0,0,136,9,14,39.1
Miha Zajc,SVN,MF,Toulouse,30,1994,2.9,2,0,0,5,2,0,7,3,4,0,0,0,14,3,8,27.3
Denis Zakaria,SUI,MF,Monaco,27,1996,23.8,5,0,0,32,21,1,7,34,26,0,2,0,165,18,12,60.0
Anass Zaroury,MAR,"FW,MF",Lens,23,2000,15.6,3,1,1,13,24,2,125,6,17,1,0,0,59,2,5,28.6
Nathan Zeze,FRA,DF,Nantes,19,2005,16.8,6,0,0,17,17,0,1,23,22,0,0,0,63,28,25,52.8
Edon Zhegrova,KVX,"FW,MF",Lille,25,1999,10.9,1,0,0,10,11,5,58,4,2,0,0,0,42,3,2,60.0
Luck Zogbé,CIV,DF,Brest,19,2005,7.1,2,0,0,9,11,1,14,14,18,0,0,0,51,12,4,75.0
