Player,Nation,Pos,Squad,Age,Born,90s,Tackles,TacklesWon,Def3rd_Tkl,Mid3rd_Tkl,Att3rd_Tkl,DribblersTackled,DribblersChallenged,Tkl%_vsDrib,ChallengesLost,Blocks,ShotsBlocked,PassesBlocked,Interceptions,Clearances,NBPLAYER + Interceptions,Errors
Max Aarons,ENG,DF,Bournemouth,24,2000,1.0,2,2,1,1,0,1,1,100.0,0,3,1,2,1,3,0,0
Joshua Acheampong,ENG,DF,Chelsea,18,2006,1.9,2,1,2,0,0,2,2,100.0,0,1,0,1,1,3,2,0
Tyler Adams,USA,MF,Bournemouth,25,1999,21.8,83,50,26,49,8,39,72,54.2,33,33,10,23,32,115,42,0
Tosin Adarabioyo,ENG,DF,Chelsea,26,1997,15.7,17,13,11,6,0,8,12,66.7,4,9,7,2,11,28,80,0
Simon Adingra,CIV,"FW,MF",Brighton,22,2002,12.2,23,14,10,8,5,10,26,38.5,16,12,0,12,8,31,6,2
Emmanuel Agbadou,CIV,DF,Wolves,27,1997,15.7,30,19,21,9,0,13,20,65.0,7,19,13,6,12,42,90,0
Ola Aina,NGA,DF,Nott'ham Forest,27,1996,33.3,55,42,39,15,1,36,64,56.3,28,34,12,22,33,88,115,4
Rayan Aït-Nouri,ALG,DF,Wolves,23,2001,34.5,89,57,52,28,9,43,70,61.4,27,42,6,36,26,115,75,2
Kristoffer Ajer,NOR,DF,Brentford,26,1998,16.0,26,18,14,11,1,14,27,51.9,13,17,4,13,12,38,50,0
Manuel Akanji,SUI,DF,Manchester City,29,1995,22.4,19,12,12,4,3,11,17,64.7,6,11,8,3,9,28,64,3
Nathan Aké,NED,DF,Manchester City,29,1995,7.5,9,7,7,2,0,4,6,66.7,2,7,2,5,3,12,22,1
Carlos Alcaraz,ARG,"FW,MF",Everton,21,2002,8.5,11,5,5,3,3,3,11,27.3,8,9,2,7,5,16,10,0
Trent Alexander-Arnold,ENG,DF,Liverpool,25,1998,26.3,72,50,44,19,9,49,105,46.7,56,26,9,17,31,103,55,4
Alisson,BRA,GK,Liverpool,31,1992,27.9,1,0,1,0,0,0,1,0.0,1,0,0,0,0,1,13,1
Miguel Almirón,PAR,FW,Newcastle Utd,30,1994,1.7,3,2,2,0,1,2,3,66.7,1,2,0,2,0,3,0,0
Edson Álvarez,MEX,MF,West Ham,26,1997,19.7,50,27,27,15,8,17,35,48.6,18,23,8,15,18,68,46,1
Harry Amass,ENG,DF,Manchester Utd,17,2007,3.8,6,2,5,1,0,2,8,25.0,6,11,1,10,2,8,11,0
Samuel Amo-Ameyaw,ENG,"FW,DF",Southampton,18,2006,0.3,1,0,0,1,0,1,1,100.0,0,0,0,0,0,1,0,0
Joachim Andersen,DEN,DF,Crystal Palace,28,1996,1.0,1,1,1,0,0,1,2,50.0,1,0,0,0,0,1,7,0
Joachim Andersen,DEN,DF,Fulham,28,1996,28.7,27,18,20,6,1,15,24,62.5,9,37,28,9,34,61,188,1
Elliot Anderson,ENG,MF,Nott'ham Forest,21,2002,30.3,92,56,54,29,9,48,111,43.2,63,48,9,39,31,123,76,4
André,BRA,MF,Wolves,23,2001,27.5,91,55,41,41,9,37,63,58.7,26,42,8,34,37,128,30,1
Michail Antonio,JAM,FW,West Ham,34,1990,9.3,2,2,0,1,1,2,3,66.7,1,6,0,6,0,2,2,0
Julian Araujo,MEX,DF,Bournemouth,22,2001,5.5,10,5,4,6,0,5,12,41.7,7,3,0,3,6,16,18,0
Cameron Archer,ENG,FW,Southampton,23,2001,16.0,13,8,8,3,2,2,9,22.2,7,5,1,4,2,15,11,0
Alphonse Areola,FRA,GK,West Ham,31,1993,25.1,2,2,2,0,0,2,3,66.7,1,0,0,0,0,2,15,3
Joe Aribo,NGA,"MF,DF",Southampton,28,1996,22.4,47,33,17,24,6,17,35,48.6,18,28,11,17,20,67,32,3
Adam Armstrong,ENG,"FW,MF",Southampton,27,1997,13.9,12,3,2,7,3,3,14,21.4,11,6,1,5,3,15,8,0
Harrison Armstrong,ENG,MF,Everton,17,2007,0.5,0,0,0,0,0,0,1,0.0,1,0,0,0,0,0,1,0
Kepa Arrizabalaga,ESP,GK,Bournemouth,29,1994,31.0,1,0,1,0,0,0,2,0.0,2,2,0,2,0,1,15,3
Marco Asensio,ESP,MF,Aston Villa,28,1996,8.3,7,5,0,7,0,3,9,33.3,6,7,1,6,2,9,3,0
Taiwo Awoniyi,NGA,FW,Nott'ham Forest,26,1997,4.6,6,3,0,3,3,4,5,80.0,1,1,0,1,0,6,7,0
Yasin Ayari,SWE,MF,Brighton,20,2003,21.8,59,32,15,31,13,26,56,46.4,30,24,6,18,20,79,26,0
Jordan Ayew,GHA,"FW,MF",Leicester City,32,1991,18.2,27,15,8,14,5,7,23,30.4,16,21,2,19,12,39,19,0
Benoît Badiashile,FRA,DF,Chelsea,23,2001,3.7,9,6,5,4,0,4,5,80.0,1,2,2,0,6,15,12,2
Leon Bailey,JAM,"FW,MF",Aston Villa,26,1997,12.7,7,5,2,3,2,3,11,27.3,8,6,0,6,3,10,12,0
Carlos Baleba,CMR,MF,Brighton,20,2004,29.6,79,46,26,37,16,48,80,60.0,32,47,11,36,46,125,44,1
Ross Barkley,ENG,MF,Aston Villa,30,1993,6.5,14,3,4,10,0,9,14,64.3,5,9,3,6,10,24,5,0
Harvey Barnes,ENG,FW,Newcastle Utd,26,1997,19.5,16,9,4,6,6,3,11,27.3,8,8,2,6,6,22,15,1
Calvin Bassey,NGA,DF,Fulham,24,1999,34.2,54,34,35,19,0,22,31,71.0,9,40,17,23,20,74,118,8
Altay Bayındır,TUR,GK,Manchester Utd,26,1998,4.0,0,0,0,0,0,0,1,0.0,1,0,0,0,0,0,9,1
Jan Bednarek,POL,DF,Southampton,28,1996,28.1,36,19,23,13,0,16,31,51.6,15,47,36,11,56,92,190,5
Armel Bella Kotchap,GER,DF,Southampton,22,2001,3.7,7,5,5,2,0,3,6,50.0,3,2,2,0,5,12,21,1
Jean-Ricner Bellegarde,FRA,"MF,FW",Wolves,26,1998,18.6,39,24,17,19,3,14,20,70.0,6,19,3,16,10,49,18,1
Rodrigo Bentancur,URU,MF,Tottenham,27,1997,18.3,40,22,19,17,4,19,40,47.5,21,25,8,17,40,80,38,1
Sander Berge,NOR,MF,Fulham,26,1998,24.7,50,30,23,23,4,27,39,69.2,12,27,8,19,21,71,38,1
Lucas Bergvall,SWE,MF,Tottenham,18,2006,13.5,39,19,14,20,5,17,32,53.1,15,18,8,10,24,63,22,3
Victor Bernth Kristiansen,DEN,DF,Leicester City,21,2002,27.6,87,51,56,26,5,49,91,53.8,42,38,15,23,42,129,75,3
Beto,GNB,FW,Everton,26,1998,17.0,14,6,2,8,4,5,8,62.5,3,12,2,10,4,18,24,1
Philip Billing,DEN,MF,Bournemouth,28,1996,2.0,14,5,7,6,1,3,4,75.0,1,3,0,3,5,19,2,0
Yves Bissouma,MLI,MF,Tottenham,27,1996,15.6,49,31,20,25,4,19,34,55.9,15,11,6,5,18,67,40,4
Willy Boly,CIV,DF,Nott'ham Forest,33,1991,1.7,6,1,5,1,0,4,4,100.0,0,4,2,2,3,9,12,0
Sven Botman,NED,DF,Newcastle Utd,24,2000,4.6,12,9,6,5,1,7,9,77.8,2,5,4,1,5,17,25,1
Jarrod Bowen,ENG,"FW,MF",West Ham,27,1996,33.0,41,26,13,12,16,19,40,47.5,21,22,4,18,16,57,25,0
Conor Bradley,NIR,DF,Liverpool,21,2003,8.4,14,10,7,5,2,11,22,50.0,11,9,2,7,4,18,31,0
Jarrad Branthwaite,ENG,DF,Everton,22,2002,27.9,36,20,26,10,0,20,28,71.4,8,31,23,8,27,63,191,4
James Bree,ENG,DF,Southampton,26,1997,11.9,19,14,8,10,1,10,25,40.0,15,10,3,7,9,28,29,0
Ben Brereton,CHI,FW,Southampton,25,1999,5.0,3,2,0,2,1,1,9,11.1,8,2,1,1,0,3,4,0
Nathan Broadhead,WAL,"MF,FW",Ipswich Town,26,1998,7.8,9,4,3,6,0,3,12,25.0,9,8,1,7,4,13,5,0
David Brooks,WAL,"FW,MF",Bournemouth,27,1997,10.7,14,6,2,8,4,2,16,12.5,14,18,2,16,5,19,9,1
Emi Buendía,ARG,"MF,FW",Aston Villa,27,1996,1.1,6,6,3,2,1,0,5,0.0,5,5,1,4,0,6,2,0
Santiago Bueno,URU,DF,Wolves,25,1998,18.7,41,21,22,18,1,17,22,77.3,5,36,21,15,15,56,70,0
Facundo Buonanotte,ARG,"FW,MF",Leicester City,19,2004,16.9,53,32,17,22,14,21,67,31.3,46,34,6,28,12,65,14,0
Cameron Burgess,AUS,DF,Ipswich Town,28,1995,17.1,17,12,14,3,0,9,11,81.8,2,20,15,5,14,31,128,3
Dan Burn,ENG,DF,Newcastle Utd,32,1992,37.0,39,24,22,15,2,20,36,55.6,16,36,26,10,27,66,197,4
Wes Burns,WAL,"FW,DF",Ipswich Town,29,1994,10.3,13,11,1,9,3,4,10,40.0,6,7,2,5,10,23,13,2
Moisés Caicedo,ECU,"MF,DF",Chelsea,22,2001,37.2,114,73,44,54,16,54,86,62.8,32,49,10,39,49,163,60,1
Tom Cairney,SCO,MF,Fulham,33,1991,7.0,13,5,5,2,6,4,7,57.1,3,7,1,6,4,17,3,1
Jens Cajuste,SWE,MF,Ipswich Town,24,1999,21.8,44,22,19,23,2,21,49,42.9,28,25,10,15,28,72,33,2
Riccardo Calafiori,ITA,DF,Arsenal,22,2002,10.9,27,19,15,10,2,18,29,62.1,11,12,6,6,9,36,25,0
Dominic Calvert-Lewin,ENG,FW,Everton,27,1997,17.9,9,7,1,4,4,2,6,33.3,4,7,2,5,7,16,23,0
Diego Carlos,BRA,DF,Aston Villa,31,1993,9.2,8,3,6,1,1,4,6,66.7,2,13,7,6,5,13,36,2
Fabio Carvalho,POR,"FW,MF",Brentford,21,2002,5.1,13,9,4,4,5,6,13,46.2,7,6,1,5,3,16,2,0
Casemiro,BRA,MF,Manchester,Utd 32,1992,16.6,83,50,50,23,10,45,74,60.8,29,39,10,29,14,97,51,3
Matty Cash,POL,DF,Aston Villa,26,1997,23.0,56,32,29,21,6,31,43,72.1,12,22,8,14,23,79,70,2
Eiran Cashin,IRL,DF,Brighton,22,2001,0.2,0,0,0,0,0,0,1,0.0,1,0,0,0,0,0,2,0
Timothy Castagne,BEL,DF,Fulham,28,1995,18.3,46,29,28,15,3,26,45,57.8,19,15,6,9,22,68,83,0
Trevoh Chalobah,ENG,DF,Crystal Palace,25,1999,11.8,20,16,7,12,1,12,23,52.2,11,19,9,10,19,39,57,3
Trevoh Chalobah,ENG,DF,Chelsea,25,1999,10.1,11,7,5,6,0,7,8,87.5,1,6,3,3,10,21,48,1
Conor Chaplin,ENG,"MF,FW",Ipswich Town,27,1997,9.5,15,5,6,6,3,6,14,42.9,8,8,1,7,4,19,3,0
Youssef Chermiti,POR,"FW,MF",Everton,20,2004,0.5,0,0,0,0,0,0,1,0.0,1,0,0,0,0,0,0,0
Federico Chiesa,ITA,FW,Liverpool,26,1997,1.2,1,0,0,1,0,0,2,0.0,2,1,0,1,0,1,1,1
Ben Chilwell,ENG,DF,Crystal Palace,27,1996,2.9,7,6,4,3,0,1,5,20.0,4,6,2,4,6,13,16,0
Hamza Choudhury,BAN,"MF,DF",Leicester City,26,1997,1.5,1,1,1,0,0,1,3,33.3,2,4,2,2,5,6,2,0
Ryan Christie,SCO,MF,Bournemouth,29,1995,23.5,54,33,19,27,8,27,64,42.2,37,44,11,33,30,84,51,3
Harry Clarke,ENG,DF,Ipswich Town,23,2001,4.2,5,3,3,2,0,3,6,50.0,3,5,4,1,4,9,14,3
Jack Clarke,ENG,"FW,MF",Ipswich Town,23,2000,13.1,32,20,11,10,11,17,34,50.0,17,9,0,9,7,39,29,2
Conor Coady,ENG,DF,Leicester City,31,1993,19.0,13,9,6,6,1,3,6,50.0,3,32,24,8,13,26,71,2
Séamus Coleman,IRL,DF,Everton,35,1988,2.4,3,2,2,1,0,3,4,75.0,1,5,3,2,1,4,8,0
Nathan Collins,IRL,DF,Brentford,23,2001,38.0,40,24,23,12,5,22,36,61.1,14,77,57,20,34,74,226,3
Toby Collyer,ENG,MF,Manchester Utd,20,2004,2.0,12,9,6,6,0,5,6,83.3,1,2,1,1,2,14,3,0
Levi Colwill,ENG,DF,Chelsea,21,2003,35.0,47,34,25,19,3,18,27,66.7,9,37,25,12,33,80,118,4
Lewis Cook,ENG,"MF,DF",Bournemouth,27,1997,33.1,81,42,41,36,4,37,67,55.2,30,30,11,19,41,122,70,0
Maxwel Cornet,CIV,FW,Southampton,27,1996,0.8,5,5,1,4,0,0,4,0.0,4,0,0,0,0,5,2,0
Vladimír Coufal,CZE,DF,West Ham,31,1992,11.9,22,15,13,7,2,10,22,45.5,12,13,11,2,8,30,39,1
Woyo Coulibaly,MLI,DF,Leicester City,25,1999,1.2,6,4,4,2,0,2,2,100.0,0,3,1,2,5,11,1,0
Aaron Cresswell,ENG,DF,West Ham,34,1989,9.2,11,7,5,5,1,9,11,81.8,2,9,4,5,8,19,37,0
Marc Cucurella,ESP,DF,Chelsea,26,1998,33.2,67,45,31,31,5,32,61,52.5,29,49,16,33,28,95,95,3
Jorge Cuenca,ESP,DF,Fulham,24,1999,3.9,6,2,5,1,0,3,8,37.5,5,4,4,0,2,8,26,0
Matheus Cunha,BRA,"MF,FW",Wolves,25,1999,28.9,38,22,17,16,5,13,39,33.3,26,21,1,20,17,55,23,0
Patson Daka,ZAM,"FW,MF",Leicester City,25,1998,8.2,19,10,6,9,4,7,18,38.9,11,7,1,6,1,20,12,0
Diogo Dalot,POR,DF,Manchester Utd,25,1999,31.3,68,40,40,22,6,34,52,65.4,18,22,9,13,37,105,72,0
Mikkel Damsgaard,DEN,"MF,FW",Brentford,24,2000,32.3,83,44,27,29,27,31,81,38.3,50,40,3,37,27,110,31,2
Danilo,BRA,"MF,FW",Nott'ham,Forest 23,2001,3.1,8,4,7,1,0,3,6,50.0,3,2,1,1,4,12,3,0
Jayden Danns,ENG,MF,Liverpool,18,2006,0.1,0,0,0,0,0,0,1,0.0,1,0,0,0,0,0,0,0
Kevin Danso,AUT,DF,Tottenham,25,1998,9.4,7,5,4,3,0,6,11,54.5,5,15,14,1,6,13,71,1
Ben Davies,WAL,DF,Tottenham,31,1993,14.8,17,11,8,8,1,9,17,52.9,8,28,19,9,12,29,81,1
Leif Davis,ENG,DF,Ipswich Town,24,2000,30.5,46,27,33,9,4,30,48,62.5,18,25,8,17,25,71,77,3
Craig Dawson,ENG,DF,Wolves,34,1990,10.8,15,3,8,6,1,12,15,80.0,3,16,11,5,9,24,52,1
Kevin De Bruyne,BEL,"MF,FW",Manchester City,33,1991,18.9,17,9,7,5,5,5,23,21.7,18,8,0,8,7,24,10,1
Bobby De Cordova-Reid,JAM,FW,Leicester City,31,1993,8.3,9,4,3,6,0,4,14,28.6,10,6,1,5,0,9,10,0
Liam Delap,ENG,FW,Ipswich Town,21,2003,28.8,11,8,3,3,5,2,15,13.3,13,8,0,8,2,13,28,0
Justin Devenny,NIR,MF,Crystal Palace,20,2003,5.6,17,12,7,9,1,8,19,42.1,11,6,1,5,0,17,11,0
Kiernan Dewsbury-Hall,ENG,"MF,FW",Chelsea,25,1998,2.9,8,5,1,1,6,4,6,66.7,2,2,0,2,2,10,9,1
Amad Diallo,CIV,"MF,FW",Manchester Utd,22,2002,21.1,38,31,9,20,9,19,32,59.4,13,15,2,13,11,49,19,1
Rúben Dias,POR,DF,Manchester City,27,1997,25.2,17,11,7,9,1,7,13,53.8,6,23,20,3,20,37,71,4
Luis Díaz,COL,FW,Liverpool,27,1997,26.7,39,26,13,20,6,15,39,38.5,24,19,0,19,7,46,7,1
Tyler Dibling,ENG,"FW,MF",Southampton,18,2006,20.8,34,20,13,18,3,16,26,61.5,10,19,5,14,8,42,16,1
Lucas Digne,FRA,DF,Aston Villa,31,1993,26.1,65,38,40,16,9,44,66,66.7,22,23,4,19,25,90,89,1
Issa Diop,FRA,DF,Fulham,27,1997,14.9,26,12,18,8,0,13,18,72.2,5,10,7,3,9,35,72,2
Axel Disasi,FRA,DF,Aston Villa,26,1998,5.4,8,5,7,1,0,3,7,42.9,4,4,1,3,5,13,18,0
Axel Disasi,FRA,DF,Chelsea,26,1998,4.0,7,4,5,1,1,6,11,54.5,5,4,1,3,2,9,11,1
Roman Dixon,ENG,DF,Everton,19,2004,1.0,5,5,3,2,0,4,4,100.0,0,1,0,1,1,6,3,0
Nasser Djiga,BFA,DF,Wolves,21,2002,0.7,0,0,0,0,0,0,1,0.0,1,0,0,0,2,2,4,1
Matt Doherty,IRL,DF,Wolves,32,1992,23.4,38,21,25,13,0,17,25,68.0,8,28,15,13,22,60,102,3
Jeremy Doku,BEL,"FW,MF",Manchester City,22,2002,16.8,31,22,9,12,10,8,15,53.3,7,11,1,10,4,35,2,0
Nicolás Domínguez,ARG,"MF,FW",Nott'ham Forest,26,1998,21.8,86,45,40,35,11,36,76,47.4,40,38,12,26,29,115,54,1
Patrick Dorgu,DEN,DF,Manchester Utd,19,2004,9.4,31,24,15,14,2,16,23,69.6,7,11,0,11,4,35,23,2
Abdoulaye Doucouré,MLI,MF,Everton,31,1993,28.5,48,28,21,20,7,14,43,32.6,29,31,6,25,10,58,20,1
Cheick Doucouré,MLI,MF,Crystal Palace,24,2000,5.0,16,8,6,8,2,5,11,45.5,6,4,0,4,11,27,10,1
Flynn Downes,ENG,MF,Southampton,25,1999,23.9,49,25,23,21,5,15,36,41.7,21,28,9,19,32,81,51,4
Tommy Doyle,ENG,MF,Wolves,22,2001,5.4,11,6,6,3,2,6,15,40.0,9,11,5,6,5,16,11,1
Radu Drăgușin,ROU,DF,Tottenham,22,2002,13.9,10,6,8,2,0,6,12,50.0,6,22,16,6,15,25,49,4
Lewis Dunk,ENG,DF,Brighton,32,1991,23.1,17,10,8,7,2,11,19,57.9,8,28,18,10,13,30,79,2
Jáder Durán,COL,FW,Aston Villa,20,2003,7.1,8,7,1,2,5,1,4,25.0,3,5,0,5,0,8,13,0
Claudio Echeverri,ARG,FW,Manchester City,18,2006,0.1,1,0,0,1,0,1,1,100.0,0,0,0,0,0,1,0,0
Ederson,BRA,GK,Manchester,City 30,1993,25.8,0,0,0,0,0,0,2,0.0,2,0,0,0,1,1,11,4
Odsonne Édouard,FRA,"MF,FW",Crystal Palace,26,1998,1.3,1,0,0,1,0,0,2,0.0,2,1,0,1,0,1,1,0
Anthony Elanga,SWE,"FW,MF",Nott'ham Forest,22,2002,27.8,19,14,8,8,3,5,17,29.4,12,11,1,10,6,25,25,0
Harvey Elliott,ENG,MF,Liverpool,21,2003,4.1,5,3,3,1,1,2,8,25.0,6,7,2,5,1,6,3,1
Yunus Emre Konak,TUR,"FW,MF",Brentford,18,2006,0.5,4,4,0,4,0,1,2,50.0,1,2,0,2,0,4,0,0
Julio Enciso,PAR,"MF,FW",Ipswich Town,20,2004,9.7,12,9,3,6,3,4,11,36.4,7,8,1,7,1,13,6,0
Julio Enciso,PAR,"MF,FW",Brighton,20,2004,3.3,0,0,0,0,0,0,2,0.0,2,2,0,2,0,0,1,0
Wataru Endo,JPN,"MF,DF",Liverpool,31,1993,3.0,12,8,7,5,0,6,10,60.0,4,8,1,7,6,18,9,0
Christian Eriksen,DEN,MF,Manchester Utd,32,1992,11.8,19,9,4,12,3,11,27,40.7,16,15,5,10,7,26,8,0
Romain Esse,ENG,MF,Crystal Palace,19,2005,1.5,9,6,4,3,2,5,5,100.0,0,2,0,2,1,10,2,0
Pervis Estupiñán,ECU,DF,Brighton,26,1998,26.7,65,43,33,25,7,34,51,66.7,17,20,5,15,37,102,65,2
Evanilson,BRA,FW,Bournemouth,24,1999,25.8,16,10,6,5,5,8,12,66.7,4,11,2,9,1,17,21,0
Jonny Evans,NIR,DF,Manchester Utd,36,1988,3.5,8,6,4,4,0,3,6,50.0,3,3,2,1,5,13,15,0
Eberechi Eze,ENG,"MF,FW",Crystal Palace,26,1998,28.8,39,22,14,16,9,17,36,47.2,19,27,0,27,11,50,10,3
Łukasz Fabiański,POL,GK,West Ham,39,1985,12.9,0,0,0,0,0,0,1,0.0,1,0,0,0,0,0,5,1
Wout Faes,BEL,DF,Leicester City,26,1998,31.3,42,26,26,14,2,25,48,52.1,23,48,35,13,26,68,185,4
Abdul Fatawu Issahaku,GHA,FW,Leicester City,20,2004,6.4,21,15,13,2,6,11,19,57.9,8,7,0,7,4,25,12,0
João Félix,POR,"FW,MF",Chelsea,24,1999,4.1,8,3,2,5,1,5,9,55.6,4,2,0,2,3,11,2,0
Evan Ferguson,IRL,FW,Brighton,19,2004,2.7,4,3,0,3,1,2,5,40.0,3,3,1,2,0,4,4,0
Bruno Fernandes,POR,MF,Manchester Utd,29,1994,33.5,84,50,27,38,19,34,85,40.0,51,35,6,29,26,110,35,3
Mateus Fernandes,POR,MF,Southampton,20,2004,32.3,89,48,45,28,16,33,72,45.8,39,43,8,35,28,117,35,7
Enzo Fernández,ARG,MF,Chelsea,23,2001,32.7,65,33,17,30,18,31,84,36.9,53,43,7,36,13,78,23,4
Mark Flekken,NED,GK,Brentford,31,1993,36.4,4,4,4,0,0,3,9,33.3,6,2,0,2,0,4,26,4
Phil Foden,ENG,"MF,FW",Manchester City,24,2000,19.7,13,5,5,4,4,7,18,38.9,11,13,1,12,9,22,7,1
Wesley Fofana,FRA,DF,Chelsea,23,2000,13.0,13,12,6,7,0,6,14,42.9,8,14,9,5,14,27,55,2
Carlos Forbs,POR,"MF,FW",Wolves,20,2004,2.7,8,5,5,2,1,4,6,66.7,2,3,0,3,1,9,2,1
Fraser Forster,ENG,GK,Tottenham,36,1988,7.0,0,0,0,0,0,0,1,0.0,1,0,0,0,0,0,7,3
Ryan Fraser,SCO,"FW,DF",Southampton,30,1994,3.4,6,2,2,4,0,4,6,66.7,2,1,1,0,1,7,9,0
Tyler Fredricson,ENG,DF,Manchester Utd,19,2005,1.8,5,3,3,2,0,1,2,50.0,1,2,0,2,1,6,11,0
Niclas Füllkrug,GER,FW,West Ham,31,1993,8.8,4,3,0,1,3,3,4,75.0,1,1,0,1,1,5,16,0
Cody Gakpo,NED,FW,Liverpool,25,1999,21.5,28,16,6,13,9,13,25,52.0,12,23,3,20,12,40,19,1
Idrissa Gana Gueye,SEN,MF,Everton,34,1989,34.0,133,80,61,55,17,58,99,58.6,41,48,9,39,48,181,36,1
Alejandro Garnacho,ARG,"MF,FW",Manchester Utd,20,2004,24.4,30,18,11,6,13,12,37,32.4,25,19,0,19,13,43,11,2
James Garner,ENG,"MF,DF",Everton,23,2001,17.7,47,31,25,20,2,24,41,58.5,17,20,4,16,23,70,37,0
Tyrique George,ENG,FW,Chelsea,18,2006,2.0,2,0,2,0,0,2,3,66.7,1,1,0,1,2,4,1,0
Morgan Gibbs-White,ENG,MF,Nott'ham Forest,24,2000,31.1,43,22,14,23,6,17,33,51.5,16,18,5,13,23,66,29,1
Billy Gilmour,SCO,MF,Brighton,23,2001,1.1,3,3,2,1,0,3,4,75.0,1,1,0,1,0,3,1,0
Ben Godfrey,ENG,DF,Ipswich Town,26,1998,1.8,1,0,1,0,0,1,1,100.0,0,1,1,0,2,3,3,0
João Gomes,BRA,MF,Wolves,23,2001,33.0,116,71,55,53,8,48,110,43.6,62,42,4,38,25,141,33,0
Toti Gomes,POR,DF,Wolves,25,1999,29.0,61,43,42,15,4,37,46,80.4,9,29,17,12,25,86,152,5
Diego Gómez,PAR,MF,Brighton,21,2003,5.7,21,13,11,8,2,12,22,54.5,10,13,0,13,8,29,10,1
Joe Gomez,ENG,DF,Liverpool,27,1997,5.8,13,10,5,7,1,11,16,68.8,5,9,6,3,7,20,20,2
Nicolás González,ESP,MF,Manchester City,22,2002,8.4,16,6,5,7,4,6,11,54.5,5,9,0,9,8,24,21,0
Anthony Gordon,ENG,"FW,MF",Newcastle Utd,23,2001,27.0,32,18,9,18,5,12,37,32.4,25,25,2,23,7,39,9,3
Ryan Gravenberch,NED,MF,Liverpool,22,2002,35.1,69,35,27,29,13,32,56,57.1,24,35,10,25,60,129,59,2
Jack Grealish,ENG,"FW,MF",Manchester City,28,1995,8.0,9,5,4,2,3,2,5,40.0,3,12,2,10,2,11,6,1
Jacob Greaves,ENG,DF,Ipswich Town,23,2000,24.5,40,21,20,17,3,22,35,62.9,13,41,26,15,21,61,148,3
Brajan Gruda,GER,"MF,FW",Brighton,20,2004,7.6,16,8,6,6,4,7,14,50.0,7,8,0,8,2,18,5,1
Albert Grønbaek,DEN,"FW,MF",Southampton,23,2001,1.6,4,1,1,1,2,3,10,30.0,7,1,1,0,0,4,1,0
Gonçalo Guedes,POR,"MF,FW",Wolves,27,1996,11.1,16,5,2,6,8,4,16,25.0,12,11,0,11,5,21,4,0
Marc Guéhi,ENG,DF,Crystal Palace,24,2000,34.0,61,34,36,23,2,31,47,66.0,16,55,23,32,28,89,163,2
Luis Guilherme,BRA,"MF,FW",West Ham,18,2006,1.7,1,0,1,0,0,0,3,0.0,3,7,0,7,3,4,2,0
Bruno Guimarães,BRA,MF,Newcastle Utd,26,1997,36.3,83,47,41,30,12,33,69,47.8,36,36,10,26,29,112,44,5
Marc Guiu,ESP,FW,Chelsea,18,2006,0.8,1,1,0,1,0,1,1,100.0,0,0,0,0,0,1,0,0
İlkay Gündoğan,GER,MF,Manchester City,33,1990,24.7,25,13,5,15,5,10,24,41.7,14,15,0,15,13,38,23,0
Malo Gusto,FRA,DF,Chelsea,21,2003,20.7,45,29,27,15,3,25,48,52.1,23,29,8,21,24,69,49,5
Joško Gvardiol,CRO,DF,Manchester City,22,2002,36.4,58,39,25,21,12,21,40,52.5,19,42,20,22,44,102,122,8
Erling Haaland,NOR,FW,Manchester City,24,2000,30.4,11,6,3,3,5,3,8,37.5,5,12,1,11,5,16,23,0
Lewis Hall,ENG,DF,Newcastle Utd,19,2004,24.3,58,41,28,22,8,40,74,54.1,34,33,18,15,18,76,75,3
Ali Al Hamadi,IRQ,FW,Ipswich Town,22,2002,1.5,1,0,0,0,1,0,2,0.0,2,0,0,0,0,1,2,0
Marcus Harness,ENG,MF,Ipswich Town,28,1996,0.5,1,0,0,0,1,0,3,0.0,3,2,1,1,0,1,1,0
Jack Harrison,ENG,FW,Everton,27,1996,23.1,32,22,12,12,8,15,46,32.6,31,18,2,16,10,42,35,2
Taylor Harwood-Bellis,ENG,DF,Southampton,22,2002,31.4,28,20,13,12,3,19,35,54.3,16,65,43,22,30,58,141,6
Kai Havertz,GER,"FW,MF",Arsenal,25,1999,20.8,16,9,3,6,7,4,15,26.7,11,23,4,19,6,22,33,1
Ayden Heaven,ENG,DF,Manchester Utd,17,2006,1.9,4,3,1,3,0,2,2,100.0,0,2,2,0,4,8,9,0
Hwang Hee-chan,KOR,"MF,FW",Wolves,28,1996,7.3,6,4,2,1,3,2,6,33.3,4,9,0,9,2,8,11,0
Dean Henderson,ENG,GK,Crystal Palace,27,1997,38.0,2,1,2,0,0,2,6,33.3,4,0,0,0,0,2,22,0
Rico Henry,ENG,DF,Brentford,27,1997,1.1,2,2,1,0,1,0,4,0.0,4,4,1,3,1,3,2,0
Mads Hermansen,DEN,GK,Leicester City,24,2000,26.5,1,1,1,0,0,1,1,100.0,0,1,0,1,0,1,13,4
Son Heung-min,KOR,FW,Tottenham,32,1992,23.4,17,9,3,8,6,5,27,18.5,22,11,0,11,5,22,17,1
James Hill,ENG,DF,Bournemouth,22,2002,5.0,15,8,6,6,3,3,11,27.3,8,5,0,5,9,24,31,0
Jack Hinshelwood,ENG,"MF,DF",Brighton,19,2005,20.5,27,19,8,10,9,11,27,40.7,16,10,3,7,16,43,37,1
George Hirst,SCO,FW,Ipswich Town,25,1999,7.3,3,3,1,0,2,1,4,25.0,3,1,1,0,2,5,10,0
Harry Howell,ENG,FW,Brighton,15,2008,0.1,1,1,1,0,0,1,2,50.0,1,1,0,1,0,1,0,0
Callum Hudson-Odoi,ENG,"FW,MF",Nott'ham Forest,23,2000,24.4,22,14,8,8,6,12,18,66.7,6,11,0,11,13,35,12,1
Will Hughes,ENG,MF,Crystal Palace,29,1995,23.4,66,36,20,33,13,28,62,45.2,34,31,14,17,22,88,28,3
Dean Huijsen,ESP,DF,Bournemouth,19,2005,27.0,36,26,19,16,1,18,29,62.1,11,40,29,11,51,87,198,4
Omari Hutchinson,ENG,"MF,FW",Ipswich Town,20,2003,28.7,32,13,14,10,8,13,48,27.1,35,27,2,25,11,43,15,1
Rasmus Højlund,DEN,FW,Manchester Utd,21,2003,22.3,3,1,0,2,1,0,5,0.0,5,6,0,6,2,5,6,0
Igor,BRA,DF,Brighton,26,1998,10.7,5,5,2,2,1,4,10,40.0,6,24,14,10,4,9,39,1
Danny Ings,ENG,"FW,MF",West Ham,32,1992,3.2,4,2,2,2,0,1,3,33.3,2,5,0,5,1,5,4,0
Tim Iroegbunam,ENG,MF,Everton,21,2003,6.4,29,14,14,10,5,14,23,60.9,9,18,4,14,16,45,12,1
Andy Irving,SCO,MF,West Ham,24,2000,1.8,7,4,3,3,1,1,5,20.0,4,5,1,4,1,8,5,0
Alexander Isak,SWE,FW,Newcastle Utd,24,1999,30.6,12,5,2,3,7,5,15,33.3,10,18,2,16,3,15,17,1
Alex Iwobi,NGA,"FW,MF",Fulham,28,1996,33.1,44,25,14,21,9,22,34,64.7,12,26,1,25,14,58,29,1
Nicolas Jackson,SEN,FW,Chelsea,23,2001,24.7,22,13,6,7,9,5,10,50.0,5,15,2,13,3,25,15,0
Vitaly Janelt,GER,MF,Brentford,26,1998,25.0,38,22,14,13,11,21,36,58.3,15,33,9,24,27,65,53,1
Daniel Jebbison,CAN,FW,Bournemouth,20,2003,1.3,5,3,3,2,0,4,6,66.7,2,2,1,1,1,6,1,0
Mathias Jensen,DEN,MF,Brentford,28,1996,9.6,14,10,6,6,2,8,16,50.0,8,15,4,11,8,22,13,2
Gabriel Jesus,BRA,FW,Arsenal,27,1997,6.8,10,6,4,3,3,4,9,44.4,5,10,1,9,4,14,8,0
Raúl Jiménez,MEX,FW,Fulham,33,1991,27.7,35,24,9,17,9,8,22,36.4,14,21,5,16,10,45,23,3
João Pedro,BRA,"FW,MF",Brighton,22,2001,21.6,16,12,6,6,4,4,11,36.4,7,12,0,12,9,25,12,0
Joelinton,BRA,"MF,FW",Newcastle,Utd 27,1996,26.6,57,35,23,23,11,25,44,56.8,19,37,7,30,23,80,47,2
Brennan Johnson,WAL,FW,Tottenham,23,2001,24.2,39,26,9,20,10,16,34,47.1,18,25,3,22,4,43,14,0
Sam Johnstone,ENG,GK,Wolves,31,1993,7.0,0,0,0,0,0,0,1,0.0,1,0,0,0,0,0,7,0
Curtis Jones,ENG,"MF,DF",Liverpool,23,2001,19.0,39,22,6,23,10,17,27,63.0,10,22,9,13,7,46,10,3
Jorginho,ITA,MF,Arsenal,32,1991,7.8,12,4,1,7,4,8,20,40.0,12,3,0,3,7,19,2,2
Diogo Jota,POR,FW,Liverpool,27,1996,13.3,14,8,2,8,4,7,19,36.8,12,9,0,9,8,22,6,0
James Justin,ENG,DF,Leicester City,26,1998,32.4,58,37,29,23,6,32,55,58.2,23,48,17,31,46,104,141,3
Daichi Kamada,JPN,MF,Crystal Palace,27,1996,17.4,47,29,19,24,4,14,41,34.1,27,22,5,17,18,65,14,0
Boubacar Kamara,FRA,MF,Aston Villa,24,1999,19.2,50,21,28,18,4,29,56,51.8,27,19,7,12,19,69,51,3
Michael Kayode,ITA,DF,Brentford,20,2004,5.9,17,11,12,5,0,9,13,69.2,4,3,0,3,7,24,19,0
Michael Keane,ENG,DF,Everton,31,1993,11.7,12,9,8,2,2,8,15,53.3,7,14,10,4,16,28,65,2
Lloyd Kelly,ENG,DF,Newcastle Utd,25,1998,3.4,5,4,4,1,0,1,1,100.0,0,6,4,2,1,6,17,0
Milos Kerkez,HUN,DF,Bournemouth,20,2003,37.1,52,26,25,20,7,24,38,63.2,14,38,11,27,45,97,106,4
Bilal El Khannouss,MAR,"MF,FW",Leicester City,20,2004,24.2,50,30,16,29,5,17,32,53.1,15,22,4,18,6,56,10,3
Abdukodir Khusanov,UZB,DF,Manchester City,20,2004,5.6,5,4,4,1,0,2,3,66.7,1,5,4,1,3,8,29,1
Max Kilman,ENG,DF,West Ham,27,1997,37.2,39,24,16,20,3,23,27,85.2,4,58,40,18,38,77,212,6
Joshua King,ENG,MF,Fulham,17,2007,1.4,7,5,3,4,0,0,3,0.0,3,3,0,3,1,8,1,0
Antonín Kinský,CZE,GK,Tottenham,21,2003,6.0,3,1,3,0,0,1,1,100.0,0,0,0,0,0,3,9,1
Jakub Kiwior,POL,DF,Arsenal,24,2000,12.5,22,8,13,7,2,11,15,73.3,4,13,8,5,6,28,58,3
Justin Kluivert,NED,MF,Bournemouth,25,1999,26.0,23,11,4,11,8,4,22,18.2,18,24,0,24,14,37,24,1
Ibrahima Konaté,FRA,DF,Liverpool,25,1999,28.4,40,26,25,13,2,25,35,71.4,10,29,15,14,17,57,133,3
Ezri Konsa,ENG,DF,Aston Villa,26,1997,32.6,34,18,20,10,4,20,25,80.0,5,20,11,9,24,58,114,4
Mateo Kovačić,CRO,MF,Manchester City,30,1994,24.4,69,38,23,38,8,31,65,47.7,34,20,0,20,24,93,21,1
Caleb Kporha,ENG,DF,Crystal Palace,18,2006,0.1,2,1,2,0,0,2,2,100.0,0,0,0,0,0,2,1,0
Emil Krafth,SWE,DF,Newcastle Utd,29,1994,3.8,4,2,2,1,1,2,3,66.7,1,5,4,1,2,6,16,0
Mohammed Kudus,GHA,"FW,MF",West Ham,23,2000,28.8,38,23,9,18,11,10,27,37.0,17,24,1,23,4,42,8,2
Dejan Kulusevski,SWE,"MF,FW",Tottenham,24,2000,26.5,45,23,17,13,15,19,51,37.3,32,34,5,29,13,58,10,1
Maxence Lacroix,FRA,DF,Crystal Palace,24,2000,34.6,68,41,52,15,1,32,47,68.1,15,48,22,26,54,122,207,2
Adam Lallana,ENG,MF,Southampton,36,1988,4.0,8,5,4,4,0,2,12,16.7,10,4,1,3,5,13,5,0
Tariq Lamptey,GHA,DF,Brighton,23,2000,9.6,17,11,8,9,0,9,25,36.0,16,15,7,8,7,24,23,1
Roméo Lavia,BEL,MF,Chelsea,20,2004,8.9,22,13,5,13,4,10,21,47.6,11,6,0,6,16,38,10,1
Mario Lemina,GAB,"MF,DF",Wolves,30,1993,15.2,51,31,27,19,5,20,29,69.0,9,12,7,5,27,78,50,3
Bernd Leno,GER,GK,Fulham,32,1992,38.0,2,2,2,0,0,2,2,100.0,0,1,0,1,0,2,11,5
Jefferson Lerma,COL,"MF,DF",Crystal Palace,29,1994,25.3,35,17,15,16,4,19,36,52.8,17,38,18,20,42,77,80,1
Myles Lewis-Skelly,ENG,DF,Arsenal,17,2006,15.2,22,14,10,9,3,10,11,90.9,1,4,1,3,7,29,27,0
Matthijs de Ligt,NED,DF,Manchester Utd,24,1999,23.6,30,22,17,12,1,23,32,71.9,9,29,21,8,33,63,96,0
Pedro Lima,BRA,DF,Wolves,18,2006,0.8,1,0,0,0,1,1,3,33.3,2,0,0,0,2,3,5,0
Victor Lindelöf,SWE,DF,Manchester Utd,30,1994,7.8,7,2,5,1,1,3,4,75.0,1,6,4,2,8,15,36,2
Jesper Lindstrøm,DEN,FW,Everton,24,2000,13.8,45,25,24,19,2,19,55,34.5,36,15,3,12,12,57,17,0
Valentino Livramento,ENG,DF,Newcastle Utd,21,2002,31.6,54,36,35,15,4,32,59,54.2,27,37,11,26,23,77,108,1
Sean Longstaff,ENG,MF,Newcastle Utd,26,1997,8.9,27,16,10,9,8,18,27,66.7,9,17,5,12,7,34,8,0
Saša Lukić,SRB,MF,Fulham,27,1996,26.0,68,39,22,40,6,23,55,41.8,32,20,7,13,28,96,35,1
Massimo Luongo,AUS,MF,Ipswich Town,31,1992,2.2,9,6,6,2,1,5,8,62.5,3,4,2,2,2,11,2,0
Ian Maatsen,NED,DF,Aston Villa,22,2002,12.7,29,17,17,9,3,17,24,70.8,7,13,0,13,15,44,39,3
Alexis Mac Allister,ARG,MF,Liverpool,25,1998,28.9,95,58,28,51,16,55,104,52.9,49,61,6,55,22,117,29,1
James Maddison,ENG,MF,Tottenham,27,1996,20.1,31,19,8,16,7,9,29,31.0,20,15,4,11,12,43,19,1
Noni Madueke,ENG,FW,Chelsea,22,2002,22.6,25,18,8,12,5,14,38,36.8,24,17,0,17,10,35,11,0
Gabriel Magalhães,BRA,DF,Arsenal,26,1997,26.3,25,15,12,8,5,12,16,75.0,4,42,29,13,16,41,93,2
Edmond-Paris Maghoma,ENG,"MF,FW",Brentford,23,2001,1.3,2,1,0,2,0,1,3,33.3,2,2,2,0,1,3,2,0
Harry Maguire,ENG,DF,Manchester Utd,31,1993,19.5,30,15,23,6,1,17,23,73.9,6,15,12,3,40,70,78,1
Kobbie Mainoo,ENG,MF,Manchester Utd,19,2005,18.3,46,29,18,14,14,24,40,60.0,16,16,2,14,19,65,14,1
Tyrell Malacia,NED,DF,Manchester Utd,24,1999,1.1,2,1,2,0,0,1,2,50.0,1,0,0,0,1,3,1,1
Donyell Malen,NED,FW,Aston Villa,25,1999,3.4,7,4,3,3,1,1,4,25.0,3,2,0,2,0,7,1,0
Orel Mangala,BEL,MF,Everton,26,1998,14.0,16,8,3,11,2,5,8,62.5,3,8,3,5,21,37,24,1
Solly March,ENG,"FW,MF",Brighton,30,1994,1.9,6,3,2,2,2,5,8,62.5,3,3,0,3,2,8,2,1
Omar Marmoush,EGY,"FW,MF",Manchester City,25,1999,13.1,13,8,2,9,2,8,16,50.0,8,15,1,14,6,19,3,0
Gabriel Martinelli,BRA,"FW,MF",Arsenal,23,2001,25.4,23,15,9,6,8,7,23,30.4,16,15,0,15,5,28,19,0
Emiliano Martínez,ARG,GK,Aston Villa,31,1992,35.5,3,3,3,0,0,2,2,100.0,0,1,0,1,0,3,17,6
Lisandro Martínez,ARG,DF,Manchester Utd,26,1998,19.5,40,24,25,12,3,21,36,58.3,15,22,8,14,32,72,57,1
Pape Matar Sarr,SEN,MF,Tottenham,21,2002,21.3,49,36,19,23,7,12,25,48.0,13,26,10,16,30,79,25,1
Jean-Philippe Mateta,FRA,FW,Crystal Palace,27,1997,29.4,18,12,5,11,2,3,16,18.8,13,19,4,15,2,20,23,0
Stephy Mavididi,ENG,FW,Leicester City,26,1998,17.9,34,19,16,10,8,14,42,33.3,28,26,2,24,11,45,15,0
Konstantinos Mavropanos,GRE,DF,West Ham,26,1997,22.7,35,24,24,10,1,16,27,59.3,11,25,18,7,40,75,126,1
Noussair Mazraoui,MAR,DF,Manchester Utd,26,1997,31.5,115,68,58,42,15,59,94,62.8,35,36,9,27,34,149,95,1
Bryan Mbeumo,CMR,FW,Brentford,24,1999,37.9,49,31,18,15,16,21,35,60.0,14,26,3,23,14,63,55,1
James Mcatee,ENG,"MF,FW",Manchester City,21,2002,3.9,5,2,0,4,1,1,7,14.3,6,8,0,8,2,7,1,0
Kasey McAteer,IRL,FW,Leicester City,22,2001,9.5,23,16,11,9,3,14,29,48.3,15,18,2,16,5,28,15,0
John McGinn,SCO,"MF,FW",Aston Villa,29,1994,24.7,33,24,10,14,9,13,31,41.9,18,22,2,20,14,47,18,3
Dwight McNeil,ENG,"MF,FW",Everton,24,1999,15.2,13,8,6,5,2,9,21,42.9,12,7,0,7,6,19,2,1
Scott McTominay,SCO,MF,Manchester Utd,27,1996,0.2,0,0,0,0,0,0,1,0.0,1,0,0,0,0,0,1,0
Ben Mee,ENG,DF,Brentford,34,1989,2.0,2,2,0,2,0,1,1,100.0,0,3,3,0,4,6,7,0
Mikel Merino,ESP,"MF,FW",Arsenal,28,1996,17.6,46,28,7,26,13,20,36,55.6,16,18,5,13,15,61,26,2
Nikola Milenković,SRB,DF,Nott'ham Forest,26,1997,37.0,51,29,36,13,2,27,34,79.4,7,41,24,17,27,78,209,1
Lewis Miley,ENG,MF,Newcastle Utd,18,2006,3.5,14,11,5,7,2,7,14,50.0,7,5,1,4,2,16,5,2
James Milner,ENG,MF,Brighton,38,1986,1.9,5,2,1,3,1,3,3,100.0,0,4,2,2,2,7,2,1
Tyrone Mings,ENG,DF,Aston Villa,31,1993,12.4,7,6,6,1,0,2,2,100.0,0,13,11,2,7,14,61,1
Yankuba Minteh,GAM,"FW,MF",Brighton,20,2004,20.4,48,35,25,13,10,17,45,37.8,28,22,0,22,11,59,31,0
Tyrick Mitchell,ENG,DF,Crystal Palace,24,1999,34.4,91,55,57,27,7,25,46,54.3,21,68,12,56,19,110,108,2
Kaoru Mitoma,JPN,"FW,MF",Brighton,27,1997,28.9,45,27,15,14,16,19,49,38.8,30,48,3,45,14,59,10,0
Jakub Moder,POL,MF,Brighton,25,1999,0.1,1,0,1,0,0,0,2,0.0,2,0,0,0,0,1,3,0
Mikey Moore,ENG,FW,Tottenham,16,2007,4.1,2,1,2,0,0,0,4,0.0,4,2,0,2,1,3,4,0
Morato,BRA,DF,Nott'ham,Forest 23,2001,10.1,22,14,18,3,1,13,21,61.9,8,14,5,9,10,32,78,2
Sam Morsy,EGY,MF,Ipswich Town,32,1991,30.6,68,41,40,24,4,27,62,43.5,35,34,13,21,29,97,47,5
Yerson Mosquera,COL,DF,Wolves,23,2001,4.9,11,7,9,2,0,9,14,64.3,5,13,10,3,10,21,14,0
Mason Mount,ENG,MF,Manchester Utd,25,1999,6.9,15,5,5,8,2,9,12,75.0,3,11,1,10,4,19,4,0
Marshall Munetsi,ZIM,"MF,FW",Wolves,28,1996,12.0,24,10,7,11,6,13,23,56.5,10,14,1,13,6,30,18,0
Rodrigo Muniz,BRA,FW,Fulham,23,2001,10.7,10,5,3,5,2,4,4,100.0,0,9,2,7,5,15,14,0
Daniel Muñoz,COL,DF,Crystal Palace,28,1996,35.9,123,80,57,41,25,55,97,56.7,42,40,6,34,44,167,108,1
Arijanet Muric,KVX,GK,Ipswich Town,25,1998,18.0,0,0,0,0,0,0,2,0.0,2,0,0,0,0,0,10,5
Murillo,BRA,DF,Nott'ham,Forest 22,2002,35.4,53,36,38,12,3,27,46,58.7,19,69,45,24,36,89,249,3
Jacob Murphy,ENG,FW,Newcastle Utd,29,1995,26.2,28,19,10,12,6,20,44,45.5,24,31,0,31,13,41,35,1
Vitaliy Mykolenko,UKR,DF,Everton,25,1999,34.2,63,38,39,14,10,29,56,51.8,27,25,10,15,44,107,145,2
Iliman Ndiaye,SEN,FW,Everton,24,2000,27.0,53,28,20,16,17,22,49,44.9,27,30,5,25,20,73,24,1
Wilfred Ndidi,NGA,MF,Leicester City,27,1996,25.8,85,51,45,32,8,30,61,49.2,31,47,19,28,31,116,80,0
Kosta Nedeljković,SRB,DF,Aston Villa,18,2005,1.4,7,5,1,3,3,2,3,66.7,1,1,0,1,0,7,3,0
Reiss Nelson,ENG,FW,Arsenal,24,1999,0.0,1,0,0,1,0,0,1,0.0,1,0,0,0,0,1,1,0
Reiss Nelson,ENG,FW,Fulham,24,1999,5.4,8,6,3,3,2,5,13,38.5,8,11,0,11,5,13,2,0
Pedro Neto,POR,FW,Chelsea,24,2000,25.2,23,9,9,9,5,9,21,42.9,12,14,2,12,9,32,6,0
Eddie Nketiah,ENG,"FW,MF",Crystal Palace,25,1999,11.5,15,8,7,4,4,7,13,53.8,6,10,1,9,3,18,12,0
Christopher Nkunku,FRA,FW,Chelsea,26,1997,10.2,12,8,3,4,5,6,8,75.0,2,9,2,7,7,19,10,0
Gustavo Nunes,BRA,"FW,MF",Brentford,18,2005,0.1,3,2,2,0,1,2,2,100.0,0,0,0,0,0,3,2,0
Darwin Núñez,URU,FW,Liverpool,25,1999,12.6,21,18,11,4,6,7,18,38.9,11,6,0,6,4,25,12,0
Ethan Nwaneri,ENG,"FW,MF",Arsenal,17,2007,9.9,11,7,4,4,3,7,21,33.3,14,8,2,6,2,13,4,1
Christian Nørgaard,DEN,MF,Brentford,30,1994,31.3,79,49,37,35,7,48,81,59.3,33,52,20,32,49,128,70,1
Jake O'Brien,IRL,DF,Everton,23,2001,17.5,26,17,21,5,0,17,25,68.0,8,17,4,13,4,30,93,0
Matt O'Riley,DEN,MF,Brighton,23,2000,10.4,16,9,4,8,4,4,13,30.8,9,7,3,4,13,29,9,1
Dara O'Shea,IRL,DF,Ipswich Town,25,1999,34.7,49,31,33,13,3,22,34,64.7,12,62,50,12,33,82,225,4
Chidozie Obi-Martin,DEN,FW,Manchester Utd,16,2007,1.8,2,1,0,0,2,2,2,100.0,0,0,0,0,0,2,1,0
Wilson Odobert,FRA,"FW,MF",Tottenham,19,2004,9.4,14,5,5,4,5,8,14,57.1,6,6,0,6,4,18,5,1
Chiedozie Ogbene,IRL,FW,Ipswich Town,27,1997,2.6,7,3,1,2,4,2,4,50.0,2,1,0,1,1,8,3,0
Caleb Okoli,ITA,DF,Leicester City,23,2001,12.5,25,14,8,15,2,11,18,61.1,7,24,14,10,15,40,79,3
Robin Olsen,SWE,GK,Aston Villa,34,1990,2.5,1,0,1,0,0,1,1,100.0,0,0,0,0,0,1,2,1
Amadou Onana,BEL,MF,Aston Villa,22,2001,18.0,55,30,23,26,6,16,29,55.2,13,16,7,9,26,81,41,3
André Onana,CMR,GK,Manchester Utd,28,1996,34.0,2,2,2,0,0,2,4,50.0,2,0,0,0,0,2,11,4
Paul Onuachu,NGA,FW,Southampton,30,1994,11.7,7,2,1,5,1,3,7,42.9,4,7,2,5,1,8,16,1
Stefan Ortega,GER,GK,Manchester City,31,1992,12.2,0,0,0,0,0,0,1,0.0,1,0,0,0,0,0,11,1
William Osula,DEN,FW,Newcastle Utd,20,2003,1.5,2,0,1,0,1,0,2,0.0,2,0,0,0,4,6,2,0
Dango Ouattara,BFA,FW,Bournemouth,22,2002,22.3,35,26,14,11,10,17,41,41.5,24,36,10,26,11,46,51,0
Nico O’Reilly,ENG,DF,Manchester City,19,2005,5.9,9,4,3,3,3,4,8,50.0,4,5,1,4,4,13,12,0
Cole Palmer,ENG,"MF,FW",Chelsea,22,2002,35.5,34,20,12,10,12,12,27,44.4,15,16,1,15,11,45,20,1
Emerson Palmieri,ITA,DF,West Ham,29,1994,23.5,60,31,37,18,5,27,48,56.3,21,32,8,24,21,81,59,0
Lucas Paquetá,BRA,"MF,FW",West Ham,26,1997,26.4,66,37,25,30,11,27,55,49.1,28,29,4,25,18,84,37,6
Thomas Partey,GHA,"MF,DF",Arsenal,31,1993,31.1,89,53,26,39,24,46,76,60.5,30,29,9,20,35,124,49,4
Nathan Patterson,SCO,DF,Everton,22,2001,3.9,11,6,7,4,0,7,14,50.0,7,2,0,2,2,13,7,0
Andreas Pereira,BRA,MF,Fulham,28,1996,22.4,24,13,8,11,5,10,42,23.8,32,17,2,15,8,32,17,3
Ricardo Pereira,POR,DF,Leicester City,30,1993,4.3,13,8,4,6,3,7,14,50.0,7,8,3,5,4,17,11,0
Kalvin Phillips,ENG,MF,Ipswich Town,28,1995,13.7,35,19,8,20,7,15,39,38.5,24,35,6,29,19,54,37,2
Jaden Philogene Bidace,ENG,"FW,MF",Aston Villa,22,2002,3.7,11,5,4,7,0,4,6,66.7,2,5,0,5,3,14,2,1
Jaden Philogene Bidace,ENG,"FW,DF",Ipswich Town,22,2002,5.3,14,7,6,6,2,8,15,53.3,7,11,1,10,10,24,9,1
Jordan Pickford,ENG,GK,Everton,30,1994,38.0,1,0,1,0,0,1,2,50.0,1,0,0,0,1,2,30,2
Ethan Pinnock,JAM,DF,Brentford,31,1993,21.3,35,19,15,16,4,13,24,54.2,11,29,18,11,24,59,142,4
Daniel Podence,POR,"MF,FW",Wolves,28,1995,0.5,0,0,0,0,0,0,1,0.0,1,0,0,0,0,0,0,0
Pedro Porro,ESP,DF,Tottenham,24,1999,29.0,66,49,34,22,10,44,77,57.1,33,44,17,27,36,102,84,2
Jarell Quansah,ENG,DF,Liverpool,21,2003,5.5,12,8,8,4,0,7,10,70.0,3,10,7,3,7,19,28,1
Aaron Ramsdale,ENG,GK,Southampton,26,1998,30.0,0,0,0,0,0,0,3,0.0,3,0,0,0,2,2,10,3
Jacob Ramsey,ENG,"FW,MF",Aston Villa,23,2001,18.0,30,15,14,10,6,10,20,50.0,10,23,4,19,8,38,8,1
Marcus Rashford,ENG,"FW,MF",Manchester Utd,26,1997,10.9,7,4,2,2,3,3,9,33.3,6,8,0,8,4,11,7,0
Marcus Rashford,ENG,FW,Aston Villa,26,1997,4.9,10,7,2,3,5,4,6,66.7,2,2,0,2,1,11,3,0
David Raya,ESP,GK,Arsenal,28,1995,38.0,0,0,0,0,0,0,2,0.0,2,0,0,0,2,2,21,9
Harrison Reed,ENG,MF,Fulham,29,1995,1.2,6,3,3,2,1,1,3,33.3,2,1,0,1,1,7,3,0
Sergio Reguilón,ESP,DF,Tottenham,27,1996,2.2,4,3,1,3,0,2,5,40.0,3,7,0,7,4,8,8,0
Chadi Riad,MAR,DF,Crystal Palace,21,2003,1.0,5,2,2,2,1,2,3,66.7,1,0,0,0,2,7,0,0
Declan Rice,ENG,MF,Arsenal,25,1999,31.4,53,25,22,25,6,17,41,41.5,24,27,13,14,25,78,51,0
Chris Richards,USA,DF,Crystal Palace,24,2000,21.4,47,30,24,17,6,24,41,58.5,17,40,14,26,19,66,121,0
Richarlison,BRA,FW,Tottenham,27,1997,5.6,5,3,0,4,1,0,3,0.0,3,1,1,0,0,5,8,0
Andrew Robertson,SCO,DF,Liverpool,30,1994,27.6,39,22,25,10,4,31,51,60.8,20,10,4,6,21,60,54,2
Antonee Robinson,USA,DF,Fulham,26,1997,35.2,95,61,57,31,7,45,95,47.4,50,43,9,34,62,157,133,2
Jay Robinson,ENG,"MF,FW",Southampton,17,2007,1.5,4,1,3,0,1,1,1,100.0,0,0,0,0,0,4,1,0
Guido Rodríguez,ARG,MF,West Ham,30,1994,12.8,36,19,21,15,0,17,33,51.5,16,23,9,14,13,49,35,1
Mads Roerslev,DEN,DF,Brentford,25,1999,12.2,18,8,14,3,1,11,28,39.3,17,12,5,7,4,22,35,0
Morgan Rogers,ENG,"FW,MF",Aston Villa,22,2002,34.6,43,22,15,15,13,24,47,51.1,23,26,7,19,6,49,20,2
Cristian Romero,ARG,DF,Tottenham,26,1998,15.7,35,29,26,8,1,21,30,70.0,9,18,3,15,21,56,57,2
Georginio Rutter,FRA,"MF,FW",Brighton,22,2002,18.4,39,15,13,18,8,14,36,38.9,22,20,3,17,10,49,13,2
José Sá,POR,GK,Wolves,31,1993,29.0,2,2,2,0,0,2,2,100.0,0,0,0,0,0,2,15,1
Bukayo Saka,ENG,"FW,MF",Arsenal,22,2001,19.2,29,15,9,11,9,13,24,54.2,11,22,0,22,3,32,8,0
Mohamed Salah,EGY,FW,Liverpool,32,1992,37.5,21,11,7,5,9,8,17,47.1,9,12,0,12,9,30,5,0
William Saliba,FRA,DF,Arsenal,23,2001,33.8,62,37,37,23,2,21,28,75.0,7,25,15,10,21,83,119,7
Robert Sánchez,ESP,GK,Chelsea,26,1997,32.0,0,0,0,0,0,0,1,0.0,1,0,0,0,2,2,24,10
Jadon Sancho,ENG,FW,Chelsea,24,2000,19.6,13,7,3,3,7,5,12,41.7,7,11,0,11,2,15,8,2
Ibrahim Sangaré,CIV,MF,Nott'ham Forest,26,1997,6.6,28,14,8,17,3,8,17,47.1,9,10,4,6,6,34,13,1
Pablo Sarabia,ESP,"MF,FW",Wolves,32,1992,9.0,16,8,4,8,4,10,16,62.5,6,10,0,10,4,20,7,1
Ismaila Sarr,SEN,MF,Crystal Palace,26,1998,30.1,22,10,10,9,3,8,25,32.0,17,27,8,19,9,31,40,0
Sávio,BRA,"FW,MF",Manchester,City 20,2004,19.6,23,17,5,10,8,10,19,52.6,9,14,2,12,6,29,9,1
Kevin Schade,GER,FW,Brentford,22,2001,25.5,39,25,17,10,12,13,23,56.5,10,19,4,15,5,44,34,0
Fabian Schär,SUI,DF,Newcastle Utd,32,1991,32.6,36,21,16,18,2,14,35,40.0,21,38,25,13,45,81,138,3
Jeffrey Schlupp,GHA,"MF,DF",Crystal Palace,31,1992,1.1,2,0,1,0,1,0,3,0.0,3,6,0,6,0,2,2,0
Alex Scott,ENG,MF,Bournemouth,20,2003,8.4,27,14,11,8,8,19,42,45.2,23,17,4,13,10,37,15,0
Matz Sels,BEL,GK,Nott'ham Forest,32,1992,38.0,1,1,1,0,0,1,1,100.0,0,0,0,0,0,1,26,1
Nélson Semedo,POR,DF,Wolves,30,1993,32.1,62,36,32,21,9,34,57,59.6,23,32,10,22,23,85,104,3
Antoine Semenyo,GHA,FW,Bournemouth,24,2000,35.6,55,35,17,25,13,16,43,37.2,27,67,9,58,11,66,39,2
Marcos Senesi,ARG,DF,Bournemouth,27,1997,12.3,39,21,23,14,2,14,31,45.2,17,16,7,9,14,53,58,0
Ryan Sessegnon,ENG,"FW,DF",Fulham,24,2000,6.4,27,13,11,11,5,9,20,45.0,11,13,1,12,3,30,18,0
Luke Shaw,ENG,DF,Manchester Utd,29,1995,3.9,4,3,2,2,0,2,2,100.0,0,6,1,5,2,6,7,0
Zain Silcott-Duberry,MSR,FW,Bournemouth,19,2005,0.0,1,1,0,0,1,1,1,100.0,0,0,0,0,0,1,0,0
Bernardo Silva,POR,"MF,FW",Manchester City,29,1994,29.7,56,37,17,30,9,25,56,44.6,31,36,7,29,23,79,32,3
Jota Silva,POR,"FW,MF",Nott'ham Forest,24,1999,9.5,27,14,12,13,2,6,27,22.2,21,9,1,8,12,39,17,0
Jahmai Simpson-Pusey,ENG,DF,Manchester City,18,2005,1.1,1,0,1,0,0,0,1,0.0,1,1,1,0,0,1,2,0
Luis Sinisterra,COL,"FW,MF",Bournemouth,25,1999,2.6,7,2,3,2,2,0,4,0.0,4,3,0,3,1,8,8,0
Oliver Skipp,ENG,MF,Leicester City,23,2000,12.5,21,4,6,12,3,9,15,60.0,6,23,7,16,11,32,11,2
William Smallbone,IRL,MF,Southampton,24,2000,7.7,20,13,9,9,2,7,22,31.8,15,8,0,8,2,22,14,2
Adam Smith,ENG,DF,Bournemouth,33,1991,17.7,24,12,11,7,6,14,27,51.9,13,13,5,8,15,39,49,1
Emile Smith Rowe,ENG,MF,Fulham,24,2000,22.7,31,18,7,14,10,8,24,33.3,16,22,2,20,11,42,16,0
Dominic Solanke,ENG,FW,Tottenham,26,1997,24.5,18,11,1,12,5,4,16,25.0,12,20,9,11,1,19,23,0
Carlos Soler,ESP,"MF,FW",West Ham,27,1997,15.7,16,11,9,6,1,7,23,30.4,16,19,6,13,8,24,21,2
Ramón Sosa,PAR,"FW,MF",Nott'ham Forest,24,1999,3.3,5,3,3,0,2,1,5,20.0,4,9,0,9,4,9,5,0
Tomáš Souček,CZE,MF,West Ham,29,1995,28.5,46,21,20,23,3,26,44,59.1,18,41,21,20,20,66,85,1
Boubakary Soumaré,FRA,MF,Leicester City,25,1999,24.1,37,20,24,12,1,21,33,63.6,12,22,10,12,27,64,34,4
Djed Spence,ENG,DF,Tottenham,23,2000,19.9,47,34,25,15,7,23,30,76.7,7,28,9,19,21,68,74,2
Jack Stephens,ENG,DF,Southampton,30,1994,15.4,34,20,25,9,0,17,30,56.7,13,20,13,7,13,47,53,2
Raheem Sterling,ENG,"FW,MF",Arsenal,29,1994,5.5,9,4,1,3,5,5,10,50.0,5,3,0,3,1,10,4,0
Ross Stewart,SCO,FW,Southampton,28,1996,4.3,6,4,1,1,4,3,8,37.5,5,3,0,3,1,7,7,0
Jakub Stolarczyk,POL,GK,Leicester City,23,2000,10.0,2,1,2,0,0,1,2,50.0,1,0,0,0,0,2,6,1
Jørgen Strand Larsen,NOR,FW,Wolves,24,2000,28.7,10,6,2,3,5,4,27,14.8,23,19,4,15,6,16,29,0
Kamaldeen Sulemana,GHA,"FW,MF",Southampton,22,2002,15.6,22,17,9,5,8,10,15,66.7,5,16,4,12,6,28,9,0
Crysencio Summerville,NED,"FW,MF",West Ham,22,2001,8.7,13,7,2,8,3,3,9,33.3,6,13,4,9,0,13,7,0
Sammie Szmodics,IRL,"FW,MF",Ipswich Town,28,1995,11.0,16,10,4,10,2,7,26,26.9,19,10,2,8,6,22,14,0
Dominik Szoboszlai,HUN,MF,Liverpool,23,2000,27.7,38,20,14,19,5,17,45,37.8,28,39,5,34,9,47,19,2
Matt Targett,ENG,DF,Newcastle Utd,28,1995,0.2,0,0,0,0,0,0,1,0.0,1,0,0,0,1,1,1,0
James Tarkowski,ENG,DF,Everton,31,1992,32.5,64,40,39,22,3,24,39,61.5,15,57,42,15,41,105,213,4
Marcus Tavernier,ENG,"FW,MF",Bournemouth,25,1999,21.5,43,24,15,19,9,10,27,37.0,17,16,3,13,5,48,11,0
Charlie Taylor,ENG,DF,Southampton,30,1993,4.0,7,5,4,3,0,5,7,71.4,2,8,5,3,5,12,31,1
Jack Taylor,IRL,MF,Ipswich Town,26,1998,9.6,20,10,6,11,3,12,27,44.4,15,12,3,9,9,29,24,0
Mathys Tel,FRA,FW,Tottenham,19,2005,10.1,16,6,5,6,5,5,13,38.5,8,8,1,7,2,18,8,2
Kenny Tete,NED,DF,Fulham,28,1995,19.7,56,38,29,14,13,23,38,60.5,15,31,12,19,32,88,67,0
Thiago,BRA,"FW,MF",Brentford,23,2001,1.9,5,3,2,1,2,0,1,0.0,1,3,0,3,2,7,3,1
Luke Thomas,ENG,DF,Leicester City,23,2001,12.3,31,25,23,5,3,21,41,51.2,20,15,6,9,21,52,49,1
Youri Tielemans,BEL,MF,Aston Villa,27,1997,33.6,84,58,32,44,8,40,73,54.8,33,38,16,22,23,107,47,4
Jurriën Timber,NED,DF,Arsenal,23,2001,26.9,58,38,17,30,11,18,27,66.7,9,19,4,15,22,80,44,1
Jean-Clair Todibo,FRA,DF,West Ham,24,1999,20.3,47,28,30,15,2,26,36,72.2,10,25,13,12,26,73,83,3
Harry Toffolo,ENG,DF,Nott'ham Forest,28,1995,1.5,5,3,3,1,1,3,4,75.0,1,2,2,0,2,7,12,0
Sandro Tonali,ITA,MF,Newcastle Utd,24,2000,29.2,51,32,22,23,6,25,51,49.0,26,34,11,23,34,85,33,2
Pau Torres,ESP,DF,Aston Villa,27,1997,22.4,21,15,11,8,2,10,17,58.8,7,16,11,5,10,31,75,2
Conor Townsend,ENG,DF,Ipswich Town,31,1993,3.7,11,8,9,2,0,8,11,72.7,3,8,6,2,4,15,16,0
Adama Traoré,ESP,"FW,MF",Fulham,28,1996,19.7,20,13,9,6,5,5,13,38.5,8,7,0,7,1,21,6,4
Boubacar Traoré,MLI,MF,Wolves,22,2001,0.0,2,0,0,2,0,1,1,100.0,0,0,0,0,0,2,0,0
Kieran Trippier,ENG,DF,Newcastle Utd,33,1990,14.5,38,21,18,14,6,22,36,61.1,14,11,3,8,12,50,49,0
Leandro Trossard,BEL,FW,Arsenal,29,1994,28.3,31,20,6,16,9,12,34,35.3,22,32,0,32,9,40,18,0
Kostas Tsimikas,GRE,DF,Liverpool,28,1996,9.3,31,20,15,11,5,14,23,60.9,9,5,2,3,11,42,20,0
Axel Tuanzebe,COD,DF,Ipswich Town,26,1997,19.0,31,19,21,4,6,17,26,65.4,9,21,10,11,23,54,56,1
Destiny Udogie,ITA,DF,Tottenham,21,2002,21.4,75,47,42,26,7,33,48,68.8,15,40,6,34,22,97,36,1
Manuel Ugarte Ribeiro,URU,MF,Manchester Utd,23,2001,19.8,77,49,34,34,9,30,68,44.1,38,33,4,29,27,104,17,2
Lesley Ugochukwu,FRA,MF,Southampton,20,2004,18.4,50,24,16,30,4,18,36,50.0,18,27,10,17,14,64,23,2
Enes Ünal,TUR,"FW,MF",Bournemouth,27,1997,3.8,1,0,0,0,1,0,3,0.0,3,1,0,1,0,1,6,0
Virgil van Dijk,NED,DF,Liverpool,33,1991,37.0,38,20,17,19,2,13,22,59.1,9,27,16,11,56,94,190,4
Jamie Vardy,ENG,FW,Leicester City,37,1987,31.4,19,13,7,7,5,4,13,30.8,9,8,4,4,5,24,24,0
Joël Veltman,NED,DF,Brighton,32,1992,18.9,43,29,24,16,3,31,52,59.6,21,22,7,15,19,62,66,0
Bart Verbruggen,NED,GK,Brighton,21,2002,36.0,0,0,0,0,0,0,3,0.0,3,1,0,1,0,0,29,5
Jannik Vestergaard,DEN,DF,Leicester City,31,1992,15.5,22,10,16,6,0,9,15,60.0,6,21,14,7,16,38,74,1
Carlos Vinícius,BRA,"MF,FW",Fulham,29,1995,0.2,0,0,0,0,0,0,1,0.0,1,1,0,1,0,0,0,0
Kyle Walker,ENG,DF,Manchester City,34,1990,10.8,17,10,7,7,3,14,26,53.8,12,13,4,9,3,20,13,1
Kyle Walker-Peters,ENG,DF,Southampton,27,1997,32.4,44,29,22,15,7,16,35,45.7,19,27,15,12,19,63,90,1
Christian Walton,ENG,GK,Ipswich Town,28,1995,7.0,0,0,0,0,0,0,1,0.0,1,0,0,0,0,0,2,1
Aaron Wan-Bissaka,ENG,DF,West Ham,26,1997,35.0,70,49,33,32,5,23,32,71.9,9,37,11,26,66,136,125,0
James Ward-Prowse,ENG,MF,West Ham,29,1994,11.5,20,14,8,8,4,7,19,36.8,12,6,3,3,8,28,15,0
James Ward-Prowse,ENG,MF,Nott'ham Forest,29,1994,4.4,4,1,1,3,0,2,2,100.0,0,3,2,1,5,9,8,0
Ollie Watkins,ENG,FW,Aston Villa,28,1995,28.9,10,7,0,6,4,3,11,27.3,8,11,3,8,8,18,15,2
Adam Webster,ENG,DF,Brighton,29,1995,9.9,10,6,5,4,1,6,14,42.9,8,16,9,7,20,30,41,2
Danny Welbeck,ENG,FW,Brighton,33,1990,23.5,26,16,6,15,5,8,20,40.0,12,19,4,15,5,31,14,0
Welington,BRA,DF,Southampton,23,2001,5.4,21,9,15,5,1,12,19,63.2,7,5,1,4,7,28,36,0
Timo Werner,GER,"FW,MF",Tottenham,28,1996,5.7,6,4,3,3,0,3,13,23.1,10,10,1,9,1,7,7,0
Adam Wharton,ENG,MF,Crystal Palace,20,2004,14.6,34,14,14,16,4,17,44,38.6,27,11,2,9,20,54,27,0
Ben White,ENG,DF,Arsenal,26,1997,13.3,20,14,10,4,6,16,38,42.1,22,10,8,2,16,36,44,0
Neco Williams,WAL,DF,Nott'ham Forest,23,2001,28.8,90,57,63,19,8,53,86,61.6,33,42,10,32,31,121,137,3
Willian,BRA,"FW,MF",Fulham,35,1988,2.9,4,2,0,3,1,2,6,33.3,4,0,0,0,1,5,1,0
Joe Willock,ENG,"MF,FW",Newcastle Utd,24,1999,12.1,30,17,15,12,3,18,31,58.1,13,24,6,18,6,36,7,0
Callum Wilson,ENG,FW,Newcastle Utd,32,1992,4.1,2,2,0,1,1,0,2,0.0,2,2,0,2,1,3,1,0
Harry Wilson,WAL,"FW,MF",Fulham,27,1997,12.9,20,14,13,3,4,12,18,66.7,6,15,1,14,7,27,10,1
Harry Winks,ENG,MF,Leicester City,28,1996,17.1,24,11,12,10,2,13,30,43.3,17,19,7,12,9,33,20,0
Ben Winterburn,ENG,"MF,FW",Bournemouth,19,2004,0.3,0,0,0,0,0,0,1,0.0,1,0,0,0,2,2,0,0
Yoane Wissa,COD,FW,Brentford,27,1996,32.4,22,12,6,8,8,11,27,40.7,16,29,8,21,8,30,21,3
Chris Wood,NZL,FW,Nott'ham Forest,32,1991,32.9,6,5,2,2,2,3,11,27.3,8,12,7,5,5,11,29,1
Nathan Wood-Gordon,ENG,DF,Southampton,22,2002,8.6,14,8,8,5,1,8,11,72.7,3,9,6,3,5,19,39,2
Luke Woolfenden,ENG,DF,Ipswich Town,25,1998,13.2,9,6,5,4,0,2,5,40.0,3,21,14,7,19,28,76,0
Yehor Yarmoliuk,UKR,MF,Brentford,20,2004,16.1,49,28,21,21,7,28,55,50.9,27,26,9,17,13,62,33,0
Ryan Yates,ENG,MF,Nott'ham Forest,26,1997,21.3,42,21,24,14,4,17,37,45.9,20,38,10,28,26,68,61,1
Leny Yoro,FRA,DF,Manchester Utd,18,2005,12.9,29,11,19,9,1,13,19,68.4,6,5,3,2,18,47,43,0
Ashley Young,ENG,DF,Everton,39,1985,20.8,58,33,25,25,8,35,57,61.4,22,14,4,10,25,83,64,2
Illia Zabarnyi,UKR,DF,Bournemouth,21,2002,34.5,52,36,31,20,1,34,50,68.0,16,33,20,13,41,93,182,2
Joshua Zirkzee,NED,"FW,MF",Manchester Utd,23,2001,15.6,14,8,3,8,3,5,10,50.0,5,15,4,11,6,20,8,1
Martin Ødegaard,NOR,MF,Arsenal,25,1998,25.8,19,11,9,7,3,4,25,16.0,21,5,0,5,6,25,6,1
Max Aarons,ENG,DF,Bournemouth,24,2000,1.0,2,2,1,1,0,1,1,100.0,0,3,1,2,1,3,0,0
Joshua Acheampong,ENG,DF,Chelsea,18,2006,1.9,2,1,2,0,0,2,2,100.0,0,1,0,1,1,3,2,0
Tyler Adams,USA,MF,Bournemouth,25,1999,21.8,83,50,26,49,8,39,72,54.2,33,33,10,23,32,115,42,0
Tosin Adarabioyo,ENG,DF,Chelsea,26,1997,15.7,17,13,11,6,0,8,12,66.7,4,9,7,2,11,28,80,0
Simon Adingra,CIV,"FW,MF",Brighton,22,2002,12.2,23,14,10,8,5,10,26,38.5,16,12,0,12,8,31,6,2
Emmanuel Agbadou,CIV,DF,Wolves,27,1997,15.7,30,19,21,9,0,13,20,65.0,7,19,13,6,12,42,90,0
Ola Aina,NGA,DF,Nott'ham Forest,27,1996,33.3,55,42,39,15,1,36,64,56.3,28,34,12,22,33,88,115,4
Rayan Aït-Nouri,ALG,DF,Wolves,23,2001,34.5,89,57,52,28,9,43,70,61.4,27,42,6,36,26,115,75,2
Kristoffer Ajer,NOR,DF,Brentford,26,1998,16.0,26,18,14,11,1,14,27,51.9,13,17,4,13,12,38,50,0
Manuel Akanji,SUI,DF,Manchester City,29,1995,22.4,19,12,12,4,3,11,17,64.7,6,11,8,3,9,28,64,3
Nathan Aké,NED,DF,Manchester City,29,1995,7.5,9,7,7,2,0,4,6,66.7,2,7,2,5,3,12,22,1
Carlos Alcaraz,ARG,"FW,MF",Everton,21,2002,8.5,11,5,5,3,3,3,11,27.3,8,9,2,7,5,16,10,0
Trent Alexander-Arnold,ENG,DF,Liverpool,25,1998,26.3,72,50,44,19,9,49,105,46.7,56,26,9,17,31,103,55,4
Alisson,BRA,GK,Liverpool,31,1992,27.9,1,0,1,0,0,0,1,0.0,1,0,0,0,0,1,13,1
Miguel Almirón,PAR,FW,Newcastle Utd,30,1994,1.7,3,2,2,0,1,2,3,66.7,1,2,0,2,0,3,0,0
Edson Álvarez,MEX,MF,West Ham,26,1997,19.7,50,27,27,15,8,17,35,48.6,18,23,8,15,18,68,46,1
Harry Amass,ENG,DF,Manchester Utd,17,2007,3.8,6,2,5,1,0,2,8,25.0,6,11,1,10,2,8,11,0
Samuel Amo-Ameyaw,ENG,"FW,DF",Southampton,18,2006,0.3,1,0,0,1,0,1,1,100.0,0,0,0,0,0,1,0,0
Joachim Andersen,DEN,DF,Crystal Palace,28,1996,1.0,1,1,1,0,0,1,2,50.0,1,0,0,0,0,1,7,0
Joachim Andersen,DEN,DF,Fulham,28,1996,28.7,27,18,20,6,1,15,24,62.5,9,37,28,9,34,61,188,1
Elliot Anderson,ENG,MF,Nott'ham Forest,21,2002,30.3,92,56,54,29,9,48,111,43.2,63,48,9,39,31,123,76,4
André,BRA,MF,Wolves,23,2001,27.5,91,55,41,41,9,37,63,58.7,26,42,8,34,37,128,30,1
Michail Antonio,JAM,FW,West Ham,34,1990,9.3,2,2,0,1,1,2,3,66.7,1,6,0,6,0,2,2,0
Julian Araujo,MEX,DF,Bournemouth,22,2001,5.5,10,5,4,6,0,5,12,41.7,7,3,0,3,6,16,18,0
Cameron Archer,ENG,FW,Southampton,23,2001,16.0,13,8,8,3,2,2,9,22.2,7,5,1,4,2,15,11,0
Alphonse Areola,FRA,GK,West Ham,31,1993,25.1,2,2,2,0,0,2,3,66.7,1,0,0,0,0,2,15,3
Joe Aribo,NGA,"MF,DF",Southampton,28,1996,22.4,47,33,17,24,6,17,35,48.6,18,28,11,17,20,67,32,3
Adam Armstrong,ENG,"FW,MF",Southampton,27,1997,13.9,12,3,2,7,3,3,14,21.4,11,6,1,5,3,15,8,0
Harrison Armstrong,ENG,MF,Everton,17,2007,0.5,0,0,0,0,0,0,1,0.0,1,0,0,0,0,0,1,0
Kepa Arrizabalaga,ESP,GK,Bournemouth,29,1994,31.0,1,0,1,0,0,0,2,0.0,2,2,0,2,0,1,15,3
Marco Asensio,ESP,MF,Aston Villa,28,1996,8.3,7,5,0,7,0,3,9,33.3,6,7,1,6,2,9,3,0
Taiwo Awoniyi,NGA,FW,Nott'ham Forest,26,1997,4.6,6,3,0,3,3,4,5,80.0,1,1,0,1,0,6,7,0
Yasin Ayari,SWE,MF,Brighton,20,2003,21.8,59,32,15,31,13,26,56,46.4,30,24,6,18,20,79,26,0
Jordan Ayew,GHA,"FW,MF",Leicester City,32,1991,18.2,27,15,8,14,5,7,23,30.4,16,21,2,19,12,39,19,0
Benoît Badiashile,FRA,DF,Chelsea,23,2001,3.7,9,6,5,4,0,4,5,80.0,1,2,2,0,6,15,12,2
Leon Bailey,JAM,"FW,MF",Aston Villa,26,1997,12.7,7,5,2,3,2,3,11,27.3,8,6,0,6,3,10,12,0
Carlos Baleba,CMR,MF,Brighton,20,2004,29.6,79,46,26,37,16,48,80,60.0,32,47,11,36,46,125,44,1
Ross Barkley,ENG,MF,Aston Villa,30,1993,6.5,14,3,4,10,0,9,14,64.3,5,9,3,6,10,24,5,0
Harvey Barnes,ENG,FW,Newcastle Utd,26,1997,19.5,16,9,4,6,6,3,11,27.3,8,8,2,6,6,22,15,1
Calvin Bassey,NGA,DF,Fulham,24,1999,34.2,54,34,35,19,0,22,31,71.0,9,40,17,23,20,74,118,8
Altay Bayındır,TUR,GK,Manchester Utd,26,1998,4.0,0,0,0,0,0,0,1,0.0,1,0,0,0,0,0,9,1
Jan Bednarek,POL,DF,Southampton,28,1996,28.1,36,19,23,13,0,16,31,51.6,15,47,36,11,56,92,190,5
Armel Bella Kotchap,GER,DF,Southampton,22,2001,3.7,7,5,5,2,0,3,6,50.0,3,2,2,0,5,12,21,1
Jean-Ricner Bellegarde,FRA,"MF,FW",Wolves,26,1998,18.6,39,24,17,19,3,14,20,70.0,6,19,3,16,10,49,18,1
Rodrigo Bentancur,URU,MF,Tottenham,27,1997,18.3,40,22,19,17,4,19,40,47.5,21,25,8,17,40,80,38,1
Sander Berge,NOR,MF,Fulham,26,1998,24.7,50,30,23,23,4,27,39,69.2,12,27,8,19,21,71,38,1
Lucas Bergvall,SWE,MF,Tottenham,18,2006,13.5,39,19,14,20,5,17,32,53.1,15,18,8,10,24,63,22,3
Victor Bernth Kristiansen,DEN,DF,Leicester City,21,2002,27.6,87,51,56,26,5,49,91,53.8,42,38,15,23,42,129,75,3
Beto,GNB,FW,Everton,26,1998,17.0,14,6,2,8,4,5,8,62.5,3,12,2,10,4,18,24,1
Philip Billing,DEN,MF,Bournemouth,28,1996,2.0,14,5,7,6,1,3,4,75.0,1,3,0,3,5,19,2,0
Yves Bissouma,MLI,MF,Tottenham,27,1996,15.6,49,31,20,25,4,19,34,55.9,15,11,6,5,18,67,40,4
Willy Boly,CIV,DF,Nott'ham Forest,33,1991,1.7,6,1,5,1,0,4,4,100.0,0,4,2,2,3,9,12,0
Sven Botman,NED,DF,Newcastle Utd,24,2000,4.6,12,9,6,5,1,7,9,77.8,2,5,4,1,5,17,25,1
Jarrod Bowen,ENG,"FW,MF",West Ham,27,1996,33.0,41,26,13,12,16,19,40,47.5,21,22,4,18,16,57,25,0
Conor Bradley,NIR,DF,Liverpool,21,2003,8.4,14,10,7,5,2,11,22,50.0,11,9,2,7,4,18,31,0
Jarrad Branthwaite,ENG,DF,Everton,22,2002,27.9,36,20,26,10,0,20,28,71.4,8,31,23,8,27,63,191,4
James Bree,ENG,DF,Southampton,26,1997,11.9,19,14,8,10,1,10,25,40.0,15,10,3,7,9,28,29,0
Ben Brereton,CHI,FW,Southampton,25,1999,5.0,3,2,0,2,1,1,9,11.1,8,2,1,1,0,3,4,0
Nathan Broadhead,WAL,"MF,FW",Ipswich Town,26,1998,7.8,9,4,3,6,0,3,12,25.0,9,8,1,7,4,13,5,0
David Brooks,WAL,"FW,MF",Bournemouth,27,1997,10.7,14,6,2,8,4,2,16,12.5,14,18,2,16,5,19,9,1
Emi Buendía,ARG,"MF,FW",Aston Villa,27,1996,1.1,6,6,3,2,1,0,5,0.0,5,5,1,4,0,6,2,0
Santiago Bueno,URU,DF,Wolves,25,1998,18.7,41,21,22,18,1,17,22,77.3,5,36,21,15,15,56,70,0
Facundo Buonanotte,ARG,"FW,MF",Leicester City,19,2004,16.9,53,32,17,22,14,21,67,31.3,46,34,6,28,12,65,14,0
Cameron Burgess,AUS,DF,Ipswich Town,28,1995,17.1,17,12,14,3,0,9,11,81.8,2,20,15,5,14,31,128,3
Dan Burn,ENG,DF,Newcastle Utd,32,1992,37.0,39,24,22,15,2,20,36,55.6,16,36,26,10,27,66,197,4
Wes Burns,WAL,"FW,DF",Ipswich Town,29,1994,10.3,13,11,1,9,3,4,10,40.0,6,7,2,5,10,23,13,2
Moisés Caicedo,ECU,"MF,DF",Chelsea,22,2001,37.2,114,73,44,54,16,54,86,62.8,32,49,10,39,49,163,60,1
Tom Cairney,SCO,MF,Fulham,33,1991,7.0,13,5,5,2,6,4,7,57.1,3,7,1,6,4,17,3,1
Jens Cajuste,SWE,MF,Ipswich Town,24,1999,21.8,44,22,19,23,2,21,49,42.9,28,25,10,15,28,72,33,2
Riccardo Calafiori,ITA,DF,Arsenal,22,2002,10.9,27,19,15,10,2,18,29,62.1,11,12,6,6,9,36,25,0
Dominic Calvert-Lewin,ENG,FW,Everton,27,1997,17.9,9,7,1,4,4,2,6,33.3,4,7,2,5,7,16,23,0
Diego Carlos,BRA,DF,Aston Villa,31,1993,9.2,8,3,6,1,1,4,6,66.7,2,13,7,6,5,13,36,2
Fabio Carvalho,POR,"FW,MF",Brentford,21,2002,5.1,13,9,4,4,5,6,13,46.2,7,6,1,5,3,16,2,0
Casemiro,BRA,MF,Manchester,Utd 32,1992,16.6,83,50,50,23,10,45,74,60.8,29,39,10,29,14,97,51,3
Matty Cash,POL,DF,Aston Villa,26,1997,23.0,56,32,29,21,6,31,43,72.1,12,22,8,14,23,79,70,2
Eiran Cashin,IRL,DF,Brighton,22,2001,0.2,0,0,0,0,0,0,1,0.0,1,0,0,0,0,0,2,0
Timothy Castagne,BEL,DF,Fulham,28,1995,18.3,46,29,28,15,3,26,45,57.8,19,15,6,9,22,68,83,0
Trevoh Chalobah,ENG,DF,Crystal Palace,25,1999,11.8,20,16,7,12,1,12,23,52.2,11,19,9,10,19,39,57,3
Trevoh Chalobah,ENG,DF,Chelsea,25,1999,10.1,11,7,5,6,0,7,8,87.5,1,6,3,3,10,21,48,1
Conor Chaplin,ENG,"MF,FW",Ipswich Town,27,1997,9.5,15,5,6,6,3,6,14,42.9,8,8,1,7,4,19,3,0
Youssef Chermiti,POR,"FW,MF",Everton,20,2004,0.5,0,0,0,0,0,0,1,0.0,1,0,0,0,0,0,0,0
Federico Chiesa,ITA,FW,Liverpool,26,1997,1.2,1,0,0,1,0,0,2,0.0,2,1,0,1,0,1,1,1
Ben Chilwell,ENG,DF,Crystal Palace,27,1996,2.9,7,6,4,3,0,1,5,20.0,4,6,2,4,6,13,16,0
Hamza Choudhury,BAN,"MF,DF",Leicester City,26,1997,1.5,1,1,1,0,0,1,3,33.3,2,4,2,2,5,6,2,0
Ryan Christie,SCO,MF,Bournemouth,29,1995,23.5,54,33,19,27,8,27,64,42.2,37,44,11,33,30,84,51,3
Harry Clarke,ENG,DF,Ipswich Town,23,2001,4.2,5,3,3,2,0,3,6,50.0,3,5,4,1,4,9,14,3
Jack Clarke,ENG,"FW,MF",Ipswich Town,23,2000,13.1,32,20,11,10,11,17,34,50.0,17,9,0,9,7,39,29,2
Conor Coady,ENG,DF,Leicester City,31,1993,19.0,13,9,6,6,1,3,6,50.0,3,32,24,8,13,26,71,2
Séamus Coleman,IRL,DF,Everton,35,1988,2.4,3,2,2,1,0,3,4,75.0,1,5,3,2,1,4,8,0
Nathan Collins,IRL,DF,Brentford,23,2001,38.0,40,24,23,12,5,22,36,61.1,14,77,57,20,34,74,226,3
Toby Collyer,ENG,MF,Manchester Utd,20,2004,2.0,12,9,6,6,0,5,6,83.3,1,2,1,1,2,14,3,0
Levi Colwill,ENG,DF,Chelsea,21,2003,35.0,47,34,25,19,3,18,27,66.7,9,37,25,12,33,80,118,4
Lewis Cook,ENG,"MF,DF",Bournemouth,27,1997,33.1,81,42,41,36,4,37,67,55.2,30,30,11,19,41,122,70,0
Maxwel Cornet,CIV,FW,Southampton,27,1996,0.8,5,5,1,4,0,0,4,0.0,4,0,0,0,0,5,2,0
Vladimír Coufal,CZE,DF,West Ham,31,1992,11.9,22,15,13,7,2,10,22,45.5,12,13,11,2,8,30,39,1
Woyo Coulibaly,MLI,DF,Leicester City,25,1999,1.2,6,4,4,2,0,2,2,100.0,0,3,1,2,5,11,1,0
Aaron Cresswell,ENG,DF,West Ham,34,1989,9.2,11,7,5,5,1,9,11,81.8,2,9,4,5,8,19,37,0
Marc Cucurella,ESP,DF,Chelsea,26,1998,33.2,67,45,31,31,5,32,61,52.5,29,49,16,33,28,95,95,3
Jorge Cuenca,ESP,DF,Fulham,24,1999,3.9,6,2,5,1,0,3,8,37.5,5,4,4,0,2,8,26,0
Matheus Cunha,BRA,"MF,FW",Wolves,25,1999,28.9,38,22,17,16,5,13,39,33.3,26,21,1,20,17,55,23,0
Patson Daka,ZAM,"FW,MF",Leicester City,25,1998,8.2,19,10,6,9,4,7,18,38.9,11,7,1,6,1,20,12,0
Diogo Dalot,POR,DF,Manchester Utd,25,1999,31.3,68,40,40,22,6,34,52,65.4,18,22,9,13,37,105,72,0
Mikkel Damsgaard,DEN,"MF,FW",Brentford,24,2000,32.3,83,44,27,29,27,31,81,38.3,50,40,3,37,27,110,31,2
Danilo,BRA,"MF,FW",Nott'ham,Forest 23,2001,3.1,8,4,7,1,0,3,6,50.0,3,2,1,1,4,12,3,0
Jayden Danns,ENG,MF,Liverpool,18,2006,0.1,0,0,0,0,0,0,1,0.0,1,0,0,0,0,0,0,0
Kevin Danso,AUT,DF,Tottenham,25,1998,9.4,7,5,4,3,0,6,11,54.5,5,15,14,1,6,13,71,1
Ben Davies,WAL,DF,Tottenham,31,1993,14.8,17,11,8,8,1,9,17,52.9,8,28,19,9,12,29,81,1
Leif Davis,ENG,DF,Ipswich Town,24,2000,30.5,46,27,33,9,4,30,48,62.5,18,25,8,17,25,71,77,3
Craig Dawson,ENG,DF,Wolves,34,1990,10.8,15,3,8,6,1,12,15,80.0,3,16,11,5,9,24,52,1
Kevin De Bruyne,BEL,"MF,FW",Manchester City,33,1991,18.9,17,9,7,5,5,5,23,21.7,18,8,0,8,7,24,10,1
Bobby De Cordova-Reid,JAM,FW,Leicester City,31,1993,8.3,9,4,3,6,0,4,14,28.6,10,6,1,5,0,9,10,0
Liam Delap,ENG,FW,Ipswich Town,21,2003,28.8,11,8,3,3,5,2,15,13.3,13,8,0,8,2,13,28,0
Justin Devenny,NIR,MF,Crystal Palace,20,2003,5.6,17,12,7,9,1,8,19,42.1,11,6,1,5,0,17,11,0
Kiernan Dewsbury-Hall,ENG,"MF,FW",Chelsea,25,1998,2.9,8,5,1,1,6,4,6,66.7,2,2,0,2,2,10,9,1
Amad Diallo,CIV,"MF,FW",Manchester Utd,22,2002,21.1,38,31,9,20,9,19,32,59.4,13,15,2,13,11,49,19,1
Rúben Dias,POR,DF,Manchester City,27,1997,25.2,17,11,7,9,1,7,13,53.8,6,23,20,3,20,37,71,4
Luis Díaz,COL,FW,Liverpool,27,1997,26.7,39,26,13,20,6,15,39,38.5,24,19,0,19,7,46,7,1
Tyler Dibling,ENG,"FW,MF",Southampton,18,2006,20.8,34,20,13,18,3,16,26,61.5,10,19,5,14,8,42,16,1
Lucas Digne,FRA,DF,Aston Villa,31,1993,26.1,65,38,40,16,9,44,66,66.7,22,23,4,19,25,90,89,1
Issa Diop,FRA,DF,Fulham,27,1997,14.9,26,12,18,8,0,13,18,72.2,5,10,7,3,9,35,72,2
Axel Disasi,FRA,DF,Aston Villa,26,1998,5.4,8,5,7,1,0,3,7,42.9,4,4,1,3,5,13,18,0
Axel Disasi,FRA,DF,Chelsea,26,1998,4.0,7,4,5,1,1,6,11,54.5,5,4,1,3,2,9,11,1
Roman Dixon,ENG,DF,Everton,19,2004,1.0,5,5,3,2,0,4,4,100.0,0,1,0,1,1,6,3,0
Nasser Djiga,BFA,DF,Wolves,21,2002,0.7,0,0,0,0,0,0,1,0.0,1,0,0,0,2,2,4,1
Matt Doherty,IRL,DF,Wolves,32,1992,23.4,38,21,25,13,0,17,25,68.0,8,28,15,13,22,60,102,3
Jeremy Doku,BEL,"FW,MF",Manchester City,22,2002,16.8,31,22,9,12,10,8,15,53.3,7,11,1,10,4,35,2,0
Nicolás Domínguez,ARG,"MF,FW",Nott'ham Forest,26,1998,21.8,86,45,40,35,11,36,76,47.4,40,38,12,26,29,115,54,1
Patrick Dorgu,DEN,DF,Manchester Utd,19,2004,9.4,31,24,15,14,2,16,23,69.6,7,11,0,11,4,35,23,2
Abdoulaye Doucouré,MLI,MF,Everton,31,1993,28.5,48,28,21,20,7,14,43,32.6,29,31,6,25,10,58,20,1
Cheick Doucouré,MLI,MF,Crystal Palace,24,2000,5.0,16,8,6,8,2,5,11,45.5,6,4,0,4,11,27,10,1
Flynn Downes,ENG,MF,Southampton,25,1999,23.9,49,25,23,21,5,15,36,41.7,21,28,9,19,32,81,51,4
Tommy Doyle,ENG,MF,Wolves,22,2001,5.4,11,6,6,3,2,6,15,40.0,9,11,5,6,5,16,11,1
Radu Drăgușin,ROU,DF,Tottenham,22,2002,13.9,10,6,8,2,0,6,12,50.0,6,22,16,6,15,25,49,4
Lewis Dunk,ENG,DF,Brighton,32,1991,23.1,17,10,8,7,2,11,19,57.9,8,28,18,10,13,30,79,2
Jáder Durán,COL,FW,Aston Villa,20,2003,7.1,8,7,1,2,5,1,4,25.0,3,5,0,5,0,8,13,0
Claudio Echeverri,ARG,FW,Manchester City,18,2006,0.1,1,0,0,1,0,1,1,100.0,0,0,0,0,0,1,0,0
Ederson,BRA,GK,Manchester,City 30,1993,25.8,0,0,0,0,0,0,2,0.0,2,0,0,0,1,1,11,4
Odsonne Édouard,FRA,"MF,FW",Crystal Palace,26,1998,1.3,1,0,0,1,0,0,2,0.0,2,1,0,1,0,1,1,0
Anthony Elanga,SWE,"FW,MF",Nott'ham Forest,22,2002,27.8,19,14,8,8,3,5,17,29.4,12,11,1,10,6,25,25,0
Harvey Elliott,ENG,MF,Liverpool,21,2003,4.1,5,3,3,1,1,2,8,25.0,6,7,2,5,1,6,3,1
Yunus Emre Konak,TUR,"FW,MF",Brentford,18,2006,0.5,4,4,0,4,0,1,2,50.0,1,2,0,2,0,4,0,0
Julio Enciso,PAR,"MF,FW",Ipswich Town,20,2004,9.7,12,9,3,6,3,4,11,36.4,7,8,1,7,1,13,6,0
Julio Enciso,PAR,"MF,FW",Brighton,20,2004,3.3,0,0,0,0,0,0,2,0.0,2,2,0,2,0,0,1,0
Wataru Endo,JPN,"MF,DF",Liverpool,31,1993,3.0,12,8,7,5,0,6,10,60.0,4,8,1,7,6,18,9,0
Christian Eriksen,DEN,MF,Manchester Utd,32,1992,11.8,19,9,4,12,3,11,27,40.7,16,15,5,10,7,26,8,0
Romain Esse,ENG,MF,Crystal Palace,19,2005,1.5,9,6,4,3,2,5,5,100.0,0,2,0,2,1,10,2,0
Pervis Estupiñán,ECU,DF,Brighton,26,1998,26.7,65,43,33,25,7,34,51,66.7,17,20,5,15,37,102,65,2
Evanilson,BRA,FW,Bournemouth,24,1999,25.8,16,10,6,5,5,8,12,66.7,4,11,2,9,1,17,21,0
Jonny Evans,NIR,DF,Manchester Utd,36,1988,3.5,8,6,4,4,0,3,6,50.0,3,3,2,1,5,13,15,0
Eberechi Eze,ENG,"MF,FW",Crystal Palace,26,1998,28.8,39,22,14,16,9,17,36,47.2,19,27,0,27,11,50,10,3
Łukasz Fabiański,POL,GK,West Ham,39,1985,12.9,0,0,0,0,0,0,1,0.0,1,0,0,0,0,0,5,1
Wout Faes,BEL,DF,Leicester City,26,1998,31.3,42,26,26,14,2,25,48,52.1,23,48,35,13,26,68,185,4
Abdul Fatawu Issahaku,GHA,FW,Leicester City,20,2004,6.4,21,15,13,2,6,11,19,57.9,8,7,0,7,4,25,12,0
João Félix,POR,"FW,MF",Chelsea,24,1999,4.1,8,3,2,5,1,5,9,55.6,4,2,0,2,3,11,2,0
Evan Ferguson,IRL,FW,Brighton,19,2004,2.7,4,3,0,3,1,2,5,40.0,3,3,1,2,0,4,4,0
Bruno Fernandes,POR,MF,Manchester Utd,29,1994,33.5,84,50,27,38,19,34,85,40.0,51,35,6,29,26,110,35,3
Mateus Fernandes,POR,MF,Southampton,20,2004,32.3,89,48,45,28,16,33,72,45.8,39,43,8,35,28,117,35,7
Enzo Fernández,ARG,MF,Chelsea,23,2001,32.7,65,33,17,30,18,31,84,36.9,53,43,7,36,13,78,23,4
Mark Flekken,NED,GK,Brentford,31,1993,36.4,4,4,4,0,0,3,9,33.3,6,2,0,2,0,4,26,4
Phil Foden,ENG,"MF,FW",Manchester City,24,2000,19.7,13,5,5,4,4,7,18,38.9,11,13,1,12,9,22,7,1
Wesley Fofana,FRA,DF,Chelsea,23,2000,13.0,13,12,6,7,0,6,14,42.9,8,14,9,5,14,27,55,2
Carlos Forbs,POR,"MF,FW",Wolves,20,2004,2.7,8,5,5,2,1,4,6,66.7,2,3,0,3,1,9,2,1
Fraser Forster,ENG,GK,Tottenham,36,1988,7.0,0,0,0,0,0,0,1,0.0,1,0,0,0,0,0,7,3
Ryan Fraser,SCO,"FW,DF",Southampton,30,1994,3.4,6,2,2,4,0,4,6,66.7,2,1,1,0,1,7,9,0
Tyler Fredricson,ENG,DF,Manchester Utd,19,2005,1.8,5,3,3,2,0,1,2,50.0,1,2,0,2,1,6,11,0
Niclas Füllkrug,GER,FW,West Ham,31,1993,8.8,4,3,0,1,3,3,4,75.0,1,1,0,1,1,5,16,0
Cody Gakpo,NED,FW,Liverpool,25,1999,21.5,28,16,6,13,9,13,25,52.0,12,23,3,20,12,40,19,1
Idrissa Gana Gueye,SEN,MF,Everton,34,1989,34.0,133,80,61,55,17,58,99,58.6,41,48,9,39,48,181,36,1
Alejandro Garnacho,ARG,"MF,FW",Manchester Utd,20,2004,24.4,30,18,11,6,13,12,37,32.4,25,19,0,19,13,43,11,2
James Garner,ENG,"MF,DF",Everton,23,2001,17.7,47,31,25,20,2,24,41,58.5,17,20,4,16,23,70,37,0
Tyrique George,ENG,FW,Chelsea,18,2006,2.0,2,0,2,0,0,2,3,66.7,1,1,0,1,2,4,1,0
Morgan Gibbs-White,ENG,MF,Nott'ham Forest,24,2000,31.1,43,22,14,23,6,17,33,51.5,16,18,5,13,23,66,29,1
Billy Gilmour,SCO,MF,Brighton,23,2001,1.1,3,3,2,1,0,3,4,75.0,1,1,0,1,0,3,1,0
Ben Godfrey,ENG,DF,Ipswich Town,26,1998,1.8,1,0,1,0,0,1,1,100.0,0,1,1,0,2,3,3,0
João Gomes,BRA,MF,Wolves,23,2001,33.0,116,71,55,53,8,48,110,43.6,62,42,4,38,25,141,33,0
Toti Gomes,POR,DF,Wolves,25,1999,29.0,61,43,42,15,4,37,46,80.4,9,29,17,12,25,86,152,5
Diego Gómez,PAR,MF,Brighton,21,2003,5.7,21,13,11,8,2,12,22,54.5,10,13,0,13,8,29,10,1
Joe Gomez,ENG,DF,Liverpool,27,1997,5.8,13,10,5,7,1,11,16,68.8,5,9,6,3,7,20,20,2
Nicolás González,ESP,MF,Manchester City,22,2002,8.4,16,6,5,7,4,6,11,54.5,5,9,0,9,8,24,21,0
Anthony Gordon,ENG,"FW,MF",Newcastle Utd,23,2001,27.0,32,18,9,18,5,12,37,32.4,25,25,2,23,7,39,9,3
Ryan Gravenberch,NED,MF,Liverpool,22,2002,35.1,69,35,27,29,13,32,56,57.1,24,35,10,25,60,129,59,2
Jack Grealish,ENG,"FW,MF",Manchester City,28,1995,8.0,9,5,4,2,3,2,5,40.0,3,12,2,10,2,11,6,1
Jacob Greaves,ENG,DF,Ipswich Town,23,2000,24.5,40,21,20,17,3,22,35,62.9,13,41,26,15,21,61,148,3
Brajan Gruda,GER,"MF,FW",Brighton,20,2004,7.6,16,8,6,6,4,7,14,50.0,7,8,0,8,2,18,5,1
Albert Grønbaek,DEN,"FW,MF",Southampton,23,2001,1.6,4,1,1,1,2,3,10,30.0,7,1,1,0,0,4,1,0
Gonçalo Guedes,POR,"MF,FW",Wolves,27,1996,11.1,16,5,2,6,8,4,16,25.0,12,11,0,11,5,21,4,0
Marc Guéhi,ENG,DF,Crystal Palace,24,2000,34.0,61,34,36,23,2,31,47,66.0,16,55,23,32,28,89,163,2
Luis Guilherme,BRA,"MF,FW",West Ham,18,2006,1.7,1,0,1,0,0,0,3,0.0,3,7,0,7,3,4,2,0
Bruno Guimarães,BRA,MF,Newcastle Utd,26,1997,36.3,83,47,41,30,12,33,69,47.8,36,36,10,26,29,112,44,5
Marc Guiu,ESP,FW,Chelsea,18,2006,0.8,1,1,0,1,0,1,1,100.0,0,0,0,0,0,1,0,0
İlkay Gündoğan,GER,MF,Manchester City,33,1990,24.7,25,13,5,15,5,10,24,41.7,14,15,0,15,13,38,23,0
Malo Gusto,FRA,DF,Chelsea,21,2003,20.7,45,29,27,15,3,25,48,52.1,23,29,8,21,24,69,49,5
Joško Gvardiol,CRO,DF,Manchester City,22,2002,36.4,58,39,25,21,12,21,40,52.5,19,42,20,22,44,102,122,8
Erling Haaland,NOR,FW,Manchester City,24,2000,30.4,11,6,3,3,5,3,8,37.5,5,12,1,11,5,16,23,0
Lewis Hall,ENG,DF,Newcastle Utd,19,2004,24.3,58,41,28,22,8,40,74,54.1,34,33,18,15,18,76,75,3
Ali Al Hamadi,IRQ,FW,Ipswich Town,22,2002,1.5,1,0,0,0,1,0,2,0.0,2,0,0,0,0,1,2,0
Marcus Harness,ENG,MF,Ipswich Town,28,1996,0.5,1,0,0,0,1,0,3,0.0,3,2,1,1,0,1,1,0
Jack Harrison,ENG,FW,Everton,27,1996,23.1,32,22,12,12,8,15,46,32.6,31,18,2,16,10,42,35,2
Taylor Harwood-Bellis,ENG,DF,Southampton,22,2002,31.4,28,20,13,12,3,19,35,54.3,16,65,43,22,30,58,141,6
Kai Havertz,GER,"FW,MF",Arsenal,25,1999,20.8,16,9,3,6,7,4,15,26.7,11,23,4,19,6,22,33,1
Ayden Heaven,ENG,DF,Manchester Utd,17,2006,1.9,4,3,1,3,0,2,2,100.0,0,2,2,0,4,8,9,0
Hwang Hee-chan,KOR,"MF,FW",Wolves,28,1996,7.3,6,4,2,1,3,2,6,33.3,4,9,0,9,2,8,11,0
Dean Henderson,ENG,GK,Crystal Palace,27,1997,38.0,2,1,2,0,0,2,6,33.3,4,0,0,0,0,2,22,0
Rico Henry,ENG,DF,Brentford,27,1997,1.1,2,2,1,0,1,0,4,0.0,4,4,1,3,1,3,2,0
Mads Hermansen,DEN,GK,Leicester City,24,2000,26.5,1,1,1,0,0,1,1,100.0,0,1,0,1,0,1,13,4
Son Heung-min,KOR,FW,Tottenham,32,1992,23.4,17,9,3,8,6,5,27,18.5,22,11,0,11,5,22,17,1
James Hill,ENG,DF,Bournemouth,22,2002,5.0,15,8,6,6,3,3,11,27.3,8,5,0,5,9,24,31,0
Jack Hinshelwood,ENG,"MF,DF",Brighton,19,2005,20.5,27,19,8,10,9,11,27,40.7,16,10,3,7,16,43,37,1
George Hirst,SCO,FW,Ipswich Town,25,1999,7.3,3,3,1,0,2,1,4,25.0,3,1,1,0,2,5,10,0
Harry Howell,ENG,FW,Brighton,15,2008,0.1,1,1,1,0,0,1,2,50.0,1,1,0,1,0,1,0,0
Callum Hudson-Odoi,ENG,"FW,MF",Nott'ham Forest,23,2000,24.4,22,14,8,8,6,12,18,66.7,6,11,0,11,13,35,12,1
Will Hughes,ENG,MF,Crystal Palace,29,1995,23.4,66,36,20,33,13,28,62,45.2,34,31,14,17,22,88,28,3
Dean Huijsen,ESP,DF,Bournemouth,19,2005,27.0,36,26,19,16,1,18,29,62.1,11,40,29,11,51,87,198,4
Omari Hutchinson,ENG,"MF,FW",Ipswich Town,20,2003,28.7,32,13,14,10,8,13,48,27.1,35,27,2,25,11,43,15,1
Rasmus Højlund,DEN,FW,Manchester Utd,21,2003,22.3,3,1,0,2,1,0,5,0.0,5,6,0,6,2,5,6,0
Igor,BRA,DF,Brighton,26,1998,10.7,5,5,2,2,1,4,10,40.0,6,24,14,10,4,9,39,1
Danny Ings,ENG,"FW,MF",West Ham,32,1992,3.2,4,2,2,2,0,1,3,33.3,2,5,0,5,1,5,4,0
Tim Iroegbunam,ENG,MF,Everton,21,2003,6.4,29,14,14,10,5,14,23,60.9,9,18,4,14,16,45,12,1
Andy Irving,SCO,MF,West Ham,24,2000,1.8,7,4,3,3,1,1,5,20.0,4,5,1,4,1,8,5,0
Alexander Isak,SWE,FW,Newcastle Utd,24,1999,30.6,12,5,2,3,7,5,15,33.3,10,18,2,16,3,15,17,1
Alex Iwobi,NGA,"FW,MF",Fulham,28,1996,33.1,44,25,14,21,9,22,34,64.7,12,26,1,25,14,58,29,1
Nicolas Jackson,SEN,FW,Chelsea,23,2001,24.7,22,13,6,7,9,5,10,50.0,5,15,2,13,3,25,15,0
Vitaly Janelt,GER,MF,Brentford,26,1998,25.0,38,22,14,13,11,21,36,58.3,15,33,9,24,27,65,53,1
Daniel Jebbison,CAN,FW,Bournemouth,20,2003,1.3,5,3,3,2,0,4,6,66.7,2,2,1,1,1,6,1,0
Mathias Jensen,DEN,MF,Brentford,28,1996,9.6,14,10,6,6,2,8,16,50.0,8,15,4,11,8,22,13,2
Gabriel Jesus,BRA,FW,Arsenal,27,1997,6.8,10,6,4,3,3,4,9,44.4,5,10,1,9,4,14,8,0
Raúl Jiménez,MEX,FW,Fulham,33,1991,27.7,35,24,9,17,9,8,22,36.4,14,21,5,16,10,45,23,3
João Pedro,BRA,"FW,MF",Brighton,22,2001,21.6,16,12,6,6,4,4,11,36.4,7,12,0,12,9,25,12,0
Joelinton,BRA,"MF,FW",Newcastle,Utd 27,1996,26.6,57,35,23,23,11,25,44,56.8,19,37,7,30,23,80,47,2
Brennan Johnson,WAL,FW,Tottenham,23,2001,24.2,39,26,9,20,10,16,34,47.1,18,25,3,22,4,43,14,0
Sam Johnstone,ENG,GK,Wolves,31,1993,7.0,0,0,0,0,0,0,1,0.0,1,0,0,0,0,0,7,0
Curtis Jones,ENG,"MF,DF",Liverpool,23,2001,19.0,39,22,6,23,10,17,27,63.0,10,22,9,13,7,46,10,3
Jorginho,ITA,MF,Arsenal,32,1991,7.8,12,4,1,7,4,8,20,40.0,12,3,0,3,7,19,2,2
Diogo Jota,POR,FW,Liverpool,27,1996,13.3,14,8,2,8,4,7,19,36.8,12,9,0,9,8,22,6,0
James Justin,ENG,DF,Leicester City,26,1998,32.4,58,37,29,23,6,32,55,58.2,23,48,17,31,46,104,141,3
Daichi Kamada,JPN,MF,Crystal Palace,27,1996,17.4,47,29,19,24,4,14,41,34.1,27,22,5,17,18,65,14,0
Boubacar Kamara,FRA,MF,Aston Villa,24,1999,19.2,50,21,28,18,4,29,56,51.8,27,19,7,12,19,69,51,3
Michael Kayode,ITA,DF,Brentford,20,2004,5.9,17,11,12,5,0,9,13,69.2,4,3,0,3,7,24,19,0
Michael Keane,ENG,DF,Everton,31,1993,11.7,12,9,8,2,2,8,15,53.3,7,14,10,4,16,28,65,2
Lloyd Kelly,ENG,DF,Newcastle Utd,25,1998,3.4,5,4,4,1,0,1,1,100.0,0,6,4,2,1,6,17,0
Milos Kerkez,HUN,DF,Bournemouth,20,2003,37.1,52,26,25,20,7,24,38,63.2,14,38,11,27,45,97,106,4
Bilal El Khannouss,MAR,"MF,FW",Leicester City,20,2004,24.2,50,30,16,29,5,17,32,53.1,15,22,4,18,6,56,10,3
Abdukodir Khusanov,UZB,DF,Manchester City,20,2004,5.6,5,4,4,1,0,2,3,66.7,1,5,4,1,3,8,29,1
Max Kilman,ENG,DF,West Ham,27,1997,37.2,39,24,16,20,3,23,27,85.2,4,58,40,18,38,77,212,6
Joshua King,ENG,MF,Fulham,17,2007,1.4,7,5,3,4,0,0,3,0.0,3,3,0,3,1,8,1,0
Antonín Kinský,CZE,GK,Tottenham,21,2003,6.0,3,1,3,0,0,1,1,100.0,0,0,0,0,0,3,9,1
Jakub Kiwior,POL,DF,Arsenal,24,2000,12.5,22,8,13,7,2,11,15,73.3,4,13,8,5,6,28,58,3
Justin Kluivert,NED,MF,Bournemouth,25,1999,26.0,23,11,4,11,8,4,22,18.2,18,24,0,24,14,37,24,1
Ibrahima Konaté,FRA,DF,Liverpool,25,1999,28.4,40,26,25,13,2,25,35,71.4,10,29,15,14,17,57,133,3
Ezri Konsa,ENG,DF,Aston Villa,26,1997,32.6,34,18,20,10,4,20,25,80.0,5,20,11,9,24,58,114,4
Mateo Kovačić,CRO,MF,Manchester City,30,1994,24.4,69,38,23,38,8,31,65,47.7,34,20,0,20,24,93,21,1
Caleb Kporha,ENG,DF,Crystal Palace,18,2006,0.1,2,1,2,0,0,2,2,100.0,0,0,0,0,0,2,1,0
Emil Krafth,SWE,DF,Newcastle Utd,29,1994,3.8,4,2,2,1,1,2,3,66.7,1,5,4,1,2,6,16,0
Mohammed Kudus,GHA,"FW,MF",West Ham,23,2000,28.8,38,23,9,18,11,10,27,37.0,17,24,1,23,4,42,8,2
Dejan Kulusevski,SWE,"MF,FW",Tottenham,24,2000,26.5,45,23,17,13,15,19,51,37.3,32,34,5,29,13,58,10,1
Maxence Lacroix,FRA,DF,Crystal Palace,24,2000,34.6,68,41,52,15,1,32,47,68.1,15,48,22,26,54,122,207,2
Adam Lallana,ENG,MF,Southampton,36,1988,4.0,8,5,4,4,0,2,12,16.7,10,4,1,3,5,13,5,0
Tariq Lamptey,GHA,DF,Brighton,23,2000,9.6,17,11,8,9,0,9,25,36.0,16,15,7,8,7,24,23,1
Roméo Lavia,BEL,MF,Chelsea,20,2004,8.9,22,13,5,13,4,10,21,47.6,11,6,0,6,16,38,10,1
Mario Lemina,GAB,"MF,DF",Wolves,30,1993,15.2,51,31,27,19,5,20,29,69.0,9,12,7,5,27,78,50,3
Bernd Leno,GER,GK,Fulham,32,1992,38.0,2,2,2,0,0,2,2,100.0,0,1,0,1,0,2,11,5
Jefferson Lerma,COL,"MF,DF",Crystal Palace,29,1994,25.3,35,17,15,16,4,19,36,52.8,17,38,18,20,42,77,80,1
Myles Lewis-Skelly,ENG,DF,Arsenal,17,2006,15.2,22,14,10,9,3,10,11,90.9,1,4,1,3,7,29,27,0
Matthijs de Ligt,NED,DF,Manchester Utd,24,1999,23.6,30,22,17,12,1,23,32,71.9,9,29,21,8,33,63,96,0
Pedro Lima,BRA,DF,Wolves,18,2006,0.8,1,0,0,0,1,1,3,33.3,2,0,0,0,2,3,5,0
Victor Lindelöf,SWE,DF,Manchester Utd,30,1994,7.8,7,2,5,1,1,3,4,75.0,1,6,4,2,8,15,36,2
Jesper Lindstrøm,DEN,FW,Everton,24,2000,13.8,45,25,24,19,2,19,55,34.5,36,15,3,12,12,57,17,0
Valentino Livramento,ENG,DF,Newcastle Utd,21,2002,31.6,54,36,35,15,4,32,59,54.2,27,37,11,26,23,77,108,1
Sean Longstaff,ENG,MF,Newcastle Utd,26,1997,8.9,27,16,10,9,8,18,27,66.7,9,17,5,12,7,34,8,0
Saša Lukić,SRB,MF,Fulham,27,1996,26.0,68,39,22,40,6,23,55,41.8,32,20,7,13,28,96,35,1
Massimo Luongo,AUS,MF,Ipswich Town,31,1992,2.2,9,6,6,2,1,5,8,62.5,3,4,2,2,2,11,2,0
Ian Maatsen,NED,DF,Aston Villa,22,2002,12.7,29,17,17,9,3,17,24,70.8,7,13,0,13,15,44,39,3
Alexis Mac Allister,ARG,MF,Liverpool,25,1998,28.9,95,58,28,51,16,55,104,52.9,49,61,6,55,22,117,29,1
James Maddison,ENG,MF,Tottenham,27,1996,20.1,31,19,8,16,7,9,29,31.0,20,15,4,11,12,43,19,1
Noni Madueke,ENG,FW,Chelsea,22,2002,22.6,25,18,8,12,5,14,38,36.8,24,17,0,17,10,35,11,0
Gabriel Magalhães,BRA,DF,Arsenal,26,1997,26.3,25,15,12,8,5,12,16,75.0,4,42,29,13,16,41,93,2
Edmond-Paris Maghoma,ENG,"MF,FW",Brentford,23,2001,1.3,2,1,0,2,0,1,3,33.3,2,2,2,0,1,3,2,0
Harry Maguire,ENG,DF,Manchester Utd,31,1993,19.5,30,15,23,6,1,17,23,73.9,6,15,12,3,40,70,78,1
Kobbie Mainoo,ENG,MF,Manchester Utd,19,2005,18.3,46,29,18,14,14,24,40,60.0,16,16,2,14,19,65,14,1
Tyrell Malacia,NED,DF,Manchester Utd,24,1999,1.1,2,1,2,0,0,1,2,50.0,1,0,0,0,1,3,1,1
Donyell Malen,NED,FW,Aston Villa,25,1999,3.4,7,4,3,3,1,1,4,25.0,3,2,0,2,0,7,1,0
Orel Mangala,BEL,MF,Everton,26,1998,14.0,16,8,3,11,2,5,8,62.5,3,8,3,5,21,37,24,1
Solly March,ENG,"FW,MF",Brighton,30,1994,1.9,6,3,2,2,2,5,8,62.5,3,3,0,3,2,8,2,1
Omar Marmoush,EGY,"FW,MF",Manchester City,25,1999,13.1,13,8,2,9,2,8,16,50.0,8,15,1,14,6,19,3,0
Gabriel Martinelli,BRA,"FW,MF",Arsenal,23,2001,25.4,23,15,9,6,8,7,23,30.4,16,15,0,15,5,28,19,0
Emiliano Martínez,ARG,GK,Aston Villa,31,1992,35.5,3,3,3,0,0,2,2,100.0,0,1,0,1,0,3,17,6
Lisandro Martínez,ARG,DF,Manchester Utd,26,1998,19.5,40,24,25,12,3,21,36,58.3,15,22,8,14,32,72,57,1
Pape Matar Sarr,SEN,MF,Tottenham,21,2002,21.3,49,36,19,23,7,12,25,48.0,13,26,10,16,30,79,25,1
Jean-Philippe Mateta,FRA,FW,Crystal Palace,27,1997,29.4,18,12,5,11,2,3,16,18.8,13,19,4,15,2,20,23,0
Stephy Mavididi,ENG,FW,Leicester City,26,1998,17.9,34,19,16,10,8,14,42,33.3,28,26,2,24,11,45,15,0
Konstantinos Mavropanos,GRE,DF,West Ham,26,1997,22.7,35,24,24,10,1,16,27,59.3,11,25,18,7,40,75,126,1
Noussair Mazraoui,MAR,DF,Manchester Utd,26,1997,31.5,115,68,58,42,15,59,94,62.8,35,36,9,27,34,149,95,1
Bryan Mbeumo,CMR,FW,Brentford,24,1999,37.9,49,31,18,15,16,21,35,60.0,14,26,3,23,14,63,55,1
James Mcatee,ENG,"MF,FW",Manchester City,21,2002,3.9,5,2,0,4,1,1,7,14.3,6,8,0,8,2,7,1,0
Kasey McAteer,IRL,FW,Leicester City,22,2001,9.5,23,16,11,9,3,14,29,48.3,15,18,2,16,5,28,15,0
John McGinn,SCO,"MF,FW",Aston Villa,29,1994,24.7,33,24,10,14,9,13,31,41.9,18,22,2,20,14,47,18,3
Dwight McNeil,ENG,"MF,FW",Everton,24,1999,15.2,13,8,6,5,2,9,21,42.9,12,7,0,7,6,19,2,1
Scott McTominay,SCO,MF,Manchester Utd,27,1996,0.2,0,0,0,0,0,0,1,0.0,1,0,0,0,0,0,1,0
Ben Mee,ENG,DF,Brentford,34,1989,2.0,2,2,0,2,0,1,1,100.0,0,3,3,0,4,6,7,0
Mikel Merino,ESP,"MF,FW",Arsenal,28,1996,17.6,46,28,7,26,13,20,36,55.6,16,18,5,13,15,61,26,2
Nikola Milenković,SRB,DF,Nott'ham Forest,26,1997,37.0,51,29,36,13,2,27,34,79.4,7,41,24,17,27,78,209,1
Lewis Miley,ENG,MF,Newcastle Utd,18,2006,3.5,14,11,5,7,2,7,14,50.0,7,5,1,4,2,16,5,2
James Milner,ENG,MF,Brighton,38,1986,1.9,5,2,1,3,1,3,3,100.0,0,4,2,2,2,7,2,1
Tyrone Mings,ENG,DF,Aston Villa,31,1993,12.4,7,6,6,1,0,2,2,100.0,0,13,11,2,7,14,61,1
Yankuba Minteh,GAM,"FW,MF",Brighton,20,2004,20.4,48,35,25,13,10,17,45,37.8,28,22,0,22,11,59,31,0
Tyrick Mitchell,ENG,DF,Crystal Palace,24,1999,34.4,91,55,57,27,7,25,46,54.3,21,68,12,56,19,110,108,2
Kaoru Mitoma,JPN,"FW,MF",Brighton,27,1997,28.9,45,27,15,14,16,19,49,38.8,30,48,3,45,14,59,10,0
Jakub Moder,POL,MF,Brighton,25,1999,0.1,1,0,1,0,0,0,2,0.0,2,0,0,0,0,1,3,0
Mikey Moore,ENG,FW,Tottenham,16,2007,4.1,2,1,2,0,0,0,4,0.0,4,2,0,2,1,3,4,0
Morato,BRA,DF,Nott'ham,Forest 23,2001,10.1,22,14,18,3,1,13,21,61.9,8,14,5,9,10,32,78,2
Sam Morsy,EGY,MF,Ipswich Town,32,1991,30.6,68,41,40,24,4,27,62,43.5,35,34,13,21,29,97,47,5
Yerson Mosquera,COL,DF,Wolves,23,2001,4.9,11,7,9,2,0,9,14,64.3,5,13,10,3,10,21,14,0
Mason Mount,ENG,MF,Manchester Utd,25,1999,6.9,15,5,5,8,2,9,12,75.0,3,11,1,10,4,19,4,0
Marshall Munetsi,ZIM,"MF,FW",Wolves,28,1996,12.0,24,10,7,11,6,13,23,56.5,10,14,1,13,6,30,18,0
Rodrigo Muniz,BRA,FW,Fulham,23,2001,10.7,10,5,3,5,2,4,4,100.0,0,9,2,7,5,15,14,0
Daniel Muñoz,COL,DF,Crystal Palace,28,1996,35.9,123,80,57,41,25,55,97,56.7,42,40,6,34,44,167,108,1
Arijanet Muric,KVX,GK,Ipswich Town,25,1998,18.0,0,0,0,0,0,0,2,0.0,2,0,0,0,0,0,10,5
Murillo,BRA,DF,Nott'ham,Forest 22,2002,35.4,53,36,38,12,3,27,46,58.7,19,69,45,24,36,89,249,3
Jacob Murphy,ENG,FW,Newcastle Utd,29,1995,26.2,28,19,10,12,6,20,44,45.5,24,31,0,31,13,41,35,1
Vitaliy Mykolenko,UKR,DF,Everton,25,1999,34.2,63,38,39,14,10,29,56,51.8,27,25,10,15,44,107,145,2
Iliman Ndiaye,SEN,FW,Everton,24,2000,27.0,53,28,20,16,17,22,49,44.9,27,30,5,25,20,73,24,1
Wilfred Ndidi,NGA,MF,Leicester City,27,1996,25.8,85,51,45,32,8,30,61,49.2,31,47,19,28,31,116,80,0
Kosta Nedeljković,SRB,DF,Aston Villa,18,2005,1.4,7,5,1,3,3,2,3,66.7,1,1,0,1,0,7,3,0
Reiss Nelson,ENG,FW,Arsenal,24,1999,0.0,1,0,0,1,0,0,1,0.0,1,0,0,0,0,1,1,0
Reiss Nelson,ENG,FW,Fulham,24,1999,5.4,8,6,3,3,2,5,13,38.5,8,11,0,11,5,13,2,0
Pedro Neto,POR,FW,Chelsea,24,2000,25.2,23,9,9,9,5,9,21,42.9,12,14,2,12,9,32,6,0
Eddie Nketiah,ENG,"FW,MF",Crystal Palace,25,1999,11.5,15,8,7,4,4,7,13,53.8,6,10,1,9,3,18,12,0
Christopher Nkunku,FRA,FW,Chelsea,26,1997,10.2,12,8,3,4,5,6,8,75.0,2,9,2,7,7,19,10,0
Gustavo Nunes,BRA,"FW,MF",Brentford,18,2005,0.1,3,2,2,0,1,2,2,100.0,0,0,0,0,0,3,2,0
Darwin Núñez,URU,FW,Liverpool,25,1999,12.6,21,18,11,4,6,7,18,38.9,11,6,0,6,4,25,12,0
Ethan Nwaneri,ENG,"FW,MF",Arsenal,17,2007,9.9,11,7,4,4,3,7,21,33.3,14,8,2,6,2,13,4,1
Christian Nørgaard,DEN,MF,Brentford,30,1994,31.3,79,49,37,35,7,48,81,59.3,33,52,20,32,49,128,70,1
Jake O'Brien,IRL,DF,Everton,23,2001,17.5,26,17,21,5,0,17,25,68.0,8,17,4,13,4,30,93,0
Matt O'Riley,DEN,MF,Brighton,23,2000,10.4,16,9,4,8,4,4,13,30.8,9,7,3,4,13,29,9,1
Dara O'Shea,IRL,DF,Ipswich Town,25,1999,34.7,49,31,33,13,3,22,34,64.7,12,62,50,12,33,82,225,4
Chidozie Obi-Martin,DEN,FW,Manchester Utd,16,2007,1.8,2,1,0,0,2,2,2,100.0,0,0,0,0,0,2,1,0
Wilson Odobert,FRA,"FW,MF",Tottenham,19,2004,9.4,14,5,5,4,5,8,14,57.1,6,6,0,6,4,18,5,1
Chiedozie Ogbene,IRL,FW,Ipswich Town,27,1997,2.6,7,3,1,2,4,2,4,50.0,2,1,0,1,1,8,3,0
Caleb Okoli,ITA,DF,Leicester City,23,2001,12.5,25,14,8,15,2,11,18,61.1,7,24,14,10,15,40,79,3
Robin Olsen,SWE,GK,Aston Villa,34,1990,2.5,1,0,1,0,0,1,1,100.0,0,0,0,0,0,1,2,1
Amadou Onana,BEL,MF,Aston Villa,22,2001,18.0,55,30,23,26,6,16,29,55.2,13,16,7,9,26,81,41,3
André Onana,CMR,GK,Manchester Utd,28,1996,34.0,2,2,2,0,0,2,4,50.0,2,0,0,0,0,2,11,4
Paul Onuachu,NGA,FW,Southampton,30,1994,11.7,7,2,1,5,1,3,7,42.9,4,7,2,5,1,8,16,1
Stefan Ortega,GER,GK,Manchester City,31,1992,12.2,0,0,0,0,0,0,1,0.0,1,0,0,0,0,0,11,1
William Osula,DEN,FW,Newcastle Utd,20,2003,1.5,2,0,1,0,1,0,2,0.0,2,0,0,0,4,6,2,0
Dango Ouattara,BFA,FW,Bournemouth,22,2002,22.3,35,26,14,11,10,17,41,41.5,24,36,10,26,11,46,51,0
Nico O’Reilly,ENG,DF,Manchester City,19,2005,5.9,9,4,3,3,3,4,8,50.0,4,5,1,4,4,13,12,0
Cole Palmer,ENG,"MF,FW",Chelsea,22,2002,35.5,34,20,12,10,12,12,27,44.4,15,16,1,15,11,45,20,1
Emerson Palmieri,ITA,DF,West Ham,29,1994,23.5,60,31,37,18,5,27,48,56.3,21,32,8,24,21,81,59,0
Lucas Paquetá,BRA,"MF,FW",West Ham,26,1997,26.4,66,37,25,30,11,27,55,49.1,28,29,4,25,18,84,37,6
Thomas Partey,GHA,"MF,DF",Arsenal,31,1993,31.1,89,53,26,39,24,46,76,60.5,30,29,9,20,35,124,49,4
Nathan Patterson,SCO,DF,Everton,22,2001,3.9,11,6,7,4,0,7,14,50.0,7,2,0,2,2,13,7,0
Andreas Pereira,BRA,MF,Fulham,28,1996,22.4,24,13,8,11,5,10,42,23.8,32,17,2,15,8,32,17,3
Ricardo Pereira,POR,DF,Leicester City,30,1993,4.3,13,8,4,6,3,7,14,50.0,7,8,3,5,4,17,11,0
Kalvin Phillips,ENG,MF,Ipswich Town,28,1995,13.7,35,19,8,20,7,15,39,38.5,24,35,6,29,19,54,37,2
Jaden Philogene Bidace,ENG,"FW,MF",Aston Villa,22,2002,3.7,11,5,4,7,0,4,6,66.7,2,5,0,5,3,14,2,1
Jaden Philogene Bidace,ENG,"FW,DF",Ipswich Town,22,2002,5.3,14,7,6,6,2,8,15,53.3,7,11,1,10,10,24,9,1
Jordan Pickford,ENG,GK,Everton,30,1994,38.0,1,0,1,0,0,1,2,50.0,1,0,0,0,1,2,30,2
Ethan Pinnock,JAM,DF,Brentford,31,1993,21.3,35,19,15,16,4,13,24,54.2,11,29,18,11,24,59,142,4
Daniel Podence,POR,"MF,FW",Wolves,28,1995,0.5,0,0,0,0,0,0,1,0.0,1,0,0,0,0,0,0,0
Pedro Porro,ESP,DF,Tottenham,24,1999,29.0,66,49,34,22,10,44,77,57.1,33,44,17,27,36,102,84,2
Jarell Quansah,ENG,DF,Liverpool,21,2003,5.5,12,8,8,4,0,7,10,70.0,3,10,7,3,7,19,28,1
Aaron Ramsdale,ENG,GK,Southampton,26,1998,30.0,0,0,0,0,0,0,3,0.0,3,0,0,0,2,2,10,3
Jacob Ramsey,ENG,"FW,MF",Aston Villa,23,2001,18.0,30,15,14,10,6,10,20,50.0,10,23,4,19,8,38,8,1
Marcus Rashford,ENG,"FW,MF",Manchester Utd,26,1997,10.9,7,4,2,2,3,3,9,33.3,6,8,0,8,4,11,7,0
Marcus Rashford,ENG,FW,Aston Villa,26,1997,4.9,10,7,2,3,5,4,6,66.7,2,2,0,2,1,11,3,0
David Raya,ESP,GK,Arsenal,28,1995,38.0,0,0,0,0,0,0,2,0.0,2,0,0,0,2,2,21,9
Harrison Reed,ENG,MF,Fulham,29,1995,1.2,6,3,3,2,1,1,3,33.3,2,1,0,1,1,7,3,0
Sergio Reguilón,ESP,DF,Tottenham,27,1996,2.2,4,3,1,3,0,2,5,40.0,3,7,0,7,4,8,8,0
Chadi Riad,MAR,DF,Crystal Palace,21,2003,1.0,5,2,2,2,1,2,3,66.7,1,0,0,0,2,7,0,0
Declan Rice,ENG,MF,Arsenal,25,1999,31.4,53,25,22,25,6,17,41,41.5,24,27,13,14,25,78,51,0
Chris Richards,USA,DF,Crystal Palace,24,2000,21.4,47,30,24,17,6,24,41,58.5,17,40,14,26,19,66,121,0
Richarlison,BRA,FW,Tottenham,27,1997,5.6,5,3,0,4,1,0,3,0.0,3,1,1,0,0,5,8,0
Andrew Robertson,SCO,DF,Liverpool,30,1994,27.6,39,22,25,10,4,31,51,60.8,20,10,4,6,21,60,54,2
Antonee Robinson,USA,DF,Fulham,26,1997,35.2,95,61,57,31,7,45,95,47.4,50,43,9,34,62,157,133,2
Jay Robinson,ENG,"MF,FW",Southampton,17,2007,1.5,4,1,3,0,1,1,1,100.0,0,0,0,0,0,4,1,0
Guido Rodríguez,ARG,MF,West Ham,30,1994,12.8,36,19,21,15,0,17,33,51.5,16,23,9,14,13,49,35,1
Mads Roerslev,DEN,DF,Brentford,25,1999,12.2,18,8,14,3,1,11,28,39.3,17,12,5,7,4,22,35,0
Morgan Rogers,ENG,"FW,MF",Aston Villa,22,2002,34.6,43,22,15,15,13,24,47,51.1,23,26,7,19,6,49,20,2
Cristian Romero,ARG,DF,Tottenham,26,1998,15.7,35,29,26,8,1,21,30,70.0,9,18,3,15,21,56,57,2
Georginio Rutter,FRA,"MF,FW",Brighton,22,2002,18.4,39,15,13,18,8,14,36,38.9,22,20,3,17,10,49,13,2
José Sá,POR,GK,Wolves,31,1993,29.0,2,2,2,0,0,2,2,100.0,0,0,0,0,0,2,15,1
Bukayo Saka,ENG,"FW,MF",Arsenal,22,2001,19.2,29,15,9,11,9,13,24,54.2,11,22,0,22,3,32,8,0
Mohamed Salah,EGY,FW,Liverpool,32,1992,37.5,21,11,7,5,9,8,17,47.1,9,12,0,12,9,30,5,0
William Saliba,FRA,DF,Arsenal,23,2001,33.8,62,37,37,23,2,21,28,75.0,7,25,15,10,21,83,119,7
Robert Sánchez,ESP,GK,Chelsea,26,1997,32.0,0,0,0,0,0,0,1,0.0,1,0,0,0,2,2,24,10
Jadon Sancho,ENG,FW,Chelsea,24,2000,19.6,13,7,3,3,7,5,12,41.7,7,11,0,11,2,15,8,2
Ibrahim Sangaré,CIV,MF,Nott'ham Forest,26,1997,6.6,28,14,8,17,3,8,17,47.1,9,10,4,6,6,34,13,1
Pablo Sarabia,ESP,"MF,FW",Wolves,32,1992,9.0,16,8,4,8,4,10,16,62.5,6,10,0,10,4,20,7,1
Ismaila Sarr,SEN,MF,Crystal Palace,26,1998,30.1,22,10,10,9,3,8,25,32.0,17,27,8,19,9,31,40,0
Sávio,BRA,"FW,MF",Manchester,City 20,2004,19.6,23,17,5,10,8,10,19,52.6,9,14,2,12,6,29,9,1
Kevin Schade,GER,FW,Brentford,22,2001,25.5,39,25,17,10,12,13,23,56.5,10,19,4,15,5,44,34,0
Fabian Schär,SUI,DF,Newcastle Utd,32,1991,32.6,36,21,16,18,2,14,35,40.0,21,38,25,13,45,81,138,3
Jeffrey Schlupp,GHA,"MF,DF",Crystal Palace,31,1992,1.1,2,0,1,0,1,0,3,0.0,3,6,0,6,0,2,2,0
Alex Scott,ENG,MF,Bournemouth,20,2003,8.4,27,14,11,8,8,19,42,45.2,23,17,4,13,10,37,15,0
Matz Sels,BEL,GK,Nott'ham Forest,32,1992,38.0,1,1,1,0,0,1,1,100.0,0,0,0,0,0,1,26,1
Nélson Semedo,POR,DF,Wolves,30,1993,32.1,62,36,32,21,9,34,57,59.6,23,32,10,22,23,85,104,3
Antoine Semenyo,GHA,FW,Bournemouth,24,2000,35.6,55,35,17,25,13,16,43,37.2,27,67,9,58,11,66,39,2
Marcos Senesi,ARG,DF,Bournemouth,27,1997,12.3,39,21,23,14,2,14,31,45.2,17,16,7,9,14,53,58,0
Ryan Sessegnon,ENG,"FW,DF",Fulham,24,2000,6.4,27,13,11,11,5,9,20,45.0,11,13,1,12,3,30,18,0
Luke Shaw,ENG,DF,Manchester Utd,29,1995,3.9,4,3,2,2,0,2,2,100.0,0,6,1,5,2,6,7,0
Zain Silcott-Duberry,MSR,FW,Bournemouth,19,2005,0.0,1,1,0,0,1,1,1,100.0,0,0,0,0,0,1,0,0
Bernardo Silva,POR,"MF,FW",Manchester City,29,1994,29.7,56,37,17,30,9,25,56,44.6,31,36,7,29,23,79,32,3
Jota Silva,POR,"FW,MF",Nott'ham Forest,24,1999,9.5,27,14,12,13,2,6,27,22.2,21,9,1,8,12,39,17,0
Jahmai Simpson-Pusey,ENG,DF,Manchester City,18,2005,1.1,1,0,1,0,0,0,1,0.0,1,1,1,0,0,1,2,0
Luis Sinisterra,COL,"FW,MF",Bournemouth,25,1999,2.6,7,2,3,2,2,0,4,0.0,4,3,0,3,1,8,8,0
Oliver Skipp,ENG,MF,Leicester City,23,2000,12.5,21,4,6,12,3,9,15,60.0,6,23,7,16,11,32,11,2
William Smallbone,IRL,MF,Southampton,24,2000,7.7,20,13,9,9,2,7,22,31.8,15,8,0,8,2,22,14,2
Adam Smith,ENG,DF,Bournemouth,33,1991,17.7,24,12,11,7,6,14,27,51.9,13,13,5,8,15,39,49,1
Emile Smith Rowe,ENG,MF,Fulham,24,2000,22.7,31,18,7,14,10,8,24,33.3,16,22,2,20,11,42,16,0
Dominic Solanke,ENG,FW,Tottenham,26,1997,24.5,18,11,1,12,5,4,16,25.0,12,20,9,11,1,19,23,0
Carlos Soler,ESP,"MF,FW",West Ham,27,1997,15.7,16,11,9,6,1,7,23,30.4,16,19,6,13,8,24,21,2
Ramón Sosa,PAR,"FW,MF",Nott'ham Forest,24,1999,3.3,5,3,3,0,2,1,5,20.0,4,9,0,9,4,9,5,0
Tomáš Souček,CZE,MF,West Ham,29,1995,28.5,46,21,20,23,3,26,44,59.1,18,41,21,20,20,66,85,1
Boubakary Soumaré,FRA,MF,Leicester City,25,1999,24.1,37,20,24,12,1,21,33,63.6,12,22,10,12,27,64,34,4
Djed Spence,ENG,DF,Tottenham,23,2000,19.9,47,34,25,15,7,23,30,76.7,7,28,9,19,21,68,74,2
Jack Stephens,ENG,DF,Southampton,30,1994,15.4,34,20,25,9,0,17,30,56.7,13,20,13,7,13,47,53,2
Raheem Sterling,ENG,"FW,MF",Arsenal,29,1994,5.5,9,4,1,3,5,5,10,50.0,5,3,0,3,1,10,4,0
Ross Stewart,SCO,FW,Southampton,28,1996,4.3,6,4,1,1,4,3,8,37.5,5,3,0,3,1,7,7,0
Jakub Stolarczyk,POL,GK,Leicester City,23,2000,10.0,2,1,2,0,0,1,2,50.0,1,0,0,0,0,2,6,1
Jørgen Strand Larsen,NOR,FW,Wolves,24,2000,28.7,10,6,2,3,5,4,27,14.8,23,19,4,15,6,16,29,0
Kamaldeen Sulemana,GHA,"FW,MF",Southampton,22,2002,15.6,22,17,9,5,8,10,15,66.7,5,16,4,12,6,28,9,0
Crysencio Summerville,NED,"FW,MF",West Ham,22,2001,8.7,13,7,2,8,3,3,9,33.3,6,13,4,9,0,13,7,0
Sammie Szmodics,IRL,"FW,MF",Ipswich Town,28,1995,11.0,16,10,4,10,2,7,26,26.9,19,10,2,8,6,22,14,0
Dominik Szoboszlai,HUN,MF,Liverpool,23,2000,27.7,38,20,14,19,5,17,45,37.8,28,39,5,34,9,47,19,2
Matt Targett,ENG,DF,Newcastle Utd,28,1995,0.2,0,0,0,0,0,0,1,0.0,1,0,0,0,1,1,1,0
James Tarkowski,ENG,DF,Everton,31,1992,32.5,64,40,39,22,3,24,39,61.5,15,57,42,15,41,105,213,4
Marcus Tavernier,ENG,"FW,MF",Bournemouth,25,1999,21.5,43,24,15,19,9,10,27,37.0,17,16,3,13,5,48,11,0
Charlie Taylor,ENG,DF,Southampton,30,1993,4.0,7,5,4,3,0,5,7,71.4,2,8,5,3,5,12,31,1
Jack Taylor,IRL,MF,Ipswich Town,26,1998,9.6,20,10,6,11,3,12,27,44.4,15,12,3,9,9,29,24,0
Mathys Tel,FRA,FW,Tottenham,19,2005,10.1,16,6,5,6,5,5,13,38.5,8,8,1,7,2,18,8,2
Kenny Tete,NED,DF,Fulham,28,1995,19.7,56,38,29,14,13,23,38,60.5,15,31,12,19,32,88,67,0
Thiago,BRA,"FW,MF",Brentford,23,2001,1.9,5,3,2,1,2,0,1,0.0,1,3,0,3,2,7,3,1
Luke Thomas,ENG,DF,Leicester City,23,2001,12.3,31,25,23,5,3,21,41,51.2,20,15,6,9,21,52,49,1
Youri Tielemans,BEL,MF,Aston Villa,27,1997,33.6,84,58,32,44,8,40,73,54.8,33,38,16,22,23,107,47,4
Jurriën Timber,NED,DF,Arsenal,23,2001,26.9,58,38,17,30,11,18,27,66.7,9,19,4,15,22,80,44,1
Jean-Clair Todibo,FRA,DF,West Ham,24,1999,20.3,47,28,30,15,2,26,36,72.2,10,25,13,12,26,73,83,3
Harry Toffolo,ENG,DF,Nott'ham Forest,28,1995,1.5,5,3,3,1,1,3,4,75.0,1,2,2,0,2,7,12,0
Sandro Tonali,ITA,MF,Newcastle Utd,24,2000,29.2,51,32,22,23,6,25,51,49.0,26,34,11,23,34,85,33,2
Pau Torres,ESP,DF,Aston Villa,27,1997,22.4,21,15,11,8,2,10,17,58.8,7,16,11,5,10,31,75,2
Conor Townsend,ENG,DF,Ipswich Town,31,1993,3.7,11,8,9,2,0,8,11,72.7,3,8,6,2,4,15,16,0
Adama Traoré,ESP,"FW,MF",Fulham,28,1996,19.7,20,13,9,6,5,5,13,38.5,8,7,0,7,1,21,6,4
Boubacar Traoré,MLI,MF,Wolves,22,2001,0.0,2,0,0,2,0,1,1,100.0,0,0,0,0,0,2,0,0
Kieran Trippier,ENG,DF,Newcastle Utd,33,1990,14.5,38,21,18,14,6,22,36,61.1,14,11,3,8,12,50,49,0
Leandro Trossard,BEL,FW,Arsenal,29,1994,28.3,31,20,6,16,9,12,34,35.3,22,32,0,32,9,40,18,0
Kostas Tsimikas,GRE,DF,Liverpool,28,1996,9.3,31,20,15,11,5,14,23,60.9,9,5,2,3,11,42,20,0
Axel Tuanzebe,COD,DF,Ipswich Town,26,1997,19.0,31,19,21,4,6,17,26,65.4,9,21,10,11,23,54,56,1
Destiny Udogie,ITA,DF,Tottenham,21,2002,21.4,75,47,42,26,7,33,48,68.8,15,40,6,34,22,97,36,1
Manuel Ugarte Ribeiro,URU,MF,Manchester Utd,23,2001,19.8,77,49,34,34,9,30,68,44.1,38,33,4,29,27,104,17,2
Lesley Ugochukwu,FRA,MF,Southampton,20,2004,18.4,50,24,16,30,4,18,36,50.0,18,27,10,17,14,64,23,2
Enes Ünal,TUR,"FW,MF",Bournemouth,27,1997,3.8,1,0,0,0,1,0,3,0.0,3,1,0,1,0,1,6,0
Virgil van Dijk,NED,DF,Liverpool,33,1991,37.0,38,20,17,19,2,13,22,59.1,9,27,16,11,56,94,190,4
Jamie Vardy,ENG,FW,Leicester City,37,1987,31.4,19,13,7,7,5,4,13,30.8,9,8,4,4,5,24,24,0
Joël Veltman,NED,DF,Brighton,32,1992,18.9,43,29,24,16,3,31,52,59.6,21,22,7,15,19,62,66,0
Bart Verbruggen,NED,GK,Brighton,21,2002,36.0,0,0,0,0,0,0,3,0.0,3,1,0,1,0,0,29,5
Jannik Vestergaard,DEN,DF,Leicester City,31,1992,15.5,22,10,16,6,0,9,15,60.0,6,21,14,7,16,38,74,1
Carlos Vinícius,BRA,"MF,FW",Fulham,29,1995,0.2,0,0,0,0,0,0,1,0.0,1,1,0,1,0,0,0,0
Kyle Walker,ENG,DF,Manchester City,34,1990,10.8,17,10,7,7,3,14,26,53.8,12,13,4,9,3,20,13,1
Kyle Walker-Peters,ENG,DF,Southampton,27,1997,32.4,44,29,22,15,7,16,35,45.7,19,27,15,12,19,63,90,1
Christian Walton,ENG,GK,Ipswich Town,28,1995,7.0,0,0,0,0,0,0,1,0.0,1,0,0,0,0,0,2,1
Aaron Wan-Bissaka,ENG,DF,West Ham,26,1997,35.0,70,49,33,32,5,23,32,71.9,9,37,11,26,66,136,125,0
James Ward-Prowse,ENG,MF,West Ham,29,1994,11.5,20,14,8,8,4,7,19,36.8,12,6,3,3,8,28,15,0
James Ward-Prowse,ENG,MF,Nott'ham Forest,29,1994,4.4,4,1,1,3,0,2,2,100.0,0,3,2,1,5,9,8,0
Ollie Watkins,ENG,FW,Aston Villa,28,1995,28.9,10,7,0,6,4,3,11,27.3,8,11,3,8,8,18,15,2
Adam Webster,ENG,DF,Brighton,29,1995,9.9,10,6,5,4,1,6,14,42.9,8,16,9,7,20,30,41,2
Danny Welbeck,ENG,FW,Brighton,33,1990,23.5,26,16,6,15,5,8,20,40.0,12,19,4,15,5,31,14,0
Welington,BRA,DF,Southampton,23,2001,5.4,21,9,15,5,1,12,19,63.2,7,5,1,4,7,28,36,0
Timo Werner,GER,"FW,MF",Tottenham,28,1996,5.7,6,4,3,3,0,3,13,23.1,10,10,1,9,1,7,7,0
Adam Wharton,ENG,MF,Crystal Palace,20,2004,14.6,34,14,14,16,4,17,44,38.6,27,11,2,9,20,54,27,0
Ben White,ENG,DF,Arsenal,26,1997,13.3,20,14,10,4,6,16,38,42.1,22,10,8,2,16,36,44,0
Neco Williams,WAL,DF,Nott'ham Forest,23,2001,28.8,90,57,63,19,8,53,86,61.6,33,42,10,32,31,121,137,3
Willian,BRA,"FW,MF",Fulham,35,1988,2.9,4,2,0,3,1,2,6,33.3,4,0,0,0,1,5,1,0
Joe Willock,ENG,"MF,FW",Newcastle Utd,24,1999,12.1,30,17,15,12,3,18,31,58.1,13,24,6,18,6,36,7,0
Callum Wilson,ENG,FW,Newcastle Utd,32,1992,4.1,2,2,0,1,1,0,2,0.0,2,2,0,2,1,3,1,0
Harry Wilson,WAL,"FW,MF",Fulham,27,1997,12.9,20,14,13,3,4,12,18,66.7,6,15,1,14,7,27,10,1
Harry Winks,ENG,MF,Leicester City,28,1996,17.1,24,11,12,10,2,13,30,43.3,17,19,7,12,9,33,20,0
Ben Winterburn,ENG,"MF,FW",Bournemouth,19,2004,0.3,0,0,0,0,0,0,1,0.0,1,0,0,0,2,2,0,0
Yoane Wissa,COD,FW,Brentford,27,1996,32.4,22,12,6,8,8,11,27,40.7,16,29,8,21,8,30,21,3
Chris Wood,NZL,FW,Nott'ham Forest,32,1991,32.9,6,5,2,2,2,3,11,27.3,8,12,7,5,5,11,29,1
Nathan Wood-Gordon,ENG,DF,Southampton,22,2002,8.6,14,8,8,5,1,8,11,72.7,3,9,6,3,5,19,39,2
Luke Woolfenden,ENG,DF,Ipswich Town,25,1998,13.2,9,6,5,4,0,2,5,40.0,3,21,14,7,19,28,76,0
Yehor Yarmoliuk,UKR,MF,Brentford,20,2004,16.1,49,28,21,21,7,28,55,50.9,27,26,9,17,13,62,33,0
Ryan Yates,ENG,MF,Nott'ham Forest,26,1997,21.3,42,21,24,14,4,17,37,45.9,20,38,10,28,26,68,61,1
Leny Yoro,FRA,DF,Manchester Utd,18,2005,12.9,29,11,19,9,1,13,19,68.4,6,5,3,2,18,47,43,0
Ashley Young,ENG,DF,Everton,39,1985,20.8,58,33,25,25,8,35,57,61.4,22,14,4,10,25,83,64,2
Illia Zabarnyi,UKR,DF,Bournemouth,21,2002,34.5,52,36,31,20,1,34,50,68.0,16,33,20,13,41,93,182,2
Joshua Zirkzee,NED,"FW,MF",Manchester Utd,23,2001,15.6,14,8,3,8,3,5,10,50.0,5,15,4,11,6,20,8,1
Martin Ødegaard,NOR,MF,Arsenal,25,1998,25.8,19,11,9,7,3,4,25,16.0,21,5,0,5,6,25,6,1
Rodrigo Abajas,ESP,DF,Valencia,21,2003,0.7,3,2,2,1,0,3,3,100.0,0,1,0,1,1,4,0,0
Abel,ESP,DF,Osasuna,23,2000,23.0,61,37,28,25,8,39,63,61.9,24,29,4,25,18,79,64,2
Nabil Aberdin,FRA,MF,Getafe,21,2002,2.9,6,4,3,3,0,1,1,100.0,0,3,0,3,0,6,5,0
Abdel Abqar,MAR,DF,Alavés,25,1999,27.4,36,23,24,11,1,20,34,58.8,14,28,18,10,39,75,146,1
Adrián,ESP,GK,Betis,37,1987,19.0,0,0,0,0,0,0,3,0.0,3,0,0,0,0,0,14,3
Julen Agirrezabala,ESP,GK,Athletic Club,23,2000,13.4,0,0,0,0,0,0,1,0.0,1,0,0,0,0,0,4,0
Lucien Agoume,FRA,MF,Sevilla,22,2002,23.5,70,32,23,37,10,27,39,69.2,12,30,11,19,41,111,42,0
Álvaro Aguado,ESP,MF,Espanyol,28,1996,4.9,5,2,3,2,0,3,9,33.3,6,7,1,6,4,9,5,1
Nayef Aguerd,MAR,DF,Real Sociedad,28,1996,19.6,30,24,17,12,1,12,18,66.7,6,21,15,6,13,43,91,0
Joseph Aidoo,GHA,DF,Valladolid,28,1995,6.5,5,5,3,2,0,2,3,66.7,1,8,4,4,5,10,26,1
Ilias Akhomach,MAR,"MF,FW",Villarreal,20,2004,6.5,12,7,4,4,4,6,12,50.0,6,8,0,8,3,15,13,0
Ibrahim Alani,NGA,MF,Valladolid,18,2006,1.8,12,7,8,4,0,4,6,66.7,2,3,1,2,1,13,1,0
Raúl Albiol,ESP,DF,Villarreal,38,1985,13.2,10,9,9,1,0,6,10,60.0,4,10,9,1,6,16,69,1
Omar Alderete,PAR,DF,Getafe,27,1996,33.0,43,29,30,11,2,20,30,66.7,10,38,22,16,40,83,241,1
Carles Aleñá,ESP,"MF,FW",Getafe,26,1998,5.0,6,3,2,3,1,4,13,30.8,9,9,1,8,0,6,7,0
Carles Aleñá,ESP,"MF,FW",Alavés,26,1998,12.1,19,12,6,7,6,7,17,41.2,10,11,0,11,2,21,4,0
Alfon,ESP,"FW,MF",Celta,Vigo 25,1999,15.2,8,3,3,2,3,4,12,33.3,8,8,0,8,5,13,5,1
Iker Almena,ESP,"FW,DF",Girona,20,2004,0.5,0,0,0,0,0,0,1,0.0,1,1,0,1,0,0,2,0
Marcos Alonso,ESP,DF,Celta Vigo,33,1990,29.4,35,21,19,13,3,25,44,56.8,19,22,7,15,34,69,126,4
Sergi Altimira,ESP,MF,Betis,22,2001,21.9,61,37,17,38,6,36,60,60.0,24,28,1,27,24,85,43,3
Hugo Álvarez,ESP,"MF,DF",Celta Vigo,21,2003,17.5,26,9,12,10,4,10,19,52.6,9,19,2,17,8,34,29,1
Julián Álvarez,ARG,FW,Atlético Madrid,24,2000,27.9,25,17,5,11,9,8,30,26.7,22,14,0,14,2,27,12,1
Yeray Álvarez,ESP,DF,Athletic Club,29,1995,19.8,25,13,14,9,2,15,22,68.2,7,10,6,4,34,59,129,1
Selim Amallah,MAR,MF,Valladolid,27,1996,15.3,30,18,10,18,2,10,18,55.6,8,24,2,22,14,44,5,1
Amath,SEN,"FW,DF",Valladolid,28,1996,4.2,2,0,2,0,0,1,8,12.5,7,7,1,6,2,4,6,0
Marcos André,BRA,FW,Valladolid,27,1996,13.2,10,6,3,5,2,5,13,38.5,8,18,2,16,3,13,10,0
Antoniu,ESP,"FW,MF",Espanyol,21,2002,11.4,21,10,9,8,4,9,21,42.9,12,14,2,12,8,29,11,1
Antony,BRA,FW,Betis,24,2000,15.1,25,11,6,9,10,8,22,36.4,14,12,1,11,10,35,9,1
Anuar,MAR,"MF,FW",Valladolid,29,1995,19.1,38,27,21,12,5,15,28,53.6,13,24,8,16,18,56,26,1
Aritz Arambarri,ESP,DF,Leganés,26,1998,2.0,1,1,1,0,0,1,1,100.0,0,2,2,0,3,4,8,0
Mauro Arambarri,URU,MF,Getafe,28,1995,29.6,48,29,10,33,5,22,48,45.8,26,35,6,29,15,63,46,0
Jon Aramburu,VEN,DF,Real Sociedad,22,2002,27.3,102,70,61,30,11,66,100,66.0,34,40,8,32,30,132,98,0
Ronald Araújo,URU,DF,Barcelona,25,1999,8.4,12,9,6,5,1,4,5,80.0,1,6,4,2,9,21,25,0
Adu Ares,ESP,FW,Athletic Club,22,2001,0.2,0,0,0,0,0,0,1,0.0,1,0,0,0,0,0,0,0
Jesús Areso,ESP,DF,Osasuna,25,1999,34.2,53,38,31,14,8,39,56,69.6,17,26,4,22,8,61,92,0
José Arnaiz,ESP,"FW,MF",Osasuna,29,1995,1.5,7,5,3,3,1,4,7,57.1,3,2,0,2,5,12,1,0
Sergio Arribas,ESP,DF,Betis,21,2003,1.0,7,4,4,3,0,6,7,85.7,1,2,2,0,3,10,4,0
Takuma Asano,JPN,"FW,MF",Mallorca,29,1994,11.7,13,9,5,7,1,6,11,54.5,5,7,0,7,6,19,9,0
Raúl Asencio,ESP,DF,Real Madrid,21,2003,18.6,22,16,18,4,0,10,13,76.9,3,11,6,5,16,38,88,2
Iago Aspas,ESP,"FW,MF",Celta Vigo,36,1987,19.4,13,8,4,5,4,8,20,40.0,12,18,1,17,8,21,5,0
Yaser Asprilla,COL,"FW,MF",Girona,20,2003,15.6,22,12,6,8,8,8,23,34.8,15,14,0,14,7,29,7,1
Ezequiel Ávila,ARG,FW,Betis,30,1994,7.5,8,3,2,2,4,4,10,40.0,6,4,0,4,2,10,8,0
Adam Aznou,MAR,DF,Valladolid,18,2006,9.7,28,21,20,8,0,21,43,48.8,22,24,8,16,10,38,30,0
César Azpilicueta,ESP,DF,Atlético Madrid,34,1989,9.7,25,14,12,9,4,17,23,73.9,6,10,2,8,5,30,32,0
Loïc Bade,FRA,DF,Sevilla,24,2000,29.8,47,27,37,10,0,23,31,74.2,8,22,13,9,29,76,162,2
Alex Baena,ESP,"MF,FW",Villarreal,23,2001,28.8,28,15,6,14,8,10,39,25.6,29,29,2,27,22,50,22,2
Juma Bah,SLE,DF,Valladolid,18,2006,9.6,10,7,7,3,0,3,5,60.0,2,15,8,7,12,22,60,0
Eric Bailly,CIV,DF,Villarreal,30,1994,6.9,12,4,6,6,0,3,4,75.0,1,12,6,6,6,18,29,0
Stefan Bajcetic,ESP,"MF,DF",Las Palmas,19,2004,10.8,29,14,13,13,3,12,28,42.9,16,25,4,21,15,44,26,1
Cédric Bakambu,COD,FW,Betis,33,1991,7.9,6,4,0,5,1,3,7,42.9,4,13,2,11,0,6,5,0
Alejandro Balde,ESP,DF,Barcelona,20,2003,25.4,18,10,10,5,3,11,17,64.7,6,24,5,19,5,23,27,0
Iván Balliu,ALB,DF,Rayo Vallecano,32,1992,13.3,17,14,8,5,4,6,18,33.3,12,16,4,12,13,30,39,0
Jonathan Bamba,CIV,"FW,MF",Celta Vigo,28,1996,9.0,12,7,4,6,2,5,12,41.7,7,6,0,6,5,17,6,0
Kike Barja,ESP,"FW,MF",Osasuna,27,1997,3.5,5,4,1,3,1,2,4,50.0,2,5,0,5,3,8,4,0
Enzo Barrenechea,ARG,MF,Valencia,23,2001,24.3,57,30,22,29,6,32,46,69.6,14,30,8,22,28,85,48,1
Ander Barrenetxea,ESP,"MF,FW",Real Sociedad,22,2001,14.0,26,19,7,14,5,6,23,26.1,17,15,0,15,11,37,16,1
Pablo Barrios,ESP,MF,Atlético Madrid,21,2003,25.9,46,26,23,20,3,23,47,48.9,24,18,5,13,34,80,33,9
Thierno Barry,FRA,FW,Villarreal,21,2002,25.8,11,8,2,5,4,4,10,40.0,6,15,2,13,0,11,19,0
Marc Bartra,ESP,DF,Betis,33,1991,23.3,33,19,20,13,0,15,26,57.7,11,41,25,16,33,66,148,0
Augusto Batalla,ARG,GK,Rayo Vallecano,28,1996,32.0,4,2,4,0,0,4,6,66.7,2,0,0,0,0,4,15,4
Rafael Bauza,ESP,MF,Espanyol,19,2005,2.0,5,3,3,1,1,4,7,57.1,3,3,1,2,0,5,5,0
Sheraldo Becker,SUR,"FW,MF",Real Sociedad,29,1995,11.1,3,2,0,3,0,0,2,0.0,2,4,0,4,1,4,10,0
Luken Beitia,ESP,DF,Real Sociedad,20,2004,0.1,1,1,1,0,0,1,1,100.0,0,0,0,0,0,1,2,0
Ismael Bekhoucha,MAR,"MF,DF",Getafe,19,2004,0.8,1,1,1,0,0,1,2,50.0,1,2,1,1,2,3,2,0
Héctor Bellerín,ESP,DF,Betis,29,1995,6.4,13,7,7,4,2,10,17,58.8,7,5,3,2,6,19,21,0
Jude Bellingham,ENG,MF,Real Madrid,21,2003,27.6,61,33,20,27,14,28,42,66.7,14,37,2,35,28,89,23,1
Fran Beltrán,ESP,MF,Celta Vigo,25,1999,26.9,50,35,24,21,5,24,56,42.9,32,26,6,20,26,76,34,4
Carlos Benavídez,URU,MF,Alavés,26,1998,5.4,19,14,10,6,3,6,11,54.5,5,5,2,3,8,27,14,1
Iker Benito,ESP,"FW,MF",Osasuna,21,2002,0.4,0,0,0,0,0,0,1,0.0,1,0,0,0,1,1,2,0
Yuri Berchiche,ESP,DF,Athletic Club,34,1990,22.7,33,21,19,11,3,19,33,57.6,14,25,5,20,27,60,72,3
Álex Berenguer,ESP,"FW,MF",Athletic Club,29,1995,26.0,32,16,6,16,10,14,31,45.2,17,23,2,21,10,42,18,0
Marc Bernal,ESP,MF,Barcelona,17,2007,2.7,8,6,2,5,1,7,8,87.5,1,5,1,4,1,9,4,0
Juan Bernat,ESP,"MF,DF",Getafe,31,1993,7.8,19,13,9,5,5,7,12,58.3,5,9,3,6,2,21,12,0
Juan Berrocal,ESP,DF,Getafe,25,1999,11.8,14,7,10,4,0,10,14,71.4,4,6,3,3,15,29,59,0
Antonio Blanco,ESP,MF,Alavés,24,2000,30.3,67,40,23,37,7,32,83,38.6,51,30,7,23,42,109,48,1
Daley Blind,NED,DF,Girona,34,1990,30.9,49,27,26,19,4,31,48,64.6,17,32,9,23,32,81,94,2
Enzo Boyomo,CMR,DF,Osasuna,22,2001,33.2,68,43,46,18,4,30,39,76.9,9,34,19,15,44,112,137,3
Enzo Boyomo,CMR,DF,Valladolid,22,2001,3.0,6,2,4,2,0,3,3,100.0,0,4,3,1,1,7,7,0
Darko Brašanac,SRB,MF,Leganés,32,1992,18.0,26,11,5,15,6,9,17,52.9,8,24,11,13,16,42,34,0
Tajon Buchanan,CAN,MF,Villarreal,25,1999,4.6,10,5,6,4,0,6,9,66.7,3,6,0,6,1,11,1,0
Ante Budimir,CRO,FW,Osasuna,33,1991,32.8,20,9,3,11,6,3,13,23.1,10,19,4,15,2,22,26,0
Manu Bueno,ESP,"MF,FW",Sevilla,20,2004,1.6,4,3,0,1,3,1,2,50.0,1,0,0,0,0,4,2,0
Endika Buján,ESP,FW,Athletic Club,21,2003,0.1,0,0,0,0,0,0,1,0.0,1,0,0,0,0,0,0,0
Pau Cabanes,ESP,"MF,FW",Villarreal,19,2005,1.8,4,4,0,3,1,3,4,75.0,1,5,0,5,3,7,2,1
Pau Cabanes,ESP,"MF,FW",Alavés,19,2005,2.1,8,2,4,3,1,6,13,46.2,7,2,0,2,0,8,1,0
Leandro Cabrera,URU,DF,Espanyol,33,1991,31.9,40,23,29,8,3,19,33,57.6,14,35,25,10,30,70,199,2
Eduardo Camavinga,FRA,"MF,DF",Real Madrid,21,2002,12.2,42,26,23,16,3,19,33,57.6,14,24,8,16,18,60,23,0
Sergio Camello,ESP,FW,Rayo Vallecano,23,2001,12.6,9,3,2,5,2,4,6,66.7,2,8,1,7,4,13,16,0
José Campaña,ESP,MF,Las Palmas,31,1993,13.2,21,16,8,11,2,11,20,55.0,9,9,1,8,19,40,19,2
Peio Canales,ESP,"MF,FW",Athletic Club,19,2005,2.9,3,2,0,1,2,1,1,100.0,0,3,0,3,2,5,2,0
Antonio Candela,ITA,DF,Valladolid,24,2000,10.1,9,6,6,2,1,4,11,36.4,7,11,6,5,6,15,33,0
Sergi Canós,ESP,"MF,FW",Valencia,27,1997,4.1,11,7,3,4,4,4,10,40.0,6,6,1,5,5,16,5,0
Irvin Cardona,FRA,"FW,MF",Espanyol,26,1997,6.7,8,5,2,4,2,6,16,37.5,10,5,1,4,4,12,10,0
Marc Cardona,ESP,"FW,DF",Las Palmas,29,1995,1.5,4,2,1,3,0,0,1,0.0,1,0,0,0,0,4,0,0
Sergi Cardona,ESP,DF,Villarreal,25,1999,32.7,71,48,44,20,7,49,79,62.0,30,52,7,45,40,111,122,1
Johnny Cardoso,USA,MF,Betis,22,2001,23.8,55,31,12,35,8,20,52,38.5,32,27,12,15,48,103,64,1
Carmona,ESP,DF,Sevilla,22,2002,32.7,83,59,53,21,9,41,77,53.2,36,37,11,26,68,151,92,3
Sergio Carreira,ESP,"MF,DF",Celta Vigo,23,2000,18.4,28,16,16,6,6,14,26,53.8,12,20,2,18,17,45,37,0
Dani Carvajal,ESP,DF,Real Madrid,32,1992,6.8,12,8,7,3,2,9,12,75.0,3,8,3,5,10,22,19,1
William Carvalho,POR,MF,Betis,32,1992,5.4,9,6,3,6,0,4,6,66.7,2,6,2,4,3,12,6,0
Marc Casado,ESP,MF,Barcelona,20,2003,17.9,44,25,7,30,7,20,41,48.8,21,20,5,15,22,66,22,1
Catena,ESP,DF,Osasuna,29,1994,34.2,46,28,34,10,2,27,44,61.4,17,40,25,15,35,81,221,2
Maximiliano Caufriez,BEL,DF,Valencia,27,1997,1.0,1,1,1,0,0,1,1,100.0,0,2,1,1,1,2,4,0
Dani Ceballos,ESP,MF,Real Madrid,27,1996,13.5,41,21,17,18,6,20,40,50.0,20,16,4,12,14,55,10,2
Franco Cervi,ARG,"FW,MF",Celta Vigo,30,1994,3.0,8,3,2,6,0,3,8,37.5,5,4,0,4,8,16,7,0
Raúl Chasco,ESP,DF,Valladolid,20,2003,1.4,4,1,3,1,0,2,4,50.0,2,1,0,1,2,6,2,0
Walid Cheddira,MAR,FW,Espanyol,26,1998,7.1,5,0,1,1,3,0,1,0.0,1,4,0,4,1,6,6,0
Julián Chicco,ARG,"MF,DF",Leganés,26,1998,3.4,11,7,3,6,2,5,8,62.5,3,2,0,2,4,15,10,0
Chiquinho,POR,"MF,FW",Mallorca,24,2000,1.6,1,0,0,1,0,0,7,0.0,7,3,0,3,2,3,0,0
Andreas Christensen,DEN,DF,Barcelona,28,1996,2.8,6,4,4,1,1,4,4,100.0,0,2,0,2,4,10,9,0
Jasper Cillessen,NED,GK,Las Palmas,35,1989,25.9,1,0,1,0,0,1,4,25.0,3,0,0,0,0,1,11,2
Pathé Ciss,SEN,"MF,DF",Rayo Vallecano,30,1994,23.8,49,24,26,22,1,20,41,48.8,21,31,10,21,40,89,61,3
Seydouba Cissé,GUI,MF,Leganés,23,2001,27.1,59,37,18,27,14,23,50,46.0,27,25,1,24,12,71,45,1
Silvi Clúa,ESP,MF,Girona,19,2005,1.8,8,7,4,3,1,4,6,66.7,2,1,0,1,2,10,6,0
Santi Comesaña,ESP,MF,Villarreal,27,1996,28.4,85,49,44,32,9,42,76,55.3,34,56,22,34,19,104,56,1
Diego Conde,ESP,GK,Villarreal,25,1998,21.8,2,2,2,0,0,2,4,50.0,2,0,0,0,1,3,9,2
Tomás Conechny,ARG,"FW,MF",Alavés,26,1998,9.4,15,12,6,7,2,9,27,33.3,18,14,2,12,6,21,10,0
Copete,ESP,DF,Mallorca,24,1999,17.0,29,17,18,10,1,11,12,91.7,1,24,16,8,17,46,123,2
Ángel Correa,ARG,"FW,MF",Atlético Madrid,29,1995,8.9,9,3,4,1,4,5,15,33.3,10,10,0,10,4,13,8,0
Thierry Correia,POR,DF,Valencia,25,1999,8.5,27,18,19,5,3,13,23,56.5,10,10,1,9,4,31,18,0
Coba da Costa,ESP,"MF,FW",Getafe,22,2002,11.2,29,13,9,16,4,13,26,50.0,13,24,0,24,8,37,10,0
Logan Costa,CPV,DF,Villarreal,23,2001,28.7,38,21,25,12,1,24,29,82.8,5,25,14,11,21,59,115,2
Samu Costa,POR,MF,Mallorca,23,2000,29.4,90,44,45,42,3,35,79,44.3,44,48,15,33,32,122,85,1
Juan Cruz Armada,ESP,DF,Osasuna,32,1992,16.6,26,14,11,13,2,15,24,62.5,9,15,4,11,9,35,68,0
Juan Cruz,ESP,"FW,MF",Leganés,24,2000,25.1,32,19,14,16,2,17,35,48.6,18,18,2,16,13,45,31,0
Pau Cubarsí,ESP,DF,Barcelona,17,2007,29.1,34,23,21,10,3,19,30,63.3,11,12,9,3,16,50,86,1
Cucho,COL,FW,Betis,25,1999,12.7,15,10,2,5,8,6,11,54.5,5,13,1,12,7,22,4,0
Arnaut Danjuma,NED,FW,Villarreal,27,1997,2.2,2,1,0,1,1,0,1,0.0,1,1,0,1,0,2,0,0
Arnaut Danjuma,NED,"FW,MF",Girona,27,1997,14.8,8,6,3,3,2,2,7,28.6,5,5,1,4,2,10,4,0
Sergi Darder,ESP,"MF,FW",Mallorca,30,1993,30.5,40,26,15,16,9,17,46,37.0,29,19,1,18,16,56,23,1
Rodrigo De Paul,ARG,MF,Atlético Madrid,30,1994,23.4,33,26,12,16,5,14,33,42.4,19,25,2,23,6,39,15,3
Mouctar Diakhaby,GUI,DF,Valencia,27,1996,7.3,8,3,8,0,0,4,6,66.7,2,8,6,2,11,19,56,0
Assane Diao,SEN,FW,Betis,18,2005,3.1,5,3,1,3,1,4,9,44.4,5,3,0,3,0,5,3,0
Moussa Diarra,MLI,DF,Alavés,23,2000,20.7,40,24,19,18,3,17,29,58.6,12,15,5,10,21,61,46,1
Brahim Díaz,MAR,"FW,MF",Real Madrid,24,1999,15.4,25,19,9,13,3,7,19,36.8,12,16,1,15,4,29,2,1
Pedro Díaz,ESP,MF,Rayo Vallecano,26,1998,13.5,23,15,7,14,2,14,41,34.1,27,16,0,16,7,30,7,1
Diego,ESP,FW,Leganés,24,2000,13.3,1,1,0,0,1,1,7,14.3,6,4,1,3,2,3,11,0
Yan Diomandé,CIV,"MF,FW",Leganés,17,2006,6.1,14,9,1,8,5,5,15,33.3,10,8,0,8,8,22,6,0
Álvaro djaló,ESP,FW,Athletic Club,24,1999,7.3,8,5,3,2,3,1,3,33.3,2,4,0,4,1,9,4,0
Marko Dmitrović,SRB,GK,Leganés,32,1992,32.0,1,1,1,0,0,1,2,50.0,1,0,0,0,0,1,27,3
Marc Domenech,ESP,"FW,MF",Mallorca,18,2006,3.4,4,4,2,1,1,2,5,40.0,3,2,0,2,0,4,2,0
Carlos Dominguez,ESP,DF,Celta Vigo,23,2001,13.1,23,11,14,9,0,15,21,71.4,6,16,11,5,13,36,80,1
Anastasios Douvikas,GRE,FW,Celta Vigo,24,1999,7.8,9,4,2,6,1,3,6,50.0,3,5,2,3,3,12,6,0
Domingos Duarte,POR,DF,Getafe,29,1995,20.7,28,15,22,4,2,17,21,81.0,4,28,16,12,18,46,152,1
Duk,CPV,"MF,FW",Leganés,24,2000,2.0,8,4,3,3,2,3,5,60.0,2,4,0,4,1,9,2,0
Pablo Durán,ESP,"FW,MF",Celta Vigo,23,2001,15.5,17,9,4,7,6,5,16,31.3,11,12,3,9,8,25,18,0
Hugo Duro,ESP,FW,Valencia,24,1999,24.1,13,8,4,7,2,5,13,38.5,8,11,2,9,10,23,11,0
Chidera Ejuke,NGA,FW,Sevilla,26,1998,10.7,19,13,8,9,2,9,20,45.0,11,12,0,12,5,24,8,0
Aritz Elustondo,ESP,DF,Real Sociedad,30,1994,16.2,20,11,15,3,2,11,19,57.9,8,17,12,5,11,31,96,0
Adri Embarba,ESP,"FW,MF",Rayo Vallecano,32,1992,17.9,41,20,17,17,7,18,47,38.3,29,18,1,17,13,54,14,2
Endrick,BRA,FW,Real,Madrid 18,2006,4.0,1,1,1,0,0,1,3,33.3,2,0,0,0,4,5,1,0
Alfonso Espino,URU,DF,Rayo Vallecano,32,1992,9.3,41,24,31,8,2,26,47,55.3,21,19,6,13,12,53,32,1
Dario Essugo,POR,MF,Las Palmas,19,2005,21.5,59,45,28,26,5,28,46,60.9,18,28,11,17,42,101,47,7
Etienne Eto'o,CMR,FW,Rayo Vallecano,21,2002,0.4,0,0,0,0,0,0,1,0.0,1,0,0,0,0,0,1,0
Karl Etta,CMR,"MF,FW",Villarreal,20,2003,0.4,0,0,0,0,0,0,1,0.0,1,1,0,1,0,0,0,0
Edu Expósito,ESP,MF,Espanyol,27,1996,11.6,23,13,9,13,1,9,23,39.1,14,3,0,3,15,38,21,2
Abde Ezzalzouli,MAR,"FW,MF",Betis,22,2001,22.0,37,25,17,16,4,15,27,55.6,12,22,3,19,7,44,19,0
Ansu Fati,ESP,FW,Barcelona,21,2002,2.6,4,1,0,2,2,1,2,50.0,1,1,0,1,1,5,0,1
Nabil Fekir,FRA,MF,Betis,31,1993,2.0,3,2,1,1,1,1,2,50.0,1,2,0,2,0,3,0,0
Kiko Femenía,ESP,DF,Villarreal,33,1991,24.7,50,34,34,14,2,33,57,57.9,24,21,10,11,40,90,62,3
Álvaro Fernández,ESP,GK,Sevilla,26,1998,8.3,0,0,0,0,0,0,1,0.0,1,0,0,0,0,0,7,0
Roberto Férnandez,ESP,FW,Espanyol,22,2002,16.6,4,4,2,1,1,0,5,0.0,5,9,1,8,3,7,26,0
Valery Fernández,ESP,"MF,FW",Mallorca,24,1999,3.4,8,7,3,2,3,5,7,71.4,2,3,1,2,0,8,1,0
Mateo Flores,ESP,MF,Betis,20,2004,1.7,3,1,3,0,0,1,1,100.0,0,1,0,1,2,5,3,0
Pablo Fornals,ESP,"MF,FW",Betis,28,1996,20.3,21,13,12,6,3,10,30,33.3,20,24,4,20,23,44,15,1
Héctor Fort,ESP,DF,Barcelona,17,2006,6.5,13,8,6,4,3,10,16,62.5,6,12,0,12,6,19,16,0
Dimitri Foulquier,FRA,DF,Valencia,31,1993,25.5,48,31,29,13,6,24,36,66.7,12,21,5,16,16,64,86,1
Juan Foyth,ARG,DF,Villarreal,26,1998,16.9,25,15,15,6,4,11,16,68.8,5,26,17,9,19,44,119,3
Alejandro Francés,ESP,DF,Girona,21,2002,13.0,36,24,22,13,1,28,40,70.0,12,17,8,9,17,53,52,0
Jorge de Frutos,ESP,"FW,MF",Rayo Vallecano,27,1997,27.7,37,21,16,13,8,14,46,30.4,32,22,0,22,19,56,24,1
Manuel Fuster,ESP,"FW,MF",Las Palmas,26,1997,11.1,19,11,5,8,6,15,28,53.6,13,13,3,10,4,23,17,0
Javi Galán,ESP,DF,Atlético Madrid,29,1994,19.8,51,31,31,15,5,25,49,51.0,24,13,3,10,12,63,47,0
Conor Gallagher,ENG,MF,Atlético Madrid,24,2000,18.1,45,32,16,19,10,22,49,44.9,27,23,5,18,20,65,23,0
Facundo Garcés,MAS,DF,Alavés,24,1999,7.5,6,2,4,2,0,3,5,60.0,2,8,6,2,5,11,51,0
Álvaro García,ESP,"FW,MF",Rayo Vallecano,31,1992,28.4,33,24,19,8,6,12,31,38.7,19,31,0,31,32,65,42,1
Fran Garcia,ESP,DF,Real Madrid,24,1999,24.1,51,36,29,16,6,28,51,54.9,23,27,5,22,28,79,67,1
Joan García,ESP,GK,Espanyol,23,2001,38.0,0,0,0,0,0,0,1,0.0,1,1,0,1,0,0,18,4
Rubén García,ESP,"FW,MF",Osasuna,31,1993,26.8,52,31,20,21,11,26,60,43.3,34,37,3,34,15,67,34,1
Yarek Gasiorowski,ESP,DF,Valencia,19,2005,10.5,19,16,16,3,0,9,13,69.2,4,17,6,11,26,45,60,0
Gavi,ESP,"MF,FW",Barcelona,19,2004,12.1,30,21,10,15,5,15,26,57.7,11,14,1,13,10,40,7,0
Paulo Gazzaniga,ARG,GK,Girona,32,1992,35.5,1,1,1,0,0,1,1,100.0,0,1,0,1,0,1,17,3
Bryan Gil,ESP,"FW,MF",Girona,23,2001,19.1,34,20,10,15,9,14,30,46.7,16,24,0,24,10,44,9,4
Moi Gómez,ESP,"MF,FW",Osasuna,30,1994,8.8,13,9,4,7,2,4,8,50.0,4,5,2,3,6,19,7,1
Sergi Gómez,ESP,DF,Espanyol,32,1992,7.4,8,5,7,1,0,2,3,66.7,1,12,8,4,7,15,38,0
Sergio Gómez,ESP,"MF,DF",Real Sociedad,23,2000,30.4,71,39,30,29,12,30,56,53.6,26,44,3,41,19,90,30,2
Unai Gómez,ESP,"MF,FW",Athletic Club,21,2003,14.3,12,8,3,7,2,4,7,57.1,3,13,1,12,2,14,15,1
Fabio González,ESP,MF,Las Palmas,27,1997,0.6,0,0,0,0,0,0,1,0.0,1,0,0,0,0,0,0,0
Peter González,DOM,"MF,FW",Getafe,22,2002,5.3,11,6,2,5,4,6,9,66.7,3,8,0,8,2,13,5,0
Urko González,ESP,MF,Espanyol,23,2001,15.3,46,28,24,21,1,28,44,63.6,16,27,12,15,8,54,39,1
Andoni Gorosabel,ESP,DF,Athletic Club,27,1996,16.5,47,28,31,9,7,30,45,66.7,15,18,2,16,18,65,62,0
José Gragera,ESP,MF,Espanyol,23,2000,6.3,25,16,11,14,0,9,17,52.9,8,9,1,8,5,30,13,0
Antoine Griezmann,FRA,"FW,MF",Atlético Madrid,33,1991,27.4,30,17,13,13,4,7,29,24.1,22,20,1,19,6,36,23,1
Florian Grillitsch,AUT,MF,Valladolid,28,1995,6.9,11,7,7,3,1,7,15,46.7,8,12,2,10,4,15,5,1
Sergi Guardiola,ESP,FW,Rayo Vallecano,33,1991,4.0,5,3,0,5,0,2,3,66.7,1,1,0,1,1,6,2,0
Nemanja Gudelj,SRB,"MF,DF",Sevilla,32,1991,27.7,42,24,16,22,4,21,35,60.0,14,27,10,17,27,69,94,1
Javier Guerra,ESP,MF,Valencia,21,2003,28.7,50,27,18,21,11,26,56,46.4,30,15,3,12,20,70,49,3
Ander Guevara,ESP,MF,Alavés,27,1997,21.6,49,30,19,29,1,20,48,41.7,28,21,5,16,14,63,43,1
Pape Gueye,SEN,MF,Villarreal,25,1999,24.7,54,26,23,23,8,20,29,69.0,9,31,13,18,27,81,53,2
Hugo Guillamón,ESP,MF,Valencia,24,2000,4.0,11,8,1,9,1,9,10,90.0,1,4,1,3,5,16,9,1
Carlos Guirao,ESP,MF,Betis,21,2003,1.2,5,3,1,4,0,4,6,66.7,2,1,1,0,3,8,2,0
Arda Güler,TUR,"MF,FW",Real Madrid,19,2005,13.9,30,16,11,8,11,9,22,40.9,13,18,0,18,7,37,8,0
Gerard Gumbau,ESP,MF,Rayo Vallecano,29,1994,9.4,17,12,8,7,2,7,15,46.7,8,13,4,9,5,22,13,0
Jon Guridi,ESP,"MF,FW",Alavés,29,1995,23.1,40,22,7,26,7,18,44,40.9,26,19,1,18,14,54,16,0
Gorka Guruzeta,ESP,FW,Athletic Club,27,1996,20.4,16,8,1,13,2,7,31,22.6,24,28,4,24,9,25,23,0
Munir El Haddadi,MAR,"FW,MF",Leganés,28,1995,9.6,12,9,5,4,3,3,12,25.0,9,8,1,7,1,13,1,1
Sébastien Haller,CIV,FW,Leganés,30,1994,4.5,2,0,1,0,1,1,2,50.0,1,1,0,1,0,2,7,0
Henrique,BRA,DF,Valladolid,30,1994,3.9,6,2,3,2,1,1,4,25.0,3,5,0,5,3,9,12,0
Javi Hernández,ESP,DF,Leganés,26,1998,26.5,26,15,16,7,3,17,46,37.0,29,25,5,20,23,49,98,0
Aridane Hernández,ESP,DF,Rayo Vallecano,35,1989,11.4,13,11,9,4,0,6,8,75.0,2,10,8,2,6,19,99,2
Jorge Herrando,ESP,DF,Osasuna,23,2001,15.2,17,11,9,5,3,9,15,60.0,6,20,14,6,12,29,65,2
Ander Herrera,ESP,MF,Athletic Club,34,1989,3.0,8,4,1,7,0,3,6,50.0,3,1,0,1,2,10,10,0
Sergio Herrera,ESP,GK,Osasuna,31,1993,37.0,2,1,2,0,0,2,6,33.3,4,1,0,1,0,2,29,1
Yangel Herrera,VEN,MF,Girona,26,1998,25.1,66,39,31,27,8,30,59,50.8,29,24,8,16,31,97,50,2
Juan Herzog,ESP,DF,Las Palmas,21,2003,14.6,12,12,12,0,0,9,16,56.3,7,17,11,6,18,30,86,0
Omar El Hilali,MAR,DF,Espanyol,20,2003,35.0,111,79,81,24,6,64,95,67.4,31,53,13,40,46,157,145,2
Pablo Ibáñez,ESP,MF,Osasuna,25,1998,14.4,20,10,7,12,1,10,40,25.0,30,20,7,13,18,38,21,0
Stanis Idumbo,BEL,"FW,MF",Sevilla,19,2005,3.2,9,5,3,4,2,3,5,60.0,2,3,1,2,4,13,2,0
Iglesias,ESP,DF,Getafe,26,1998,32.1,81,47,42,33,6,46,90,51.1,44,47,8,39,50,131,133,1
Borja Iglesias,ESP,FW,Celta Vigo,31,1993,21.7,10,9,2,5,3,4,15,26.7,11,9,2,7,7,17,10,0
Kelechi Iheanacho,NGA,FW,Sevilla,27,1996,4.4,1,0,0,1,0,1,3,33.3,2,0,0,0,0,1,1,0
Isco,ESP,MF,Betis,32,1992,17.2,20,13,3,13,4,7,28,25.0,21,10,0,10,11,31,7,0
Ivan Jaime Pajuelo,ESP,MF,Valencia,23,2000,3.3,8,5,2,3,3,4,5,80.0,1,2,0,2,2,10,0,0
Karl Jakob Hein,EST,GK,Valladolid,22,2002,31.0,0,0,0,0,0,0,2,0.0,2,0,0,0,0,0,19,2
Adnan Januzaj,BEL,"MF,FW",Las Palmas,29,1995,6.6,10,6,1,6,3,5,9,55.6,4,6,0,6,2,12,3,0
Mikel Jauregizar,ESP,MF,Athletic Club,20,2003,24.9,84,48,25,45,14,41,83,49.4,42,24,4,20,29,113,36,2
Jofre,ESP,"MF,FW",Espanyol,23,2001,24.1,22,16,14,5,3,13,23,56.5,10,13,0,13,15,37,29,0
Frenkie de Jong,NED,MF,Barcelona,27,1997,12.7,19,11,5,8,6,8,16,50.0,8,9,1,8,12,31,7,1
Joan Jordán,ESP,MF,Alavés,30,1994,15.7,32,18,11,17,4,17,30,56.7,13,12,0,12,9,41,21,0
Juanmi,ESP,"FW,MF",Getafe,31,1993,7.7,14,11,4,7,3,6,19,31.6,13,6,0,6,2,16,3,0
Juanmi,ESP,"FW,MF",Betis,31,1993,2.7,7,4,3,3,1,4,6,66.7,2,4,0,4,1,8,4,0
Juanpe,ESP,DF,Girona,33,1991,8.1,8,5,5,3,0,6,8,75.0,2,15,10,5,8,16,56,1
Vinicius Júnior,BRA,FW,Real Madrid,24,2000,25.0,21,10,7,4,10,5,18,27.8,13,9,0,9,3,24,1,2
Stanko Jurić,CRO,MF,Valladolid,27,1996,19.2,48,24,26,19,3,19,48,39.6,29,35,11,24,24,72,52,0
Willy Kambwala,FRA,DF,Villarreal,19,2004,12.4,17,12,14,2,1,10,12,83.3,2,10,7,3,10,27,56,1
Abdoulaye Keita,ESP,"FW,MF",Getafe,21,2002,1.1,2,2,0,1,1,2,4,50.0,2,1,0,1,0,2,3,0
Kiké,ESP,FW,Alavés,34,1989,28.2,19,14,1,12,6,6,17,35.3,11,11,4,7,1,20,23,0
Koke,ESP,MF,Atlético,Madrid 32,1992,21.4,46,23,18,22,6,21,43,48.8,22,24,2,22,20,66,29,2
Jules Koundé,FRA,DF,Barcelona,25,1998,28.9,63,43,29,23,11,44,66,66.7,22,35,5,30,20,83,68,2
Alex Král,CZE,MF,Espanyol,26,1998,30.2,55,37,28,24,3,16,30,53.3,14,34,14,20,28,83,51,2
Ladislav Krejčí,CZE,DF,Girona,25,1999,27.1,23,16,19,4,0,14,26,53.8,12,24,19,5,34,57,93,5
Takefusa Kubo,JPN,"MF,FW",Real Sociedad,23,2001,26.4,31,20,11,11,9,16,40,40.0,24,38,1,37,17,48,13,1
Marash Kumbulla,ALB,DF,Espanyol,24,2000,33.0,51,26,35,14,2,24,41,58.5,17,48,35,13,34,85,224,2
Yoel Lago,ESP,DF,Celta Vigo,20,2004,6.5,12,8,8,3,1,7,9,77.8,2,5,4,1,4,16,30,0
Cyle Larin,CAN,FW,Mallorca,29,1995,19.6,12,6,1,6,5,3,9,33.3,6,12,3,9,1,13,16,0
Juanmi Latasa,ESP,FW,Valladolid,23,2001,15.5,4,2,1,1,2,2,6,33.3,4,4,1,3,0,4,11,1
Toni Lato,ESP,DF,Mallorca,26,1997,6.9,17,11,6,5,6,7,11,63.6,4,10,4,6,6,23,33,0
Robin Le Normand,ESP,DF,Atlético Madrid,27,1996,23.9,27,18,23,4,0,12,20,60.0,8,20,9,11,10,37,120,1
Florian Lejeune,FRA,DF,Rayo Vallecano,33,1991,36.9,46,28,30,14,2,23,43,53.5,20,38,32,6,41,87,181,1
Iñigo Lekue,ESP,DF,Athletic Club,31,1993,8.6,15,12,12,3,0,9,17,52.9,8,7,2,5,9,24,29,2
Thomas Lemar,FRA,MF,Atlético Madrid,28,1995,0.9,2,1,1,1,0,2,4,50.0,2,0,0,0,0,2,1,0
Clément Lenglet,FRA,DF,Atlético Madrid,29,1995,21.9,27,17,19,8,0,11,15,73.3,4,24,18,6,22,49,104,1
Robert Lewandowski,POL,FW,Barcelona,35,1988,29.6,10,5,1,5,4,5,11,45.5,6,14,2,12,3,13,26,0
Samuel Lino,BRA,"MF,DF",Atlético Madrid,24,1999,17.2,33,17,25,4,4,22,52,42.3,30,23,4,19,8,41,13,0
Diego Llorente,ESP,DF,Betis,30,1993,28.0,36,20,23,12,1,25,38,65.8,13,29,20,9,43,79,154,1
Giovani Lo Celso,ARG,"MF,FW",Betis,28,1996,16.2,34,22,8,17,9,17,25,68.0,8,14,2,12,5,39,3,1
Enzo Loiodice,FRA,MF,Las Palmas,23,2000,7.6,17,7,8,9,0,3,10,30.0,7,4,1,3,10,27,7,2
David López,ESP,DF,Mallorca,21,2003,1.9,3,2,3,0,0,2,2,100.0,0,2,2,0,1,4,10,0
David López,ESP,DF,Girona,34,1989,27.0,32,24,22,7,3,18,31,58.1,13,22,12,10,14,46,111,2
Diego López,ESP,"MF,FW",Valencia,22,2002,30.4,31,18,11,16,4,16,47,34.0,31,30,0,30,16,47,15,0
Fermin López,ESP,"MF,FW",Barcelona,21,2003,13.9,19,15,3,9,7,8,32,25.0,24,11,0,11,5,24,3,0
Javi López,ESP,DF,Real Sociedad,22,2002,21.5,40,23,23,12,5,23,37,62.2,14,21,7,14,11,51,59,2
Roberto López,ESP,MF,Leganés,24,2000,4.4,8,6,4,4,0,5,15,33.3,10,5,0,5,1,9,7,2
Unai López,ESP,MF,Rayo Vallecano,28,1995,19.0,31,21,14,12,5,17,36,47.2,19,18,6,12,21,52,20,0
Iker Losada,ESP,"FW,MF",Celta Vigo,22,2001,4.0,3,3,0,1,2,1,5,20.0,4,4,1,3,1,4,8,0
Iker Losada,ESP,"MF,FW",Betis,22,2001,3.7,10,7,2,4,4,5,10,50.0,5,2,0,2,3,13,2,0
Pol Lozano,ESP,MF,Espanyol,24,1999,21.6,53,34,23,25,5,25,58,43.1,33,32,6,26,22,75,31,0
José Luis Gayà,ESP,DF,Valencia,29,1995,20.0,57,40,39,15,3,40,58,69.0,18,16,2,14,25,82,61,0
Dodi Lukebakio,BEL,FW,Sevilla,26,1997,34.4,22,14,8,8,6,15,27,55.6,12,18,1,17,11,33,17,2
Darwin Machís,VEN,"MF,FW",Valladolid,31,1993,7.1,5,4,3,2,0,3,9,33.3,6,3,0,3,5,10,13,0
Pablo Maffeo,ESP,DF,Mallorca,27,1997,26.3,60,40,43,14,3,34,46,73.9,12,32,11,21,25,85,103,1
Giorgi Mamardashvili,GEO,GK,Valencia,23,2000,34.0,2,2,2,0,0,2,3,66.7,1,0,0,0,1,3,16,3
Reinildo Mandava,MOZ,DF,Atlético Madrid,30,1994,10.5,18,11,10,7,1,10,18,55.6,8,11,5,6,16,34,35,0
Javier Manquillo,ESP,DF,Celta Vigo,30,1994,5.7,7,5,4,3,0,2,10,20.0,8,5,3,2,7,14,14,0
Marcão,BRA,DF,Sevilla,28,1996,6.1,10,7,6,4,0,3,5,60.0,2,9,6,3,7,17,29,1
Óscar de Marcos,ESP,DF,Athletic Club,35,1989,17.4,32,15,15,13,4,21,37,56.8,16,17,1,16,16,48,35,0
José María Giménez,URU,DF,Atlético Madrid,29,1995,22.2,26,16,18,8,0,17,28,60.7,11,29,19,10,27,53,115,2
Arkaitz Mariezkurrena,ESP,"FW,MF",Real Sociedad,19,2005,2.7,1,0,1,0,0,0,4,0.0,4,4,1,3,1,2,4,0
Pablo Marín,ESP,MF,Real Sociedad,21,2003,13.8,25,17,6,13,6,10,19,52.6,9,12,3,9,5,30,14,0
Mika Mármol,ESP,DF,Las Palmas,23,2001,26.7,61,29,35,24,2,34,52,65.4,18,46,14,32,38,99,121,2
Mario Maroto,ESP,MF,Valladolid,20,2003,0.7,0,0,0,0,0,0,2,0.0,2,0,0,0,2,2,2,0
Carlos Martín,ESP,"FW,MF",Alavés,22,2002,14.8,43,21,18,16,9,13,49,26.5,36,30,1,29,5,48,20,0
Diego Martín,ESP,FW,Las Palmas,20,2003,0.4,1,1,0,0,1,1,1,100.0,0,0,0,0,0,1,1,0
Gerard Martín,ESP,DF,Barcelona,22,2002,11.5,22,10,10,7,5,11,16,68.8,5,16,2,14,13,35,27,0
Iván Martín,ESP,MF,Girona,25,1999,22.7,32,19,14,14,4,15,34,44.1,19,20,6,14,11,43,15,1
Jon Martin,ESP,DF,Real Sociedad,18,2006,10.0,11,9,7,3,1,6,9,66.7,3,13,9,4,7,18,80,1
Mario Martín,ESP,MF,Valladolid,20,2004,19.4,62,32,31,27,4,21,49,42.9,28,32,7,25,21,83,46,7
Iñigo Martínez,ESP,DF,Barcelona,33,1991,27.7,25,14,20,5,0,16,22,72.7,6,18,7,11,18,43,108,1
Ramón Martínez,ESP,DF,Sevilla,21,2002,2.9,6,3,5,1,0,3,5,60.0,2,2,1,1,2,8,23,0
Toni Martínez,ESP,FW,Alavés,27,1997,11.2,12,7,5,4,3,4,8,50.0,4,8,2,6,1,13,15,0
Omar Mascarell,EQG,MF,Mallorca,31,1993,22.1,27,13,13,13,1,14,35,40.0,21,33,21,12,49,76,59,3
Jaime Mata,ESP,"FW,MF",Las Palmas,35,1988,7.3,8,2,2,6,0,3,9,33.3,6,5,1,4,3,11,11,0
Borja Mayoral,ESP,FW,Getafe,27,1997,12.4,5,4,2,2,1,3,9,33.3,6,4,0,4,2,7,6,0
Kylian Mbappé,FRA,FW,Real Madrid,25,1998,32.3,8,5,1,3,4,1,5,20.0,4,3,0,3,1,9,1,1
Oliver McBurnie,SCO,FW,Las Palmas,28,1996,20.4,15,7,5,8,2,5,12,41.7,7,15,5,10,6,21,24,0
Scott McKenna,SCO,DF,Las Palmas,27,1996,27.4,21,13,16,5,0,9,12,75.0,3,36,28,8,9,30,163,2
Arthur Melo,BRA,MF,Girona,27,1996,10.5,25,11,8,12,5,14,27,51.9,13,5,1,4,8,33,12,1
Brais Méndez,ESP,MF,Real Sociedad,27,1997,17.0,24,13,6,14,4,9,24,37.5,15,14,1,13,7,31,16,1
Ferland Mendy,FRA,DF,Real Madrid,29,1995,11.2,17,14,7,6,4,9,12,75.0,3,11,4,7,9,26,8,1
Víctor Meseguer,ESP,MF,Valladolid,25,1999,4.6,10,6,4,4,2,2,10,20.0,8,3,0,3,2,12,4,1
Miguel,ESP,FW,Leganés,24,1999,19.2,16,7,6,4,6,4,14,28.6,10,15,4,11,4,20,23,1
Éder Militão,BRA,DF,Real Madrid,26,1998,10.4,19,17,14,5,0,7,12,58.3,5,13,8,5,12,31,35,0
Luis Milla,ESP,MF,Getafe,29,1994,31.9,61,40,28,25,8,35,72,48.6,37,25,0,25,24,85,28,3
Pere Milla,ESP,"MF,FW",Espanyol,31,1992,5.1,6,2,5,0,1,1,18,5.6,17,10,2,8,3,9,5,0
Óscar Mingueza,ESP,"MF,DF",Celta Vigo,25,1999,30.3,38,24,21,12,5,26,69,37.7,43,35,5,30,22,60,46,7
Bojan Miovski,MKD,FW,Girona,25,1999,9.7,7,5,2,2,3,2,7,28.6,5,4,0,4,2,9,7,0
Rafa Mir,ESP,"FW,MF",Valencia,27,1997,8.4,12,6,8,4,0,3,9,33.3,6,5,0,5,5,17,9,0
Luka Modrić,CRO,MF,Real Madrid,38,1985,20.3,31,20,16,13,2,14,32,43.8,18,17,5,12,27,58,17,0
Johan Mojica,COL,DF,Mallorca,31,1992,30.6,35,23,26,6,3,19,40,47.5,21,13,5,8,26,61,84,3
Alberto Moleiro,ESP,"FW,MF",Las Palmas,20,2003,30.2,27,12,12,14,1,18,48,37.5,30,24,0,24,18,45,8,0
Nahuel Molina,ARG,DF,Atlético Madrid,26,1998,17.7,44,19,21,21,2,31,56,55.4,25,16,3,13,13,57,53,0
Jon Moncayola,ESP,MF,Osasuna,26,1998,23.3,70,41,29,33,8,31,60,51.7,29,34,3,31,11,81,20,0
Gerard Moreno,ESP,FW,Villarreal,32,1992,8.0,7,4,3,2,2,3,12,25.0,9,0,0,0,2,9,8,0
Mateu Morey,ESP,DF,Mallorca,24,2000,8.2,22,18,13,6,3,12,22,54.5,10,11,0,11,15,37,32,2
Ilaix Moriba,GUI,MF,Celta Vigo,21,2003,23.7,68,42,24,30,14,32,57,56.1,25,29,4,25,14,82,33,1
Manu Morlanes,ESP,MF,Mallorca,25,1999,14.9,43,27,18,20,5,18,30,60.0,12,19,8,11,24,67,16,0
Raúl Moro,ESP,"MF,FW",Valladolid,21,2002,26.0,22,13,15,4,3,13,32,40.6,19,8,0,8,10,32,20,1
Cristhian Mosquera,ESP,DF,Valencia,20,2004,36.9,56,36,41,13,2,31,40,77.5,9,37,24,13,35,91,128,4
Santiago Mouriño,URU,DF,Alavés,22,2002,20.5,43,28,31,12,0,21,38,55.3,17,27,12,15,29,72,120,0
Abdul Mumin,GHA,DF,Rayo Vallecano,26,1998,22.4,37,25,30,7,0,17,27,63.0,10,40,29,11,23,60,125,0
Aihen Muñoz,ESP,DF,Real Sociedad,26,1997,12.2,24,12,14,8,2,14,28,50.0,14,11,6,5,14,38,47,0
Álex Muñoz,ESP,DF,Las Palmas,30,1994,15.7,39,29,22,16,1,21,38,55.3,17,28,11,17,16,55,69,0
Iker Muñoz,ESP,MF,Osasuna,21,2002,6.8,5,2,3,2,0,3,9,33.3,6,9,2,7,4,9,12,1
Javier Muñoz,ESP,"MF,DF",Las Palmas,29,1995,28.8,45,35,18,17,10,16,46,34.8,30,27,4,23,31,76,39,3
Vedat Muriqi,KVX,FW,Mallorca,30,1994,22.9,7,5,3,2,2,3,7,42.9,4,7,1,6,7,14,43,0
Matija Nastasić,SRB,DF,Leganés,31,1993,23.4,25,11,21,4,0,17,25,68.0,8,39,30,9,21,46,165,0
Natan,BRA,DF,Betis,23,2001,24.2,35,24,24,9,2,26,30,86.7,4,24,14,10,28,63,123,2
Pau Navarro,ESP,DF,Villarreal,19,2005,10.2,23,17,15,6,2,19,39,48.7,20,13,6,7,4,27,41,0
Roberto Navarro,ESP,"MF,FW",Mallorca,22,2002,14.2,29,22,14,11,4,9,19,47.4,10,18,0,18,19,48,12,0
Jesús Navas,ESP,"FW,MF",Sevilla,38,1985,4.7,5,2,3,0,2,0,3,0.0,3,1,0,1,4,9,6,0
Yvan Neyou,CMR,MF,Leganés,27,1997,25.7,53,33,21,26,6,22,47,46.8,25,35,5,30,26,79,38,1
Tanguy Nianzou,FRA,DF,Sevilla,22,2002,5.8,7,5,6,0,1,5,6,83.3,1,1,0,1,8,15,27,0
Saúl Ñíguez,ESP,MF,Sevilla,29,1994,17.3,47,32,16,24,7,12,31,38.7,19,25,2,23,22,69,34,0
Tamás Nikitscher,HUN,"MF,DF",Valladolid,24,1999,9.5,17,8,8,9,0,8,13,61.5,5,17,4,13,11,28,16,1
Randy Nteka,ANG,FW,Rayo Vallecano,26,1997,12.5,16,5,3,9,4,5,12,41.7,7,13,2,11,4,20,20,0
Unai Núñez,ESP,DF,Athletic Club,27,1997,7.2,10,5,7,3,0,4,7,57.1,3,4,4,0,17,27,46,1
Ørjan Nyland,NOR,GK,Sevilla,33,1990,29.7,3,2,3,0,0,3,5,60.0,2,0,0,0,0,3,12,4
Lucas Ocampos,ARG,FW,Sevilla,30,1994,1.9,3,2,2,0,1,1,2,50.0,1,2,0,2,0,3,2,0
Olasagasti,ESP,MF,Real,Sociedad 23,2000,9.5,21,10,7,9,5,8,18,44.4,10,8,2,6,15,36,10,0
Brian Oliván,ESP,DF,Espanyol,30,1994,11.3,13,10,7,6,0,4,13,30.8,9,6,2,4,10,23,23,0
Lucas Oliveira Rosa,BRA,DF,Valladolid,24,2000,21.0,53,33,40,11,2,35,51,68.6,16,24,9,15,28,81,69,2
Dani Olmo,ESP,"MF,FW",Barcelona,26,1998,13.5,16,11,8,5,3,4,14,28.6,10,6,3,3,3,19,11,1
Aimar Oroz,ESP,MF,Osasuna,22,2001,33.0,35,19,16,13,6,14,46,30.4,32,29,2,27,20,55,10,0
Ángel Ortíz,ESP,DF,Betis,20,2004,3.9,12,8,8,3,1,8,17,47.1,9,6,0,6,5,17,7,0
Gabriel Osei Misehouy,NED,"FW,MF",Girona,19,2005,2.9,1,1,0,1,0,0,1,0.0,1,0,0,0,0,1,0,0
Jesús Owono,EQG,GK,Alavés,23,2001,5.4,1,1,1,0,0,1,1,100.0,0,0,0,0,0,1,2,0
Mikel Oyarzabal,ESP,FW,Real Sociedad,27,1997,25.0,25,16,9,10,6,10,23,43.5,13,17,1,16,4,29,15,0
Cenk Özkacar,TUR,DF,Valladolid,23,2000,8.4,9,5,7,2,0,4,14,28.6,10,9,6,3,18,27,69,1
Jon Pacheco,ESP,DF,Real Sociedad,23,2001,9.5,15,9,12,3,0,10,12,83.3,2,8,6,2,9,24,49,2
Isaac Palazón Camacho,ESP,"MF,FW",Rayo Vallecano,29,1994,24.0,22,17,10,6,6,8,34,23.5,26,22,3,19,8,30,13,1
Aitor Paredes,ESP,DF,Athletic Club,24,2000,20.1,15,13,10,5,0,8,15,53.3,7,26,15,11,22,37,114,4
Daniel Parejo,ESP,MF,Villarreal,35,1989,25.3,52,40,27,20,5,29,54,53.7,25,24,7,17,24,76,40,1
Álvaro Pascual,ESP,FW,Sevilla,22,2002,4.5,5,3,0,3,2,1,5,20.0,4,4,0,4,2,7,9,0
Pedri,ESP,MF,Barcelona,21,2002,32.0,61,34,14,38,9,24,70,34.3,46,45,3,42,26,87,21,1
Adrià Pedrosa,ESP,DF,Sevilla,26,1998,25.5,56,32,34,16,6,31,54,57.4,23,43,11,32,24,80,85,0
Pejiño,ESP,FW,Las,Palmas 28,1996,0.2,1,1,0,1,0,1,1,100.0,0,0,0,0,0,1,0,0
Andy Pelmard,FRA,DF,Las Palmas,24,2000,2.3,5,0,3,2,0,4,5,80.0,1,3,1,2,2,7,20,0
Iñaki Peña,ESP,GK,Barcelona,25,1999,15.5,0,0,0,0,0,0,2,0.0,2,0,0,0,0,0,20,1
Rubén Peña,ESP,"FW,DF",Osasuna,33,1991,8.6,12,5,4,3,5,5,24,20.8,19,11,0,11,6,18,12,0
Nicolas Pépé,CIV,"FW,MF",Villarreal,29,1995,16.7,22,9,12,6,4,6,17,35.3,11,12,1,11,5,27,12,0
Peque,ESP,"MF,FW",Sevilla,21,2002,12.6,16,5,4,10,2,7,17,41.2,10,16,0,16,8,24,5,0
Ayoze Pérez,ESP,FW,Villarreal,31,1993,21.9,27,14,5,18,4,6,24,25.0,18,17,0,17,8,35,15,0
Carles Pérez,ESP,"MF,FW",Getafe,26,1998,15.9,33,23,11,14,8,21,48,43.8,27,19,2,17,6,39,22,0
Francisco Perez,ESP,"FW,MF",Valencia,21,2002,6.3,17,12,7,8,2,10,16,62.5,6,8,1,7,3,20,6,0
Kike Pérez,ESP,MF,Valladolid,27,1997,13.2,37,26,15,19,3,15,26,57.7,11,16,4,12,7,44,18,0
Luis Pérez,ESP,DF,Valladolid,29,1995,28.4,41,30,25,11,5,24,40,60.0,16,26,9,17,29,70,86,0
Romain Perraud,FRA,DF,Betis,26,1997,22.2,36,22,15,16,5,21,46,45.7,25,18,4,14,22,58,71,1
Pica,ESP,DF,Alavés,22,2002,5.5,9,7,7,2,0,4,9,44.4,5,7,6,1,9,18,26,0
Yeremi Pino,ESP,"MF,FW",Villarreal,21,2002,21.5,60,32,20,32,8,32,65,49.2,33,38,3,35,8,68,18,0
Portu,ESP,"FW,MF",Girona,32,1992,8.7,13,7,5,5,3,7,10,70.0,3,8,0,8,0,13,2,0
Beñat Prados,ESP,MF,Athletic Club,23,2001,19.1,55,36,20,27,8,25,53,47.2,28,21,2,19,28,83,26,0
Abdón Prats,ESP,"FW,MF",Mallorca,31,1992,5.1,2,1,1,1,0,1,2,50.0,1,2,1,1,1,3,5,0
Javi Puado,ESP,"FW,MF",Espanyol,26,1998,33.0,22,17,14,4,4,8,20,40.0,12,18,3,15,5,27,19,0
Dani Raba,ESP,"FW,MF",Leganés,28,1995,20.9,37,23,17,15,5,17,42,40.5,25,27,3,24,14,51,19,1
Antonio Raillo,ESP,DF,Mallorca,32,1991,35.6,31,18,18,10,3,14,20,70.0,6,51,38,13,29,60,222,1
Sandro Ramírez,ESP,"FW,MF",Las Palmas,29,1995,22.6,27,15,10,13,4,13,30,43.3,17,20,0,20,16,43,22,2
Jacobo Ramón,ESP,DF,Real Madrid,19,2005,2.3,7,3,4,3,0,2,2,100.0,0,1,0,1,3,10,8,2
Raphinha,BRA,"FW,MF",Barcelona,27,1996,31.5,36,22,6,19,11,19,39,48.7,20,29,2,27,11,47,26,0
Andrei Ratiu,ROU,DF,Rayo Vallecano,26,1998,34.1,71,41,40,21,10,42,70,60.0,28,45,5,40,27,98,73,2
Raúl,ESP,"FW,MF",Osasuna,23,2000,8.3,13,8,3,6,4,5,10,50.0,5,4,0,4,0,13,6,0
Abderrahman Rebbach,ALG,"FW,MF",Alavés,25,1998,4.3,3,2,3,0,0,0,6,0.0,6,4,0,4,0,3,6,0
Álex Remiro,ESP,GK,Real Sociedad,29,1995,36.0,1,0,1,0,0,1,2,50.0,1,0,0,0,0,1,18,4
Diego Rico,ESP,DF,Getafe,31,1993,31.3,81,49,47,29,5,47,85,55.3,38,41,3,38,34,115,102,2
Luis Rioja,ESP,FW,Alavés,30,1993,0.3,2,1,0,1,1,1,2,50.0,1,2,0,2,0,2,0,0
Luis Rioja,ESP,"MF,FW",Valencia,30,1993,31.5,33,21,14,12,7,14,42,33.3,28,30,1,29,22,55,44,1
Rodrigo Riquelme,ESP,"MF,DF",Atlético Madrid,24,2000,5.7,11,5,4,6,1,6,11,54.5,5,3,0,3,2,13,3,0
Alberto Risco,ESP,"MF,FW",Getafe,18,2005,0.8,4,4,2,0,2,1,6,16.7,5,2,0,2,0,4,0,0
Marc Roca,ESP,MF,Betis,27,1996,10.1,20,14,10,9,1,9,17,52.9,8,17,5,12,14,34,14,2
Rodri,ESP,FW,Betis,24,2000,1.3,2,1,1,1,0,1,2,50.0,1,2,1,1,1,3,1,1
Adrian Rodriguez,ESP,GK,Alavés,23,2000,1.4,0,0,0,0,0,0,1,0.0,1,0,0,0,0,0,3,1
Álvaro Rodríguez,URU,FW,Getafe,20,2004,9.5,10,7,0,7,3,5,10,50.0,5,23,0,23,3,13,12,0
Óscar Rodríguez Arnaiz,ESP,"MF,FW",Leganés,26,1998,14.8,32,17,10,16,6,14,32,43.8,18,10,1,9,20,52,20,0
Damián Rodríguez,ESP,MF,Celta Vigo,21,2003,10.3,14,9,3,10,1,6,16,37.5,10,6,1,5,7,21,13,0
Dani Rodríguez,ESP,"MF,FW",Mallorca,36,1988,24.0,49,29,18,21,10,14,27,51.9,13,22,3,19,12,61,30,0
James Rodríguez,COL,"MF,FW",Rayo Vallecano,33,1991,1.6,3,2,1,2,0,0,2,0.0,2,2,0,2,1,4,0,0
Javi Rodríguez,ESP,DF,Celta Vigo,21,2003,27.9,53,38,35,17,1,33,47,70.2,14,29,10,19,33,86,96,2
Jesus Rodríguez,ESP,FW,Betis,18,2005,12.3,16,14,6,6,4,5,18,27.8,13,16,0,16,6,22,3,0
Kirian Rodríguez,ESP,MF,Las Palmas,28,1996,19.5,33,17,12,18,3,22,43,51.2,21,22,4,18,10,43,21,0
Ricardo Rodríguez,SUI,DF,Betis,31,1992,14.2,28,15,16,5,7,17,26,65.4,9,10,1,9,8,36,51,0
Rodrygo,BRA,"FW,MF",Real,Madrid 23,2001,21.4,21,14,14,5,2,7,23,30.4,16,18,1,17,11,32,9,0
Carlos Romero,ESP,DF,Espanyol,22,2001,28.4,73,47,49,16,8,45,82,54.9,37,50,15,35,30,103,102,1
Isaac Romero,ESP,FW,Sevilla,24,2000,24.0,13,7,4,4,5,3,16,18.8,13,18,1,17,7,20,27,0
Luka Romero,ARG,"FW,MF",Alavés,19,2004,2.2,4,4,1,1,2,2,3,66.7,1,2,0,2,1,5,0,0
Oriol Romeu,ESP,MF,Girona,32,1991,15.1,38,25,14,19,5,14,26,53.8,12,22,8,14,12,50,20,4
Vitor Roque,BRA,FW,Betis,19,2005,13.7,11,6,1,6,4,1,5,20.0,4,5,0,5,7,18,4,0
Valentin Rosier,FRA,DF,Leganés,27,1996,28.8,72,52,48,16,8,43,68,63.2,25,40,15,25,52,124,149,2
Antonio Rüdiger,GER,DF,Real Madrid,31,1993,25.5,20,13,14,6,0,11,15,73.3,4,22,14,8,9,29,96,1
Abel Ruiz,ESP,FW,Girona,24,2000,15.0,6,2,2,2,2,2,5,40.0,3,7,2,5,5,11,7,0
Youssouf Sabaly,SEN,DF,Betis,31,1993,17.6,40,25,21,15,4,24,32,75.0,8,21,4,17,13,53,40,0
Umar Sadiq,NGA,FW,Valencia,27,1997,9.2,10,5,3,5,2,4,6,66.7,2,7,0,7,1,11,7,0
Umar Sadiq,NGA,FW,Real Sociedad,27,1997,2.5,2,1,1,1,0,1,2,50.0,1,3,1,2,1,3,2,0
Jorge Sáenz,ESP,DF,Leganés,27,1996,18.8,37,23,18,18,1,11,20,55.0,9,26,17,9,25,62,161,0
Jan Salas,ESP,"MF,FW",Mallorca,18,2005,0.5,3,1,2,1,0,2,2,100.0,0,0,0,0,0,3,0,0
Kike Salas,ESP,DF,Sevilla,22,2002,24.9,47,28,24,16,7,27,46,58.7,19,26,14,12,32,79,146,0
Albert Sambi Lokonga,BEL,MF,Sevilla,24,1999,16.3,22,15,10,9,3,10,14,71.4,4,13,1,12,9,31,24,3
Chuky san jose,ESP,MF,Valladolid,20,2004,8.1,8,2,3,3,2,2,9,22.2,7,4,1,3,0,8,4,0
Oihan Sancet,ESP,MF,Athletic Club,24,2000,18.0,13,8,6,6,1,5,14,35.7,9,10,0,10,5,18,6,0
Antonio Sánchez,ESP,"MF,DF",Mallorca,27,1997,15.5,28,16,16,8,4,14,36,38.9,22,16,2,14,18,46,36,1
Iván Sánchez,ESP,"MF,FW",Valladolid,31,1992,15.6,37,20,18,10,9,12,27,44.4,15,18,3,15,14,51,10,0
Javi Sánchez,ESP,DF,Valladolid,27,1997,22.5,26,16,19,6,1,17,26,65.4,9,39,28,11,22,48,111,3
Juanlu Sánchez,ESP,"MF,DF",Sevilla,20,2003,19.1,50,34,28,15,7,35,59,59.3,24,27,2,25,17,67,19,0
Manu Sánchez,ESP,DF,Alavés,23,2000,29.3,83,56,40,33,10,41,69,59.4,28,51,12,39,30,113,76,1
Maroan Sannadi,MAR,FW,Athletic Club,23,2001,8.4,5,0,1,4,0,2,7,28.6,5,1,0,1,1,6,2,1
Jesús Santiago,ESP,MF,Getafe,20,2004,4.1,14,8,6,8,0,5,10,50.0,5,6,2,4,1,15,3,0
Aleksandar Sedlar,SRB,DF,Alavés,32,1991,6.6,18,10,7,11,0,8,10,80.0,2,2,1,1,10,28,24,1
Sergi,ESP,DF,Leganés,32,1992,32.9,40,29,22,16,2,18,32,56.3,14,38,29,9,39,79,185,2
Nicolás Serrano,ESP,FW,Athletic Club,21,2003,1.2,1,1,0,1,0,1,3,33.3,2,4,0,4,1,2,1,0
Fábio Silva,POR,FW,Las Palmas,22,2002,20.7,12,7,4,5,3,4,14,28.6,10,12,0,12,4,16,27,0
Rui Silva,POR,GK,Betis,30,1994,15.0,0,0,0,0,0,0,1,0.0,1,1,0,1,0,0,7,0
Giuliano Simeone,ARG,MF,Atlético Madrid,21,2002,21.4,27,13,6,11,10,15,30,50.0,15,22,3,19,14,41,22,1
Daley Sinkgraven,NED,DF,Las Palmas,29,1995,1.0,5,1,3,2,0,1,3,33.3,2,1,0,1,1,6,2,0
Antonio Sivera,ESP,GK,Alavés,27,1996,31.2,2,1,2,0,0,2,2,100.0,0,1,0,1,0,2,20,0
Justin Smith,CAN,MF,Espanyol,21,2003,2.3,9,3,3,6,0,4,6,66.7,2,5,1,4,4,13,3,0
Alex Sola,ESP,"MF,FW",Getafe,25,1999,11.4,21,14,9,12,0,9,25,36.0,16,8,0,8,7,28,11,1
Arnau Solà,ESP,MF,Villarreal,21,2003,0.1,0,0,0,0,0,0,2,0.0,2,1,1,0,0,0,0,0
Jhon Solis,COL,MF,Girona,19,2004,5.9,13,7,3,9,1,6,14,42.9,8,13,1,12,4,17,6,1
David Soria,ESP,GK,Getafe,31,1993,38.0,4,4,4,0,0,4,5,80.0,1,0,0,0,1,5,21,3
Juan Soriano,ESP,GK,Leganés,26,1997,6.0,1,1,1,0,0,1,1,100.0,0,0,0,0,0,1,2,0
Hugo Sotelo,ESP,MF,Celta Vigo,20,2003,13.9,28,17,8,10,10,13,31,41.9,18,9,1,8,5,33,9,1
Djibril Sow,SUI,MF,Sevilla,27,1997,22.9,25,14,13,10,2,8,17,47.1,9,18,3,15,28,53,26,1
Carl Starfelt,SWE,DF,Celta Vigo,29,1995,25.2,40,20,25,14,1,18,27,66.7,9,29,21,8,31,71,129,3
Orri Steinn Óskarsson,ISL,FW,Real Sociedad,19,2004,10.5,6,6,2,1,3,2,8,25.0,6,10,1,9,2,8,11,0
Stoichkov,ESP,"MF,FW",Alavés,30,1993,7.8,14,9,6,7,1,6,11,54.5,5,2,0,2,1,15,7,0
Cristhian Stuani,URU,FW,Girona,37,1986,12.0,9,7,1,7,1,5,8,62.5,3,4,1,3,7,16,11,0
Álex Suárez,ESP,DF,Las Palmas,31,1993,27.3,40,23,30,9,1,20,27,74.1,7,39,24,15,13,53,107,2
Denis Suárez,ESP,MF,Villarreal,30,1994,6.8,12,8,7,2,3,4,10,40.0,6,4,1,3,3,15,3,0
Luka Sučić,CRO,MF,Real Sociedad,21,2002,19.9,25,18,8,12,5,10,26,38.5,16,30,2,28,15,40,16,1
Suso,ESP,"FW,MF",Sevilla,30,1993,6.7,10,7,3,6,1,4,11,36.4,7,4,0,4,4,14,2,0
Williot Swedberg,SWE,"FW,MF",Celta Vigo,20,2004,15.0,23,16,9,10,4,13,20,65.0,7,12,1,11,3,26,10,1
Mamadou Sylla,SEN,"FW,MF",Valladolid,30,1994,17.6,8,4,3,3,2,2,9,22.2,7,8,0,8,3,11,14,1
Alexander Sørloth,NOR,FW,Atlético Madrid,28,1995,17.4,9,5,2,5,2,3,6,50.0,3,6,1,5,1,10,28,0
Renato Tapia,PER,"MF,DF",Leganés,29,1995,26.9,61,35,30,27,4,24,50,48.0,26,58,23,35,27,88,86,2
César Tárrega,ESP,DF,Valencia,22,2002,33.6,49,37,33,13,3,19,31,61.3,12,41,20,21,22,71,222,2
Álvaro Tejero,ESP,"MF,DF",Espanyol,28,1996,13.8,14,4,7,6,1,7,23,30.4,16,9,1,8,13,27,34,1
Martín Tejón,ESP,"MF,DF",Valencia,20,2004,0.5,2,0,0,2,0,1,2,50.0,1,0,0,0,0,2,0,0
Nahuel Tenaglia,ARG,DF,Alavés,28,1996,32.5,96,61,61,30,5,53,88,60.2,35,33,9,24,47,143,123,2
Marc-André ter Stegen,GER,GK,Barcelona,32,1992,7.5,0,0,0,0,0,0,1,0.0,1,0,0,0,0,0,2,2
Ramón Terrats,ESP,"MF,FW",Villarreal,23,2000,1.5,3,3,1,2,0,2,4,50.0,2,3,1,2,2,5,3,0
Ramón Terrats,ESP,"MF,FW",Getafe,23,2000,13.5,20,10,7,8,5,8,28,28.6,20,9,2,7,8,28,16,0
Pablo Torre,ESP,"MF,FW",Barcelona,21,2003,3.4,5,4,1,3,1,2,4,50.0,2,0,0,0,3,8,5,1
David Torres,ESP,DF,Valladolid,21,2003,15.4,13,8,12,1,0,7,11,63.6,4,19,17,2,10,23,74,0
Ferrán Torres,ESP,"FW,MF",Barcelona,24,2000,12.3,8,4,2,3,3,3,8,37.5,5,7,1,6,4,12,5,0
Lucas Torró,ESP,MF,Osasuna,30,1994,32.9,74,41,34,35,5,36,64,56.3,28,36,9,27,45,119,70,3
Hamari Traoré,MLI,DF,Real Sociedad,32,1992,7.8,19,12,10,7,2,15,22,68.2,7,6,2,4,9,28,21,0
Óscar Trejo,ARG,MF,Rayo Vallecano,36,1988,5.5,8,5,1,5,2,3,9,33.3,6,9,0,9,4,12,5,0
Viktor Tsyhankov,UKR,"FW,MF",Girona,26,1997,21.3,19,12,4,7,8,9,19,47.4,10,7,1,6,15,34,16,1
Beñat Turrientes,ESP,MF,Real Sociedad,22,2002,10.5,15,6,4,10,1,4,15,26.7,11,15,3,12,5,20,14,1
Christantus Uche,NGA,"FW,MF",Getafe,21,2003,27.6,35,21,8,19,8,9,20,45.0,11,20,2,18,10,45,19,0
Naci Ünüvar,NED,"MF,DF",Espanyol,21,2003,0.3,2,2,1,1,0,1,2,50.0,1,0,0,0,0,2,0,0
Óscar Valentín,ESP,MF,Rayo Vallecano,29,1994,20.4,55,41,21,20,14,33,76,43.4,43,36,8,28,21,76,51,2
Germán Valera,ESP,MF,Valencia,22,2002,1.6,1,1,1,0,0,0,1,0.0,1,2,0,2,4,5,2,1
Martin Valjent,SVK,DF,Mallorca,28,1995,30.7,30,21,22,7,1,15,25,60.0,10,32,21,11,18,48,195,1
Federico Valverde,URU,"MF,DF",Real Madrid,26,1998,33.7,50,30,22,23,5,29,43,67.4,14,38,8,30,55,105,52,1
Ruben Vargas,SUI,"FW,MF",Sevilla,25,1998,7.5,7,4,1,5,1,3,8,37.5,5,9,0,9,3,10,10,0
Jesus Vazquez,ESP,DF,Valencia,21,2003,10.2,23,18,12,9,2,10,19,52.6,9,16,5,11,10,33,30,0
Lucas Vázquez,ESP,DF,Real Madrid,33,1991,24.3,58,34,33,17,8,27,48,56.3,21,24,6,18,17,75,35,1
Alejo Véliz,ARG,FW,Espanyol,20,2003,12.5,1,1,0,1,0,1,7,14.3,6,12,2,10,4,5,23,1
Mikel Vesga,ESP,MF,Athletic Club,31,1993,11.0,22,15,7,13,2,12,28,42.9,16,10,1,9,15,37,26,0
Carlos Vicente,ESP,"FW,MF",Alavés,25,1999,34.4,47,31,26,11,10,25,64,39.1,39,34,2,32,14,61,40,0
Pau Victor,ESP,FW,Barcelona,22,2001,3.5,3,1,0,2,1,0,3,0.0,3,6,1,5,2,5,5,0
Nacho Vidal,ESP,DF,Osasuna,29,1995,1.4,2,0,0,1,1,1,4,25.0,3,1,0,1,0,2,6,0
Sergio Viera,ESP,MF,Las Palmas,19,2005,1.1,1,1,0,1,0,0,1,0.0,1,1,0,1,1,2,1,0
Asier Villalibre,ESP,FW,Alavés,26,1997,3.7,2,2,0,1,1,1,2,50.0,1,1,0,1,1,3,7,0
Viti,ESP,DF,Las,Palmas 26,1997,22.0,71,46,43,21,7,31,45,68.9,14,28,7,21,27,98,61,0
Daniel Vivian,ESP,DF,Athletic Club,25,1999,29.0,40,26,23,14,3,21,32,65.6,11,26,10,16,47,87,152,2
Iñaki Williams,GHA,FW,Athletic Club,30,1994,29.5,17,10,4,8,5,12,23,52.2,11,34,5,29,12,29,32,0
Nico Williams,ESP,FW,Athletic Club,22,2002,22.2,28,18,10,11,7,11,32,34.4,21,20,1,19,7,35,9,0
Axel Witsel,BEL,DF,Atlético Madrid,35,1989,9.5,16,12,4,10,2,12,14,85.7,2,15,8,7,11,27,34,1
Lamine Yamal,ESP,FW,Barcelona,17,2007,31.7,42,28,8,17,17,16,38,42.1,22,12,0,12,16,58,3,0
Bertuğ Yıldırım,TUR,FW,Getafe,22,2002,12.0,10,5,0,7,3,2,7,28.6,5,13,2,11,1,11,16,0
Arsen Zakharyan,RUS,"MF,FW",Real Sociedad,21,2003,0.8,1,1,1,0,0,1,1,100.0,0,1,1,0,1,2,0,0
Bryan Zaragoza,ESP,"FW,MF",Osasuna,23,2001,20.4,13,9,8,4,1,6,21,28.6,15,10,0,10,4,17,8,0
Igor Zubeldia,ESP,DF,Real Sociedad,27,1997,25.2,34,22,21,10,3,14,26,53.8,12,32,18,14,31,65,100,2
Martín Zubimendi,ESP,MF,Real Sociedad,25,1999,32.9,73,37,31,29,13,28,44,63.6,16,42,16,26,44,117,79,3
Saud Abdulhamid,KSA,DF,Roma,25,1999,2.3,3,2,2,0,1,1,1,100.0,0,2,0,2,2,5,0,0
Tammy Abraham,ENG,FW,Roma,26,1997,0.0,0,0,0,0,0,0,1,0.0,1,0,0,0,0,0,0,0
Tammy Abraham,ENG,FW,Milan,26,1997,13.1,17,11,2,10,5,6,8,75.0,2,13,0,13,2,19,16,0
Francesco Acerbi,ITA,DF,Inter,36,1988,19.0,23,19,16,7,0,11,17,64.7,6,22,16,6,26,49,81,0
Che Adams,SCO,FW,Torino,28,1996,29.5,12,6,2,4,6,1,7,14.3,6,13,6,7,2,14,18,0
Yacine Adli,FRA,MF,Fiorentina,24,2000,13.5,32,19,11,16,5,17,39,43.6,22,13,1,12,6,38,19,0
Vasilije Adžić,MNE,"MF,FW",Juventus,18,2006,0.5,2,2,0,1,1,0,1,0.0,1,0,0,0,0,2,0,0
Michel Aebischer,SUI,MF,Bologna,27,1997,8.0,18,13,8,7,3,10,14,71.4,4,4,1,3,7,25,6,0
Jean-Daniel Akpa-Akpro,CIV,MF,Monza,31,1992,10.7,30,18,15,14,1,9,21,42.9,12,19,6,13,13,43,16,1
David Akpan Ankeye,NGA,"FW,MF",Genoa,22,2002,0.5,0,0,0,0,0,0,1,0.0,1,0,0,0,0,0,1,0
Pontus Almqvist,SWE,"FW,MF",Parma,25,1999,12.4,17,13,7,7,3,8,17,47.1,9,13,0,13,19,36,8,0
Giorgio Altare,ITA,DF,Venezia,25,1998,8.4,13,12,8,3,2,8,15,53.3,7,21,11,10,17,30,49,0
Sofyan Amrabat,MAR,MF,Fiorentina,27,1996,2.0,3,2,1,2,0,2,2,100.0,0,1,1,0,0,3,2,0
Angeliño,ESP,DF,Roma,27,1997,35.3,46,24,20,24,2,17,34,50.0,17,33,9,24,28,74,98,0
Faustino Anjorin,ENG,MF,Empoli,22,2001,12.4,29,13,9,14,6,9,18,50.0,9,18,3,15,13,42,20,0
Marko Arnautović,AUT,FW,Inter,35,1989,5.9,7,5,1,3,3,3,5,60.0,2,3,0,3,1,8,1,0
Kristjan Asllani,ALB,MF,Inter,22,2002,10.9,14,3,8,4,2,8,22,36.4,14,8,1,7,9,23,13,1
Arthur Atta,FRA,"MF,FW",Udinese,21,2003,13.9,20,12,9,10,1,10,15,66.7,5,9,5,4,7,27,15,1
Emil Audero,IDN,GK,Como,27,1997,8.0,0,0,0,0,0,0,1,0.0,1,0,0,0,0,0,4,1
Tommaso Augello,ITA,DF,Cagliari,29,1994,30.1,49,28,28,17,4,30,43,69.8,13,23,8,15,16,65,109,2
Carlos Augusto,BRA,DF,Inter,25,1999,18.1,29,14,12,11,6,12,19,63.2,7,21,9,12,9,38,50,0
Yann Aurel Bisseck,GER,DF,Inter,23,2000,17.3,17,11,11,4,2,11,16,68.8,5,23,12,11,17,34,64,1
Paulo Azzi,BRA,DF,Cagliari,30,1994,4.7,11,9,3,6,2,5,9,55.6,4,5,2,3,5,16,11,0
Jacopo Bacci,ITA,MF,Empoli,19,2005,0.3,1,0,1,0,0,1,1,100.0,0,0,0,0,1,2,1,0
Milan Badelj,CRO,MF,Genoa,35,1989,16.4,29,16,14,10,5,15,35,42.9,20,19,7,12,20,49,43,0
Mitchel Bakker,NED,MF,Atalanta,24,2000,0.2,1,0,1,0,0,1,1,100.0,0,0,0,0,0,1,0,0
Tommaso Baldanzi,ITA,"MF,FW",Roma,21,2003,9.2,12,4,5,4,3,4,12,33.3,8,4,0,4,6,18,8,0
Keita Baldé,SEN,FW,Monza,29,1995,7.1,1,1,0,1,0,1,2,50.0,1,4,0,4,2,3,0,0
Botond Balogh,HUN,DF,Parma,22,2002,22.8,36,16,22,13,1,20,28,71.4,8,34,26,8,25,61,141,2
Lameck Banda,ZAM,"FW,MF",Lecce,23,2001,6.8,8,5,4,2,2,3,12,25.0,9,7,0,7,2,10,8,1
Daniel Bandeira,POR,MF,Hellas Verona,24,2000,4.5,4,0,1,3,0,3,6,50.0,3,2,1,1,6,10,8,0
Mattia Bani,ITA,DF,Genoa,30,1993,16.7,19,10,11,6,2,7,11,63.6,4,13,8,5,22,41,85,2
Antonín Barák,CZE,MF,Fiorentina,29,1994,0.6,2,0,0,2,0,0,2,0.0,2,1,1,0,0,2,0,0
Federico Barba,ITA,DF,Como,30,1993,4.8,2,2,1,1,0,1,4,25.0,3,2,2,0,4,6,15,0
Nicolò Barella,ITA,MF,Inter,27,1997,27.3,50,31,19,20,11,26,59,44.1,33,26,3,23,12,62,16,1
Davide Bartesaghi,ITA,DF,Milan,18,2005,1.3,4,2,1,1,2,4,4,100.0,0,1,1,0,3,7,1,0
Federico Baschirotto,ITA,DF,Lecce,27,1996,38.0,37,25,30,5,2,22,28,78.6,6,44,32,12,23,60,237,2
Alessandro Bastoni,ITA,DF,Inter,25,1999,25.9,46,23,26,14,6,20,30,66.7,10,25,13,12,21,67,52,1
Reda Belahyane,MAR,MF,Hellas Verona,20,2004,18.4,36,26,16,13,7,13,17,76.5,4,20,9,11,10,46,22,1
Reda Belahyane,MAR,MF,Lazio,20,2004,2.2,8,6,8,0,0,6,6,100.0,0,3,2,1,1,9,5,0
Raoul Bellanova,ITA,DF,Torino,24,2000,1.0,0,0,0,0,0,0,1,0.0,1,0,0,0,0,0,4,0
Raoul Bellanova,ITA,DF,Atalanta,24,2000,26.7,24,14,8,13,3,13,21,61.9,8,12,3,9,18,42,45,0
Andrea Belotti,ITA,FW,Como,30,1993,6.6,7,5,1,4,2,1,4,25.0,3,4,0,4,1,8,8,0
Lucas Beltrán,ARG,"FW,MF",Fiorentina,23,2001,20.7,23,10,10,7,6,7,21,33.3,14,15,2,13,5,28,14,0
Adrian Benedyczak,POL,"FW,MF",Parma,23,2000,2.4,0,0,0,0,0,0,1,0.0,1,3,1,2,0,0,8,0
Ismaël Bennacer,ALG,MF,Milan,26,1997,3.3,5,4,1,3,1,1,7,14.3,6,5,3,2,3,8,1,0
Medon Berisha,ALB,MF,Lecce,20,2003,8.0,12,8,7,3,2,4,8,50.0,4,6,0,6,11,23,5,2
Adrian Bernabe,ESP,MF,Parma,23,2001,16.1,29,18,16,9,4,14,32,43.8,18,22,9,13,7,36,26,1
Antoine Bernede,FRA,MF,Hellas Verona,25,1999,6.6,15,8,4,9,2,10,16,62.5,6,6,1,5,5,20,3,0
Sam Beukema,NED,DF,Bologna,25,1998,33.5,54,29,27,24,3,22,41,53.7,19,36,21,15,30,84,111,0
Alessandro Bianco,ITA,MF,Monza,21,2002,28.9,51,28,26,17,8,27,41,65.9,14,40,14,26,22,73,53,4
Alessandro Bianco,ITA,MF,Fiorentina,21,2002,0.2,0,0,0,0,0,0,1,0.0,1,0,0,0,0,0,0,0
Jaka Bijol,SVN,DF,Udinese,25,1999,32.9,43,25,32,10,1,21,40,52.5,19,38,18,20,38,81,182,1
Philip Billing,DEN,MF,Napoli,28,1996,2.2,9,6,4,4,1,1,4,25.0,3,4,1,3,4,13,6,0
Cristiano Biraghi,ITA,DF,Torino,31,1992,12.9,16,10,9,3,4,11,18,61.1,7,15,4,11,8,24,44,0
Cristiano Biraghi,ITA,DF,Fiorentina,31,1992,4.8,4,4,1,3,0,2,7,28.6,5,2,0,2,4,8,11,0
Emil Bohinen,NOR,MF,Genoa,25,1999,1.8,4,4,3,0,1,2,5,40.0,3,2,0,2,1,5,6,0
Warren Bondo,FRA,MF,Monza,20,2003,18.0,35,24,19,12,4,13,19,68.4,6,16,6,10,5,40,8,4
Warren Bondo,FRA,MF,Milan,20,2003,1.8,5,3,4,1,0,3,3,100.0,0,1,0,1,0,5,2,0
Kevin Bonifazi,ITA,DF,Lecce,28,1996,0.7,1,1,1,0,0,1,1,100.0,0,1,1,0,2,3,3,0
Ange-Yoan Bonny,FRA,FW,Parma,20,2003,28.1,34,16,4,23,7,8,14,57.1,6,17,2,15,3,37,17,0
Edoardo Bove,ITA,"MF,FW",Fiorentina,22,2002,9.3,24,17,7,14,3,14,28,50.0,14,12,0,12,6,30,8,0
Domagoj Bradarić,CRO,DF,Hellas Verona,24,1999,21.5,36,28,21,11,4,18,29,62.1,11,17,4,13,15,51,49,1
Matthias Braunöder,AUT,MF,Como,22,2002,3.0,10,4,6,3,1,7,11,63.6,4,3,0,3,2,12,4,1
Iker Bravo,ESP,"FW,MF",Udinese,19,2005,7.6,10,6,3,5,2,5,9,55.6,4,4,1,3,1,11,4,0
Gleison Bremer,BRA,DF,Juventus,27,1997,6.0,15,7,9,5,1,4,5,80.0,1,15,11,4,6,21,16,0
Brenner,BRA,"MF,FW",Udinese,24,2000,4.3,6,4,2,3,1,3,8,37.5,5,4,0,4,1,7,6,0
Marco Brescianini,ITA,MF,Atalanta,24,2000,11.0,18,11,5,9,4,8,10,80.0,2,15,2,13,2,20,6,0
Arvid Brorsson,SWE,DF,Monza,25,1999,4.0,4,3,2,2,0,2,5,40.0,3,9,8,1,2,6,35,1
Alessandro Buongiorno,ITA,DF,Napoli,25,1999,21.4,39,23,26,12,1,24,32,75.0,8,30,18,12,35,74,73,2
Rareș-Cătălin Burnete,ROU,FW,Lecce,20,2004,0.3,0,0,0,0,0,0,1,0.0,1,0,0,0,0,0,0,0
Gianluca Busio,USA,MF,Venezia,22,2002,28.0,46,31,24,12,10,20,47,42.6,27,36,8,28,19,65,52,0
Jean Butez,FRA,GK,Como,29,1995,18.5,0,0,0,0,0,0,2,0.0,2,0,0,0,0,0,18,1
Liberato Cacace,NZL,"MF,DF",Empoli,23,2000,24.8,37,25,20,13,4,22,31,71.0,9,26,9,17,22,59,59,0
Davide Calabria,ITA,DF,Bologna,27,1996,7.0,12,8,5,5,2,5,12,41.7,7,4,0,4,3,15,22,1
Davide Calabria,ITA,DF,Milan,27,1996,3.5,10,7,10,0,0,4,7,57.1,3,1,0,1,8,18,8,0
Luca Caldirola,ITA,DF,Monza,33,1991,9.7,11,7,8,3,0,4,7,57.1,3,9,6,3,11,22,43,1
Hakan Çalhanoğlu,TUR,MF,Inter,30,1994,20.9,43,22,7,23,13,21,36,58.3,15,17,8,9,17,60,24,0
Drissa Camara,CIV,"MF,FW",Parma,22,2002,5.0,9,7,2,6,1,1,10,10.0,9,8,0,8,3,12,1,0
Francesco Camarda,ITA,"FW,MF",Milan,16,2008,2.3,5,2,0,2,3,2,6,33.3,4,2,1,1,0,5,3,0
Nicolò Cambiaghi,ITA,FW,Bologna,23,2000,6.9,16,10,6,7,3,5,10,50.0,5,9,0,9,2,18,2,0
Thomas Campaniello,ITA,FW,Empoli,16,2008,0.3,0,0,0,0,0,0,2,0.0,2,0,0,0,0,0,0,0
Matteo Cancellieri,ITA,"FW,MF",Parma,22,2002,15.8,26,16,15,9,2,11,32,34.4,21,15,1,14,13,39,30,0
Fali Candé,GNB,DF,Venezia,26,1998,17.0,25,19,14,10,1,16,23,69.6,7,21,15,6,15,40,90,2
Antonio Candela,ITA,DF,Venezia,24,2000,11.2,31,21,13,11,7,18,26,69.2,8,7,5,2,8,39,22,2
Gianluca Caprari,ITA,"MF,FW",Monza,31,1993,18.3,19,11,8,8,3,7,14,50.0,7,14,0,14,8,27,2,1
Elia Caprile,ITA,GK,Cagliari,22,2001,18.0,1,0,1,0,0,0,2,0.0,2,0,0,0,0,1,9,1
Maxence Caqueret,FRA,MF,Como,24,2000,12.1,36,21,14,18,4,20,38,52.6,18,15,1,14,7,43,4,1
Andrea Carboni,ITA,DF,Monza,23,2001,24.3,60,35,39,17,4,35,53,66.0,18,31,16,15,27,87,106,4
Franco Carboni,ITA,DF,Venezia,21,2003,2.5,5,3,5,0,0,5,8,62.5,3,1,1,0,0,5,11,0
Cesare Casadei,ITA,MF,Torino,21,2003,11.3,12,5,4,8,0,5,10,50.0,5,4,2,2,5,17,26,0
Nicolò Casale,ITA,DF,Bologna,26,1998,10.0,11,5,4,6,1,5,10,50.0,5,15,7,8,17,28,43,3
Valentín Castellanos,ARG,FW,Lazio,25,1998,26.5,13,6,2,4,7,1,10,10.0,9,18,2,16,6,19,25,0
Santiago Castro,ARG,FW,Bologna,19,2004,25.5,18,10,4,9,5,6,17,35.3,11,13,2,11,3,21,20,0
Gaetano Castrovilli,ITA,MF,Monza,27,1997,6.6,12,7,10,2,0,4,11,36.4,7,8,2,6,2,14,9,0
Gaetano Castrovilli,ITA,"MF,FW",Lazio,27,1997,1.6,5,2,3,1,1,2,4,50.0,2,3,0,3,3,8,1,0
Danilo Cataldi,ITA,MF,Fiorentina,29,1994,19.0,25,16,13,10,2,14,27,51.9,13,17,8,9,22,47,35,0
Zeki Çelik,TUR,DF,Roma,27,1997,25.1,62,37,21,31,10,23,43,53.5,20,28,9,19,15,77,84,3
Gabriel Charpentier,CGO,FW,Parma,25,1999,3.0,4,3,2,1,1,3,4,75.0,1,3,0,3,0,4,9,0
Samuel Chukwueze,NGA,"FW,MF",Milan,25,1999,10.3,17,11,7,6,4,5,19,26.3,14,3,0,3,2,19,9,0
Alessandro Circati,AUS,DF,Parma,20,2003,6.0,7,5,6,1,0,1,2,50.0,1,5,4,1,3,10,42,1
Patrick Ciurria,ITA,"MF,DF",Monza,29,1995,12.3,22,14,11,7,4,4,11,36.4,7,13,3,10,6,28,22,0
Saúl Coco,EQG,DF,Torino,25,1999,31.6,46,26,31,14,1,19,30,63.3,11,49,31,18,38,84,157,4
Lorenzo Colombo,ITA,"FW,MF",Empoli,22,2002,24.8,31,14,7,16,8,7,21,33.3,14,33,2,31,2,33,16,1
Andrea Colpani,ITA,"FW,MF",Fiorentina,25,1999,15.9,15,9,5,7,3,4,12,33.3,8,7,0,7,8,23,10,0
Florinel Coman,ROU,"FW,MF",Cagliari,26,1998,2.9,5,3,3,1,1,2,2,100.0,0,2,0,2,1,6,3,0
Pietro Comuzzo,ITA,DF,Fiorentina,19,2005,23.4,43,21,29,11,3,23,29,79.3,6,35,22,13,29,72,113,4
Francisco Conceição,POR,"FW,MF",Juventus,21,2002,14.9,23,14,6,9,8,13,30,43.3,17,7,0,7,6,29,6,0
Diego Coppola,ITA,DF,Hellas Verona,20,2003,32.5,66,36,48,14,4,28,40,70.0,12,44,24,20,72,138,194,2
Maxwel Cornet,CIV,"FW,MF",Genoa,27,1996,2.7,2,1,1,0,1,0,1,0.0,1,1,1,0,2,4,2,0
Joaquín Correa,ARG,"FW,MF",Inter,29,1994,8.1,11,5,4,7,0,4,13,30.8,9,3,0,3,0,11,6,0
Alberto costa,POR,DF,Juventus,20,2003,4.0,14,10,7,5,2,7,9,77.8,2,5,1,4,4,18,14,0
Lassana Coulibaly,MLI,MF,Lecce,28,1996,29.6,48,29,16,28,4,24,61,39.3,37,45,12,33,18,66,46,1
Woyo Coulibaly,MLI,DF,Parma,25,1999,12.0,13,10,9,2,2,5,11,45.5,6,19,2,17,8,21,25,0
Bryan Cristante,ITA,MF,Roma,29,1995,22.7,48,29,18,24,6,15,26,57.7,11,20,10,10,19,67,36,1
Domen Črnigoj,SVN,MF,Venezia,28,1995,1.5,4,2,0,1,3,1,2,50.0,1,5,2,3,4,8,4,0
Patrick Cutrone,ITA,FW,Como,26,1998,22.7,16,11,0,10,6,7,14,50.0,7,11,0,11,5,21,7,0
Wylan Cyprien,FRA,MF,Parma,29,1995,0.3,0,0,0,0,0,0,1,0.0,1,1,0,1,1,1,0,0
Danilo D'Ambrosio,ITA,DF,Monza,35,1988,12.2,28,15,17,10,1,14,23,60.9,9,12,8,4,15,43,36,2
Lucas Da Cunha,FRA,MF,Como,23,2001,29.0,45,25,17,19,9,20,39,51.3,19,18,3,15,17,62,30,1
Thijs Dallinga,NED,FW,Bologna,23,2000,12.8,10,5,0,4,6,3,3,100.0,0,10,1,9,1,11,13,1
Flavius Daniliuc,AUT,DF,Hellas Verona,23,2001,11.2,26,21,14,9,3,15,24,62.5,9,10,3,7,7,33,27,0
Danilo,BRA,DF,Juventus,33,1991,6.5,10,4,7,2,1,5,10,50.0,5,4,3,1,9,19,21,1
Matteo Darmian,ITA,DF,Inter,34,1989,19.8,28,17,12,12,4,14,25,56.0,11,14,6,8,10,38,39,0
Juan David Cabal,COL,DF,Juventus,23,2001,5.1,10,4,7,3,0,8,12,66.7,4,2,0,2,2,12,14,1
Keinan Davis,ENG,FW,Udinese,26,1998,11.8,9,4,1,4,4,3,6,50.0,3,2,1,1,1,10,5,0
Charles De Ketelaere,BEL,"MF,FW",Atalanta,23,2001,23.0,13,9,2,9,2,4,15,26.7,11,14,3,11,3,16,9,1
Mattia De Sciglio,ITA,DF,Empoli,31,1992,8.5,18,13,10,8,0,14,17,82.4,3,10,3,7,8,26,35,1
Lorenzo De Silvestri,ITA,DF,Bologna,36,1988,11.8,11,6,7,1,3,7,16,43.8,9,12,4,8,10,21,32,0
Koni De Winter,BEL,DF,Genoa,22,2002,23.7,33,19,21,8,4,17,25,68.0,8,11,7,4,25,58,118,3
Alessandro Deiola,ITA,MF,Cagliari,28,1995,15.9,31,20,11,17,3,10,32,31.3,22,26,12,14,13,44,38,0
Enrico Del Prato,ITA,DF,Parma,24,1999,32.7,33,17,24,8,1,19,26,73.1,7,69,35,34,19,52,132,2
Fisayo Dele-Bashiru,NGA,"MF,FW",Lazio,23,2001,10.5,10,6,3,3,4,2,6,33.3,4,10,2,8,4,14,5,0
Ali Dembélé,FRA,DF,Torino,20,2004,4.3,9,5,6,3,0,4,4,100.0,0,6,2,4,1,10,11,1
Giovanni Di Lorenzo,ITA,DF,Napoli,30,1993,37.0,66,44,35,25,6,42,65,64.6,23,19,6,13,31,97,85,1
Boulaye Dia,SEN,"MF,FW",Lazio,27,1996,24.2,22,10,5,12,5,7,16,43.8,9,12,1,11,6,28,16,1
Assane Diao,SEN,"FW,MF",Como,18,2005,13.9,25,14,9,10,6,12,28,42.9,16,8,1,7,3,28,19,0
Berat Djimsiti,ALB,DF,Atalanta,31,1993,29.3,53,33,29,23,1,29,40,72.5,11,34,21,13,40,93,141,2
Dodô,BRA,DF,Fiorentina,25,1998,33.6,44,29,25,11,8,25,49,51.0,24,22,5,17,34,78,58,2
Benjamín Domínguez,ARG,FW,Bologna,20,2003,14.2,18,7,2,11,5,6,20,30.0,14,15,1,14,4,22,7,0
Alberto Dossena,ITA,DF,Como,25,1998,20.3,33,20,23,8,2,16,28,57.1,12,22,11,11,22,55,89,1
Issa Doumbia,ITA,MF,Venezia,20,2003,10.4,14,8,6,7,1,7,17,41.2,10,17,5,12,9,23,14,1
Anastasios Douvikas,GRE,FW,Como,24,1999,6.4,3,2,0,3,0,1,4,25.0,3,3,0,3,1,4,3,0
Artem Dovbyk,UKR,FW,Roma,27,1997,26.9,4,2,0,1,3,0,4,0.0,4,10,3,7,2,6,12,0
Ondrej Duda,SVK,MF,Hellas Verona,29,1994,26.6,46,27,21,22,3,29,64,45.3,35,28,9,19,31,77,30,4
Alfred Duncan,GHA,MF,Venezia,31,1993,10.6,17,8,4,11,2,5,14,35.7,9,7,2,5,8,25,8,0
Paulo Dybala,ARG,"FW,MF",Roma,30,1993,15.7,17,7,3,9,5,8,19,42.1,11,12,1,11,2,19,2,0
Enzo Ebosse,CMR,DF,Udinese,25,1999,1.0,0,0,0,0,0,0,2,0.0,2,3,3,0,1,1,1,0
Éderson,BRA,MF,Atalanta,25,1999,32.0,52,32,19,28,5,22,34,64.7,12,30,6,24,35,87,36,1
Kingsley Ehizibue,NED,DF,Udinese,29,1995,27.8,55,35,31,18,6,25,41,61.0,16,41,14,27,23,78,70,5
Jeff Ekhator,ITA,"FW,MF",Genoa,17,2006,8.5,7,4,4,1,2,4,9,44.4,5,10,1,9,2,9,5,0
Jurgen Ekkelenkamp,NED,MF,Udinese,24,2000,21.0,36,25,10,22,4,18,35,51.4,17,26,4,22,12,48,26,0
Emmanuel Ekong,SWE,"MF,FW",Empoli,22,2002,2.1,4,3,0,2,2,3,3,100.0,0,2,1,1,1,5,1,0
Caleb Ekuban,GHA,FW,Genoa,30,1994,6.2,3,3,1,1,1,1,1,100.0,0,4,1,3,1,4,6,0
Elif Elmas,MKD,"FW,MF",Torino,24,1999,11.3,10,7,3,5,2,4,10,40.0,6,8,2,6,6,16,5,2
Emerson,BRA,DF,Milan,25,1999,15.3,45,28,24,16,5,16,34,47.1,18,13,2,11,14,59,56,0
Yannik Engelhardt,GER,"MF,DF",Como,23,2001,12.9,30,12,13,13,4,16,27,59.3,11,13,6,7,11,41,27,0
Martin Erlic,CRO,DF,Bologna,26,1998,3.7,2,0,0,2,0,1,2,50.0,1,5,4,1,2,4,9,0
Sebastiano Esposito,ITA,"FW,MF",Empoli,22,2002,25.9,57,29,15,31,11,18,35,51.4,17,20,2,18,12,69,14,0
Nahuel Estévez,ARG,MF,Parma,28,1995,7.3,16,6,7,8,1,6,15,40.0,9,9,2,7,3,19,26,0
Giovanni Fabbian,ITA,MF,Bologna,21,2003,11.4,10,6,1,3,6,7,13,53.8,6,7,2,5,2,12,4,0
Alieu Fadera,GAM,"FW,DF",Como,22,2001,18.3,64,47,25,27,12,20,45,44.4,25,18,1,17,12,76,10,0
Nicolò Fagioli,ITA,MF,Fiorentina,23,2001,10.7,19,10,8,9,2,9,22,40.9,13,11,2,9,5,24,12,2
Nicolò Fagioli,ITA,MF,Juventus,23,2001,6.3,14,10,7,6,1,6,9,66.7,3,4,0,4,2,16,5,0
Davide Faraoni,ITA,DF,Hellas Verona,32,1991,2.9,10,9,5,5,0,3,9,33.3,6,7,3,4,2,12,12,1
Jacopo Fazzini,ITA,MF,Empoli,21,2003,15.4,32,19,11,16,5,13,23,56.5,10,13,1,12,6,38,24,0
Mattia Felici,ITA,"MF,FW",Cagliari,23,2001,10.3,17,12,8,7,2,4,11,36.4,7,10,0,10,7,24,7,1
João Félix,POR,MF,Milan,24,1999,8.4,6,6,3,2,1,4,14,28.6,10,2,0,2,1,7,9,0
Lewis Ferguson,SCO,MF,Bologna,24,1999,10.9,24,13,4,14,6,9,16,56.3,7,9,2,7,5,29,9,0
Daniel Fila,CZE,FW,Venezia,21,2002,5.5,2,0,0,1,1,0,2,0.0,2,6,0,6,0,2,5,0
Youssouf Fofana,FRA,MF,Milan,25,1999,27.8,56,34,20,31,5,26,52,50.0,26,32,9,23,19,75,24,3
Michael Folorunsho,ITA,"FW,MF",Fiorentina,26,1998,7.2,19,12,9,6,4,8,20,40.0,12,9,1,8,4,23,10,0
Michael Folorunsho,ITA,"FW,MF",Napoli,26,1998,0.4,3,2,0,3,0,2,4,50.0,2,0,0,0,1,4,1,1
Omari Forson,ENG,"MF,FW",Monza,20,2004,2.5,3,3,1,2,0,1,3,33.3,2,3,0,3,1,4,1,0
Davide Frattesi,ITA,MF,Inter,24,1999,12.9,17,8,6,10,1,10,18,55.6,8,12,4,8,5,22,14,1
Morten Frendrup,DEN,MF,Genoa,23,2001,34.5,102,61,23,52,27,34,78,43.6,44,62,16,46,47,149,57,0
Martin Frese,DEN,DF,Hellas Verona,26,1998,6.1,18,11,7,10,1,7,13,53.8,6,5,1,4,8,26,16,1
Remo Freuler,SUI,MF,Bologna,32,1992,35.6,79,40,28,40,11,33,79,41.8,46,38,4,34,38,117,57,1
Matteo Gabbia,ITA,DF,Milan,24,1999,23.9,21,15,13,7,1,8,10,80.0,2,25,19,6,15,36,103,1
Alessandro Gabrielloni,ITA,"FW,MF",Como,30,1994,1.6,0,0,0,0,0,0,3,0.0,3,0,0,0,0,0,1,0
Gianluca Gaetano,ITA,"MF,FW",Cagliari,24,2000,11.2,11,8,4,6,1,5,15,33.3,10,8,0,8,6,17,8,0
Roberto Gagliardini,ITA,"MF,DF",Monza,30,1994,2.0,3,2,1,2,0,1,4,25.0,3,1,0,1,2,5,4,0
Antonino Gallo,ITA,DF,Lecce,24,2000,29.0,65,42,46,15,4,34,62,54.8,28,33,6,27,20,85,133,0
Silvère Ganvoula M'Boussy,CGO,FW,Monza,28,1996,3.6,0,0,0,0,0,0,1,0.0,1,1,0,1,1,1,5,0
Federico Gatti,ITA,DF,Juventus,26,1998,24.4,28,23,18,8,2,14,24,58.3,10,27,18,9,18,46,76,2
David de Gea,ESP,GK,Fiorentina,33,1990,34.0,1,0,1,0,0,1,1,100.0,0,0,0,0,0,1,12,0
Valentin Gendrey,FRA,DF,Lecce,24,2000,2.0,2,2,1,0,1,1,1,100.0,0,3,1,2,2,4,1,0
Daniele Ghilardi,ITA,DF,Hellas Verona,21,2003,22.5,44,29,27,17,0,25,41,61.0,16,29,15,14,30,74,106,0
Lautaro Gianetti,ARG,DF,Udinese,30,1993,9.8,22,10,16,5,1,14,20,70.0,6,20,10,10,15,37,49,1
Samuel Gigot,FRA,DF,Lazio,30,1993,7.6,4,3,1,3,0,0,1,0.0,1,8,6,2,13,17,36,0
Mario Gila,ESP,DF,Lazio,23,2000,30.5,55,37,35,18,2,37,56,66.1,19,20,13,7,28,83,115,4
Billy Gilmour,SCO,MF,Napoli,23,2001,13.1,24,16,10,9,5,12,20,60.0,8,6,1,5,9,33,23,0
Santiago Giménez,MEX,FW,Milan,23,2001,7.4,5,3,0,4,1,3,4,75.0,1,3,1,2,1,6,13,0
Gvidas Gineitis,LTU,MF,Torino,20,2004,15.9,25,15,8,10,7,13,25,52.0,12,16,6,10,18,43,32,0
Ben Godfrey,ENG,DF,Atalanta,26,1998,0.3,0,0,0,0,0,0,1,0.0,1,1,1,0,0,0,0,0
Saba Goglichidze,GEO,DF,Empoli,20,2004,28.2,64,37,36,25,3,25,51,49.0,26,36,17,19,33,97,97,3
Edoardo Goldaniga,ITA,DF,Como,30,1993,28.1,34,21,21,8,5,13,18,72.2,5,21,10,11,33,67,102,3
Nicolás González,ARG,"FW,MF",Juventus,26,1998,19.4,24,13,10,9,5,9,25,36.0,16,16,4,12,9,33,37,2
Robin Gosens,GER,DF,Fiorentina,30,1994,27.0,56,31,31,17,8,25,44,56.8,19,34,11,23,18,74,91,0
Lucas Gourna-Douath,FRA,MF,Roma,20,2003,2.5,9,4,5,4,0,2,6,33.3,4,1,1,0,0,9,2,0
Alberto Grassi,ITA,MF,Empoli,29,1995,24.5,39,21,16,18,5,14,22,63.6,8,22,12,10,33,72,43,1
Mattéo Guendouzi,FRA,MF,Lazio,25,1999,36.3,37,21,13,19,5,20,47,42.6,27,34,9,25,32,69,50,2
Frederic Guilbert,FRA,DF,Lecce,29,1994,27.1,65,36,30,29,6,36,55,65.5,19,28,8,20,47,112,113,3
Albert Guðmundsson,ISL,"FW,MF",Fiorentina,27,1997,14.1,9,5,2,4,3,7,17,41.2,10,5,0,5,6,15,9,1
Christian Gytkjær,DEN,FW,Venezia,34,1990,8.4,6,4,2,2,2,1,2,50.0,1,3,1,2,0,6,8,0
Nicolas Haas,SUI,MF,Empoli,28,1996,3.2,11,8,4,5,2,5,9,55.6,4,2,1,1,4,15,6,0
Mohamed Haj,TUN,MF,Parma,19,2005,5.0,3,1,2,1,0,1,2,50.0,1,3,1,2,4,7,5,0
Ridgeciano Haps,SUR,DF,Venezia,31,1993,15.2,30,16,19,8,3,14,22,63.6,8,18,3,15,7,37,48,0
Abdou Harroui,NED,"MF,FW",Hellas Verona,26,1998,5.1,9,6,6,3,0,4,4,100.0,0,5,0,5,2,11,5,0
Liam Henderson,SCO,MF,Empoli,28,1996,26.0,42,22,17,22,3,22,53,41.5,31,19,5,14,15,57,42,0
Mario Hermoso,ESP,DF,Roma,29,1995,2.8,2,1,2,0,0,0,1,0.0,1,1,1,0,4,6,13,0
Theo Hernández,FRA,DF,Milan,26,1997,30.0,36,28,23,10,3,21,39,53.8,18,25,10,15,17,53,75,3
Hernani,BRA,MF,Parma,30,1994,14.7,47,26,25,18,4,27,50,54.0,23,26,6,20,19,66,12,1
Isak Hien,SWE,DF,Atalanta,25,1999,25.9,48,28,27,21,0,27,44,61.4,17,31,18,13,31,79,82,2
Emil Holm,SWE,DF,Bologna,24,2000,12.6,34,21,17,14,3,20,31,64.5,11,19,4,15,10,44,51,1
Mats Hummels,GER,DF,Roma,35,1988,10.2,30,15,16,14,0,11,18,61.1,7,12,4,8,26,56,43,0
Elseid Hysaj,ALB,DF,Lazio,30,1994,4.7,11,6,6,5,0,3,3,100.0,0,5,2,3,5,16,21,0
Jay Idzes,IDN,DF,Venezia,24,2000,34.7,45,29,24,17,4,17,33,51.5,16,52,32,20,32,77,156,0
Jonathan Ikone,FRA,FW,Como,26,1998,6.0,15,9,4,3,8,6,11,54.5,5,5,1,4,0,15,1,1
Jonathan Ikone,FRA,"FW,MF",Fiorentina,26,1998,3.7,5,2,3,2,0,2,4,50.0,2,3,0,3,1,6,1,0
Ivan Ilić,SRB,MF,Torino,23,2001,10.2,5,2,0,4,1,2,8,25.0,6,0,0,0,5,10,10,0
Samuel Iling-Junior,ENG,"FW,MF",Bologna,20,2003,1.3,3,2,1,1,1,0,1,0.0,1,1,0,1,2,5,2,0
Gustav Isaksen,DEN,FW,Lazio,23,2001,24.6,16,9,7,8,1,7,28,25.0,21,22,2,20,10,26,21,1
Ardian Ismajli,ALB,DF,Empoli,27,1996,27.9,30,23,21,9,0,16,20,80.0,4,35,24,11,56,86,249,3
Armando Izzo,ITA,DF,Monza,32,1992,27.1,40,15,30,9,1,18,36,50.0,18,38,28,10,45,85,101,0
Fellipe Jack,BRA,DF,Como,18,2006,1.9,9,4,8,1,0,3,5,60.0,2,2,2,0,4,13,5,0
Ali Jasim,IRQ,"FW,DF",Como,20,2004,0.1,1,0,1,0,0,1,1,100.0,0,0,0,0,0,1,0,0
Gaby Jean,FRA,DF,Lecce,24,2000,15.4,14,7,8,5,1,6,11,54.5,5,13,10,3,9,23,71,1
Juan Jesus,BRA,DF,Napoli,33,1991,11.9,25,14,16,9,0,12,20,60.0,8,15,3,12,9,34,42,0
Þórir Jóhann Helgason,ISL,MF,Lecce,23,2000,12.8,10,7,3,6,1,7,13,53.8,6,7,2,5,6,16,11,2
Mohamed Kaba,FRA,MF,Lecce,22,2001,5.0,13,8,7,5,1,8,10,80.0,2,11,4,7,4,17,10,1
Christian Kabasele,BEL,DF,Udinese,33,1991,12.9,17,9,10,7,0,11,14,78.6,3,14,8,6,14,31,75,1
Pierre Kalulu,FRA,DF,Juventus,24,2000,26.0,41,25,29,9,3,18,24,75.0,6,27,15,12,17,58,68,1
Hassane Kamara,CIV,DF,Udinese,30,1994,22.2,35,25,20,11,4,16,28,57.1,12,23,5,18,26,61,49,1
Yann Karamoh,FRA,"MF,FW",Torino,26,1998,11.6,5,2,2,1,2,4,9,44.4,5,10,2,8,3,8,5,0
Jesper Karlsson,SWE,FW,Bologna,26,1998,3.3,1,0,0,0,1,0,2,0.0,2,4,0,4,0,1,3,0
Jesper Karlsson,SWE,FW,Lecce,26,1998,5.5,3,2,3,0,0,2,8,25.0,6,2,0,2,0,3,4,0
Jesper Karlström,SWE,MF,Udinese,29,1995,35.4,61,34,32,21,8,25,51,49.0,26,28,11,17,35,96,82,5
Lior Kasa,ISR,"MF,FW",Genoa,18,2005,2.6,4,4,2,2,0,2,5,40.0,3,4,1,3,3,7,5,0
Grigoris Kastanos,CYP,"MF,FW",Hellas Verona,26,1998,9.7,23,16,8,7,8,9,21,42.9,12,17,2,15,7,30,8,0
Moise Kean,ITA,FW,Fiorentina,24,2000,29.1,7,5,1,2,4,3,4,75.0,1,12,0,12,5,12,26,1
Mandela Keita,BEL,MF,Parma,22,2002,20.3,44,25,13,25,6,18,35,51.4,17,18,7,11,21,65,29,2
Lloyd Kelly,ENG,DF,Juventus,25,1998,11.3,15,11,5,9,1,7,9,77.8,2,11,6,5,2,17,56,3
Marc-Oliver Kempf,GER,DF,Como,29,1995,29.1,30,20,15,14,1,13,24,54.2,11,35,26,9,33,63,136,4
Kialonda,ANG,DF,Lecce,26,1997,23.8,34,12,24,10,0,12,17,70.6,5,44,28,16,32,66,132,1
Magnus Kofod Andersen,DEN,MF,Venezia,25,1999,7.7,13,4,3,9,1,4,10,40.0,6,7,2,5,6,19,12,0
Sead Kolašinac,BIH,DF,Atalanta,31,1993,21.1,41,26,21,20,0,16,30,53.3,14,16,7,9,25,66,53,1
Randal Kolo Muani,FRA,FW,Juventus,25,1998,12.9,11,7,3,5,3,4,5,80.0,1,8,0,8,4,15,2,0
Ismael Konate,CIV,"FW,MF",Empoli,18,2006,1.3,4,2,4,0,0,2,3,66.7,1,3,2,1,0,4,1,0
Manu Koné,FRA,MF,Roma,23,2001,28.6,41,26,17,17,7,19,40,47.5,21,27,4,23,24,65,28,0
Teun Koopmeiners,NED,"MF,FW",Juventus,26,1998,22.2,32,16,6,19,7,10,30,33.3,20,36,14,22,8,40,26,2
Odilon Kossounou,CIV,DF,Atalanta,23,2001,12.5,16,11,8,6,2,6,13,46.2,7,16,6,10,13,29,25,1
Christian Kouamé,CIV,"FW,MF",Fiorentina,26,1997,6.9,13,8,4,4,5,0,3,0.0,3,3,1,2,2,15,10,0
Christian Kouamé,CIV,"FW,MF",Empoli,26,1997,5.6,5,4,0,3,2,2,4,50.0,2,4,2,2,0,5,4,0
Viktor Kovalenko,UKR,MF,Empoli,28,1996,0.9,2,1,0,2,0,0,1,0.0,1,0,0,0,0,2,0,0
Thomas Kristensen,DEN,DF,Udinese,22,2002,19.5,31,21,16,11,4,20,32,62.5,12,18,13,5,21,52,80,2
Nikola Krstović,MNE,FW,Lecce,24,2000,34.0,18,9,4,7,7,7,16,43.8,9,12,7,5,7,25,24,0
Khvicha Kvaratskhelia,GEO,"FW,MF",Napoli,23,2001,13.1,15,9,4,10,1,4,15,26.7,11,13,0,13,4,19,7,0
Giorgos Kyriakopoulos,GRE,DF,Monza,28,1996,31.6,43,26,20,18,5,30,61,49.2,31,28,10,18,23,66,79,0
Mathis Lambourde,FRA,"FW,MF",Hellas Verona,18,2006,1.0,3,1,2,1,0,1,3,33.3,2,3,0,3,0,3,1,0
Gianluca Lapadula,PER,"FW,MF",Cagliari,34,1990,3.4,2,0,1,0,1,0,1,0.0,1,0,0,0,0,2,1,0
Manuel Lazzari,ITA,DF,Lazio,30,1993,15.6,26,16,13,11,2,14,24,58.3,10,9,5,4,10,36,19,0
Enzo Le Fée,FRA,MF,Roma,24,2000,3.5,7,4,5,2,0,2,6,33.3,4,9,3,6,5,12,2,0
Rafael Leão,POR,FW,Milan,25,1999,25.8,16,10,4,8,4,11,29,37.9,18,15,1,14,6,22,4,0
Stefan Lekovic,SRB,DF,Monza,20,2004,4.1,9,4,6,2,1,5,13,38.5,8,4,4,0,7,16,5,0
Giovanni Leoni,ITA,DF,Parma,17,2006,13.3,14,6,10,4,0,5,10,50.0,5,20,11,9,15,29,63,1
Ben Lhassine Kone,CIV,MF,Como,24,2000,0.6,2,2,1,0,1,2,3,66.7,1,0,0,0,1,3,1,0
Mattia Liberali,ITA,MF,Milan,17,2007,0.7,2,1,0,1,1,2,2,100.0,0,0,0,0,0,2,0,0
Karol Linetty,POL,MF,Torino,29,1995,17.1,39,23,17,19,3,20,41,48.8,21,14,5,9,12,51,31,1
Dailon Livramento,CPV,"FW,MF",Hellas Verona,23,2001,10.4,15,11,2,7,6,7,13,53.8,6,10,2,8,3,18,9,0
Stanislav Lobotka,SVK,MF,Napoli,29,1994,29.3,47,30,16,21,10,19,31,61.3,12,29,11,18,21,68,57,1
Manuel Locatelli,ITA,MF,Juventus,26,1998,31.4,72,49,29,35,8,32,56,57.1,24,58,20,38,23,95,77,0
Ruben Loftus-Cheek,ENG,MF,Milan,28,1996,11.5,19,8,6,9,4,6,12,50.0,6,3,0,3,3,22,20,0
Ademola Lookman,NGA,"MF,FW",Atalanta,26,1997,25.0,32,15,9,15,8,11,19,57.9,8,19,0,19,3,35,5,1
Sandi Lovrić,SVN,MF,Udinese,26,1998,25.6,46,29,25,17,4,22,44,50.0,22,33,5,28,22,68,27,1
Lorenzo Lucca,ITA,FW,Udinese,23,2000,26.1,10,6,3,2,5,5,11,45.5,6,18,1,17,7,17,27,0
Jhon Lucumí,COL,DF,Bologna,26,1998,29.0,53,30,23,29,1,29,41,70.7,12,32,14,18,26,79,88,7
José Luis Palomino,ARG,DF,Cagliari,34,1990,12.0,27,15,16,9,2,15,21,71.4,6,21,11,10,22,49,46,0
Douglas Luiz,BRA,MF,Juventus,26,1998,5.9,13,8,7,5,1,6,9,66.7,3,5,2,3,4,17,5,0
Romelu Lukaku,BEL,FW,Napoli,31,1993,31.6,4,2,0,2,2,1,4,25.0,3,7,2,5,1,5,17,0
Sebastiano Luperto,ITA,DF,Cagliari,27,1996,36.0,48,27,31,16,1,18,28,64.3,10,30,15,15,33,81,161,1
Zito Luvumbo,ANG,"FW,MF",Cagliari,22,2002,17.8,10,6,4,3,3,6,19,31.6,13,5,0,5,4,14,4,0
Charalampos Lykogiannis,GRE,DF,Bologna,30,1993,11.6,23,14,14,8,1,10,20,50.0,10,10,5,5,11,34,41,1
Giangiacomo Magnani,ITA,DF,Hellas Verona,28,1995,11.8,20,15,14,6,0,7,7,100.0,0,16,9,7,17,37,73,1
Mike Maignan,FRA,GK,Milan,29,1995,36.6,0,0,0,0,0,0,1,0.0,1,1,0,1,0,0,19,3
Antoine Makoumbou,CGO,MF,Cagliari,26,1998,23.9,42,23,28,11,3,19,25,76.0,6,26,5,21,17,59,28,0
Daniel Maldini,ITA,"MF,FW",Monza,22,2001,14.5,14,6,5,9,0,6,13,46.2,7,8,2,6,4,18,12,2
Daniel Maldini,ITA,"FW,MF",Atalanta,22,2001,2.9,2,2,0,1,1,1,2,50.0,1,1,0,1,2,4,3,0
Youssef Maleh,MAR,MF,Empoli,25,1998,16.8,45,23,17,23,5,17,34,50.0,17,25,6,19,16,61,25,0
Ruslan Malinovskyi,UKR,"MF,FW",Genoa,31,1993,4.3,12,8,4,7,1,3,6,50.0,3,2,0,2,1,13,4,0
Dennis Man,ROU,"FW,MF",Parma,25,1998,22.2,13,6,7,3,3,6,24,25.0,18,15,3,12,8,21,11,0
Gianluca Mancini,ITA,DF,Roma,28,1996,34.9,42,26,22,18,2,20,34,58.8,14,22,16,6,35,77,103,0
Rolando Mandragora,ITA,MF,Fiorentina,27,1997,20.6,23,13,9,12,2,14,31,45.2,17,22,7,15,15,38,54,1
Alessandro Marcandalli,ITA,DF,Venezia,21,2002,3.9,8,6,6,2,0,3,6,50.0,3,6,3,3,2,10,26,0
Pablo Marí,ESP,DF,Monza,30,1993,18.1,26,15,14,12,0,11,21,52.4,10,24,21,3,37,63,85,2
Pablo Marí,ESP,DF,Fiorentina,30,1993,12.2,14,9,11,3,0,6,11,54.5,5,19,14,5,25,39,94,0
Luca Marianucci,ITA,DF,Empoli,20,2004,11.9,28,12,17,11,0,11,19,57.9,8,16,8,8,19,47,63,1
Mirko Marić,CRO,"FW,MF",Monza,29,1995,1.2,1,0,1,0,0,1,2,50.0,1,1,1,0,1,2,1,0
Mirko Marić,CRO,FW,Venezia,29,1995,4.0,6,3,5,1,0,2,5,40.0,3,3,1,2,1,7,10,0
Rafa Marín,ESP,DF,Napoli,22,2002,1.6,1,0,1,0,0,1,2,50.0,1,1,1,0,1,2,4,0
Răzvan Marin,ROU,MF,Cagliari,28,1996,15.6,22,13,8,11,3,13,25,52.0,12,7,0,7,2,24,20,2
Guillermo Maripán,CHI,DF,Torino,30,1994,26.0,40,23,25,14,1,21,33,63.6,12,27,13,14,41,81,138,1
Aarón Martín,ESP,DF,Genoa,27,1997,34.3,71,47,41,26,4,33,51,64.7,18,33,11,22,19,90,73,1
Lautaro Martínez,ARG,FW,Inter,26,1997,27.5,30,16,10,12,8,13,25,52.0,12,21,3,18,10,40,15,0
Lucas Martínez Quarta,ARG,DF,Fiorentina,28,1996,3.9,12,7,9,3,0,8,13,61.5,5,5,2,3,3,15,25,1
Kevin Martins,ITA,"MF,DF",Monza,19,2005,2.0,5,4,3,2,0,3,6,50.0,3,1,0,1,1,6,4,1
Adam Marušić,MNE,DF,Lazio,31,1992,26.0,32,20,18,12,2,18,30,60.0,12,18,8,10,16,48,61,0
Adam Masina,MAR,DF,Torino,30,1994,21.3,33,15,22,10,1,23,40,57.5,17,28,15,13,27,60,95,2
Patrizio Masini,ITA,MF,Genoa,23,2001,17.1,54,29,18,26,10,19,40,47.5,21,26,8,18,15,69,37,0
Alan Matturro,URU,DF,Genoa,19,2004,10.0,11,6,6,5,0,3,14,21.4,11,10,3,7,14,25,38,0
Luca Mazzitelli,ITA,MF,Como,28,1995,3.7,9,6,4,5,0,5,7,71.4,2,5,2,3,3,12,10,0
Samuel Mbangula,BEL,FW,Juventus,20,2004,7.9,15,10,7,6,2,7,13,53.8,6,7,0,7,3,18,4,0
Weston McKennie,USA,"MF,DF",Juventus,25,1998,25.7,33,12,18,11,4,13,22,59.1,9,28,8,20,14,47,37,0
Scott McTominay,SCO,MF,Napoli,27,1996,32.6,43,25,12,27,4,18,36,50.0,18,22,5,17,24,67,51,0
Filippo Melegoni,ITA,"MF,FW",Genoa,25,1999,1.0,1,1,1,0,0,0,4,0.0,4,0,0,0,0,1,2,0
Junior Messias,BRA,"MF,FW",Genoa,33,1991,9.4,13,7,6,6,1,3,10,30.0,7,8,2,6,6,19,20,0
Valentin Mihaila,ROU,"FW,MF",Parma,24,2000,14.3,29,15,8,13,8,9,22,40.9,13,18,0,18,8,37,6,0
Vanja Milinković-Savić,SRB,GK,Torino,27,1997,37.0,1,0,1,0,0,1,3,33.3,2,0,0,0,0,1,18,4
Yerry Mina,COL,DF,Cagliari,29,1994,28.5,66,32,43,21,2,40,52,76.9,12,59,35,24,37,103,163,3
Juan Miranda,ESP,DF,Bologna,24,2000,25.3,32,18,11,14,7,14,33,42.4,19,21,3,18,23,55,50,1
Fabio Miretti,ITA,"MF,FW",Genoa,20,2003,18.6,28,15,6,14,8,18,33,54.5,15,20,1,19,7,35,13,2
Henrikh Mkhitaryan,ARM,MF,Inter,35,1989,25.9,43,24,17,16,10,20,45,44.4,25,29,5,24,16,59,41,0
Lorenzo Montipò,ITA,GK,Hellas Verona,28,1996,36.0,1,0,1,0,0,1,4,25.0,3,0,0,0,0,1,24,4
Álvaro Morata,ESP,"FW,MF",Milan,31,1992,12.2,16,10,5,8,3,5,8,62.5,3,7,2,5,5,21,5,0
Alberto Moreno,ESP,DF,Como,32,1992,19.2,25,11,17,8,0,12,26,46.2,14,12,3,9,14,39,40,2
Matias Moreno,ARG,DF,Fiorentina,20,2003,1.6,8,8,5,3,0,4,4,100.0,0,5,1,4,1,9,9,0
Tete Morente,ESP,"FW,MF",Lecce,27,1996,22.5,27,17,10,11,6,10,36,27.8,26,16,1,15,14,41,31,1
Nikola Moro,CRO,MF,Bologna,26,1998,13.4,35,27,7,21,7,22,33,66.7,11,18,7,11,13,48,18,0
Daniel Mosquera,COL,FW,Hellas Verona,24,1999,15.3,11,8,3,5,3,1,15,6.7,14,11,1,10,2,13,10,0
Dany Mota,POR,"FW,MF",Monza,26,1998,23.4,13,3,2,3,8,4,8,50.0,4,18,1,17,9,22,27,3
Yunus Musah,USA,"MF,FW",Milan,21,2002,17.5,27,19,13,9,5,12,17,70.6,5,9,1,8,7,34,9,3
Obite N'Dicka,CIV,DF,Roma,24,1999,38.0,32,26,17,15,0,14,21,66.7,7,46,30,16,33,65,150,2
Konan N'dri,CIV,"FW,MF",Lecce,23,2000,3.4,3,3,0,0,3,2,3,66.7,1,4,0,4,1,4,0,0
Michel Ndary Adopo,FRA,MF,Cagliari,24,2000,26.8,55,32,16,31,8,15,29,51.7,14,20,5,15,27,82,25,0
Cher Ndour,ITA,"MF,DF",Fiorentina,20,2004,4.5,4,1,2,1,1,2,10,20.0,8,5,1,4,2,6,7,1
Dan Ndoye,SUI,FW,Bologna,23,2000,23.8,26,19,8,8,10,16,28,57.1,12,23,0,23,9,35,4,0
Victor Nelsson,DEN,DF,Roma,25,1998,2.1,5,4,3,1,1,3,5,60.0,2,1,0,1,2,7,9,0
David Neres,BRA,FW,Napoli,27,1997,14.3,21,11,10,4,7,10,15,66.7,5,7,0,7,7,28,4,0
Cyril Ngonge,BEL,FW,Napoli,24,2000,2.4,8,5,4,4,0,4,7,57.1,3,3,0,3,2,10,4,0
Hans Nicolussi Caviglia,ITA,MF,Venezia,24,2000,31.8,47,28,17,22,8,29,64,45.3,35,39,12,27,28,75,55,2
Eybi Nije,SWE,"FW,MF",Torino,19,2005,4.4,5,1,3,1,1,0,3,0.0,3,5,1,4,0,5,1,0
Tijjani Noslin,NED,"FW,MF",Lazio,25,1999,9.6,6,5,2,1,3,1,8,12.5,7,15,1,14,1,7,7,0
Adam Obert,SVK,DF,Cagliari,21,2002,12.0,31,18,12,17,2,16,27,59.3,11,19,7,12,23,54,48,2
Jens Odgaard,DEN,"MF,FW",Bologna,25,1999,21.7,20,14,3,12,5,6,21,28.6,15,19,2,17,9,29,12,1
Noah Okafor,SUI,FW,Milan,24,2000,4.6,2,1,0,0,2,0,1,0.0,1,1,0,1,2,4,1,0
Noah Okafor,SUI,"FW,MF",Napoli,24,2000,0.4,3,2,3,0,0,2,2,100.0,0,0,0,0,0,3,1,0
Mathías Olivera,URU,DF,Napoli,26,1997,26.3,63,35,31,25,7,32,53,60.4,21,36,12,24,28,91,74,1
Jean Onana,CMR,MF,Genoa,24,2000,3.4,12,6,2,10,0,5,9,55.6,4,6,1,5,4,16,8,1
Jacob Ondrejka,SWE,"MF,FW",Parma,21,2002,4.7,12,6,5,7,0,10,12,83.3,2,2,0,2,7,19,2,0
Gaetano Oristanio,ITA,"FW,MF",Venezia,21,2002,25.7,17,13,5,8,4,7,15,46.7,8,16,0,16,6,23,6,1
Riccardo Orsolini,ITA,FW,Bologna,27,1997,20.9,16,13,6,6,4,5,11,45.5,6,26,0,26,8,24,10,1
Yordan Osorio,VEN,DF,Parma,30,1994,1.9,5,3,4,1,0,2,2,100.0,0,3,1,2,4,9,6,1
Sebastian Otoa,DEN,DF,Genoa,20,2004,2.0,1,0,1,0,0,1,2,50.0,1,1,1,0,3,4,14,0
Remi Oudin,FRA,"MF,FW",Lecce,27,1996,3.3,3,1,1,1,1,2,4,50.0,2,6,2,4,2,5,1,0
Cheick Oumar Conde,GUI,MF,Venezia,24,2000,1.7,6,5,3,2,1,2,5,40.0,3,7,2,5,4,10,3,0
Daniel Oyegoke,ENG,DF,Hellas Verona,21,2003,1.1,2,2,1,0,1,1,1,100.0,0,1,0,1,1,3,7,0
Daniele Padelli,ITA,GK,Udinese,38,1985,1.0,0,0,0,0,0,0,1,0.0,1,0,0,0,0,0,0,0
Simone Pafundi,ITA,"MF,DF",Udinese,18,2006,1.3,3,3,2,0,1,1,4,25.0,3,0,0,0,0,3,1,0
Tomás Palacios,ARG,DF,Monza,21,2003,5.0,11,5,9,2,0,9,13,69.2,4,7,2,5,8,19,17,2
Marco Palestra,ITA,DF,Atalanta,19,2005,2.5,6,4,3,2,1,3,3,100.0,0,4,1,3,2,8,4,0
Leandro Paredes,ARG,MF,Roma,30,1994,15.3,26,14,9,12,5,16,32,50.0,16,14,5,9,19,45,33,2
Mario Pašalić,CRO,MF,Atalanta,29,1995,21.9,26,16,11,13,2,11,26,42.3,15,22,7,15,12,38,28,1
Patric,ESP,DF,Lazio,31,1993,6.7,9,6,6,3,0,6,10,60.0,4,3,2,1,3,12,22,1
Benjamin Pavard,FRA,DF,Inter,28,1996,17.6,29,16,12,12,5,18,25,72.0,7,16,12,4,16,45,52,0
Strahinja Pavlović,SRB,DF,Milan,23,2001,20.7,52,31,32,19,1,29,50,58.0,21,17,6,11,16,68,82,0
Martín Payero,ARG,MF,Udinese,25,1998,15.3,24,16,4,14,6,8,16,50.0,8,16,2,14,13,37,13,0
Nicolás Paz,ARG,"MF,FW",Como,19,2004,29.9,51,33,18,26,7,24,51,47.1,27,49,3,46,21,72,16,0
Marcus Pedersen,NOR,DF,Torino,24,2000,15.1,13,8,6,6,1,10,16,62.5,6,11,2,9,13,26,34,1
Pedro,ESP,"FW,MF",Lazio,37,1987,12.2,19,14,5,9,5,10,21,47.6,11,11,0,11,3,22,3,1
Pietro Pellegri,ITA,FW,Empoli,23,2001,4.6,7,2,0,6,1,2,4,50.0,2,2,0,2,0,7,3,0
Lorenzo Pellegrini,ITA,MF,Roma,28,1996,18.1,24,16,5,13,6,8,19,42.1,11,8,1,7,6,30,22,0
Luca Pellegrini,ITA,DF,Lazio,25,1999,11.9,23,11,11,10,2,17,32,53.1,15,10,3,7,19,42,32,0
Mateo Pellegrino,ARG,FW,Parma,23,2001,8.2,3,2,1,2,0,1,4,25.0,3,6,1,5,1,4,6,0
Andy Pelmard,FRA,DF,Lecce,24,2000,1.4,6,6,5,1,0,4,4,100.0,0,1,0,1,0,6,5,0
Sergiu Perciun,MDA,"FW,MF",Torino,18,2006,1.7,2,2,0,0,2,1,4,25.0,3,2,0,2,1,3,2,0
Pedro Pereira,POR,DF,Monza,26,1998,29.6,53,32,30,18,5,35,55,63.6,20,26,12,14,21,74,85,5
Gastón Pereiro,URU,MF,Genoa,29,1995,0.3,1,0,0,1,0,1,1,100.0,0,0,0,0,0,1,1,0
Kike Pérez,ESP,MF,Venezia,27,1997,12.4,41,25,18,12,11,18,44,40.9,26,14,2,12,10,51,15,0
Nehuén Pérez,ARG,DF,Udinese,24,2000,2.0,1,1,0,0,1,0,1,0.0,1,2,2,0,1,2,7,0
Máximo Perrone,ARG,MF,Como,21,2003,20.6,38,27,19,14,5,13,38,34.2,25,15,2,13,20,58,43,0
Matteo Pessina,ITA,MF,Monza,27,1997,9.5,15,4,3,11,1,9,14,64.3,5,6,0,6,12,27,7,0
Andrea Petagna,ITA,FW,Monza,29,1995,3.7,2,1,0,1,1,1,2,50.0,1,0,0,0,1,3,2,0
Roberto Piccoli,ITA,FW,Cagliari,23,2001,34.7,13,9,2,6,5,3,12,25.0,9,12,4,8,3,16,31,0
Nicholas Pierini,ITA,MF,Venezia,25,1998,0.9,0,0,0,0,0,0,1,0.0,1,2,0,2,0,0,0,0
Santiago Pierotti,ARG,FW,Lecce,23,2001,21.5,46,24,22,18,6,23,51,45.1,28,31,5,26,14,60,32,0
Balthazar Pierret,FRA,MF,Lecce,24,2000,19.1,51,31,25,23,3,13,30,43.3,17,19,5,14,19,70,31,1
Andrea Pinamonti,ITA,FW,Genoa,25,1999,31.7,10,6,0,7,3,2,8,25.0,6,16,4,12,1,11,28,2
Niccolò Pisilli,ITA,MF,Roma,19,2004,13.6,24,11,11,8,5,12,22,54.5,10,14,3,11,11,35,16,0
Semuel Pizzignacco,ITA,GK,Monza,22,2001,8.2,0,0,0,0,0,0,1,0.0,1,0,0,0,0,0,6,0
Tommaso Pobega,ITA,MF,Bologna,25,1999,13.1,33,19,12,15,6,22,30,73.3,8,16,4,12,14,47,16,0
Joel Pohjanpalo,FIN,FW,Venezia,29,1994,17.8,3,3,1,2,0,0,4,0.0,4,7,4,3,4,7,24,0
Matteo Politano,ITA,"FW,MF",Napoli,30,1993,31.2,29,15,17,11,1,15,43,34.9,28,21,1,20,13,42,50,1
Marin Pongračić,CRO,DF,Fiorentina,26,1997,14.4,18,13,13,4,1,7,11,63.6,4,14,6,8,12,30,69,2
Stefan Posch,AUT,DF,Bologna,27,1997,7.9,26,15,12,9,5,15,25,60.0,10,19,4,15,5,31,22,0
Stefan Posch,AUT,DF,Atalanta,27,1997,4.3,18,11,7,8,3,8,9,88.9,1,5,1,4,4,22,13,0
Matteo Prati,ITA,MF,Cagliari,20,2003,6.3,10,4,2,7,1,3,11,27.3,8,5,2,3,7,17,10,1
Christian Pulisic,USA,"FW,MF",Milan,25,1998,27.5,43,29,17,14,12,15,37,40.5,22,24,2,22,5,48,13,2
Hamza Rafia,TUN,MF,Lecce,25,1999,11.8,44,27,14,25,5,15,32,46.9,17,7,2,5,4,48,18,1
Ylber Ramadani,ALB,MF,Lecce,28,1996,20.1,51,28,24,27,0,33,52,63.5,19,26,9,17,24,75,26,3
Luca Ranieri,ITA,DF,Fiorentina,25,1999,33.1,42,24,28,12,2,20,25,80.0,5,47,32,15,27,69,154,1
Giacomo Raspadori,ITA,"FW,MF",Napoli,24,2000,12.3,18,9,6,10,2,8,12,66.7,4,10,2,8,3,21,13,0
Ante Rebić,CRO,"FW,MF",Lecce,30,1993,8.8,12,9,5,5,2,3,9,33.3,6,7,1,6,2,14,4,1
Tijjani Reijnders,NED,MF,Milan,26,1998,34.8,26,13,6,14,6,10,26,38.5,16,22,4,18,38,64,28,2
Pepe Reina,ESP,GK,Como,41,1982,11.5,0,0,0,0,0,0,1,0.0,1,0,0,0,0,0,3,2
Devyne Rensch,NED,DF,Roma,21,2003,5.2,17,13,8,8,1,9,10,90.0,1,5,3,2,7,24,12,1
Mateo Retegui,ITA,FW,Atalanta,25,1999,26.5,14,9,0,9,5,3,16,18.8,13,7,0,7,4,18,17,0
Samuele Ricci,ITA,MF,Torino,22,2001,31.4,35,21,15,14,6,18,28,64.3,10,23,9,14,25,60,51,2
Amir Richardson,MAR,MF,Fiorentina,22,2002,11.4,30,13,13,15,2,9,21,42.9,12,14,1,13,6,36,29,1
Sergi Roberto,ESP,MF,Como,32,1992,7.7,14,8,5,5,4,5,7,71.4,2,7,1,6,9,23,14,0
Alessio Romagnoli,ITA,DF,Lazio,29,1995,29.7,48,29,20,26,2,22,27,81.5,5,33,17,16,26,74,118,1
Marten de Roon,NED,"MF,DF",Atalanta,33,1991,34.0,74,48,32,38,4,30,66,45.5,36,40,7,33,47,121,67,1
Jonas Rouhi,SWE,DF,Juventus,20,2004,2.3,4,1,1,3,0,0,1,0.0,1,2,0,2,3,7,2,0
Nicolò Rovella,ITA,MF,Lazio,22,2001,30.2,84,50,39,38,7,41,79,51.9,38,19,4,15,47,131,46,3
Amir Rrahmani,KVX,DF,Napoli,30,1994,37.8,39,31,19,19,1,16,25,64.0,9,43,26,17,27,66,179,2
Tommaso Rubino,ITA,MF,Fiorentina,17,2006,0.1,0,0,0,0,0,0,1,0.0,1,0,0,0,0,0,0,0
Matteo Ruggeri,ITA,DF,Atalanta,22,2002,19.5,39,24,15,14,10,25,39,64.1,14,30,4,26,22,61,50,1
Stefano Sabelli,ITA,DF,Genoa,31,1993,22.9,58,31,27,25,6,20,52,38.5,32,28,7,21,22,80,65,0
Richie Sagrado,BEL,DF,Venezia,20,2004,1.6,2,2,1,1,0,1,1,100.0,0,1,0,1,3,5,4,0
Marco Sala,ITA,DF,Como,25,1999,2.9,9,6,5,3,1,5,8,62.5,3,2,0,2,1,10,9,0
Marco Sala,ITA,DF,Lecce,25,1999,0.8,1,0,0,1,0,0,1,0.0,1,1,0,1,0,1,0,0
Lazar Samardzic,SRB,MF,Atalanta,22,2002,13.0,21,15,5,7,9,12,25,48.0,13,9,1,8,2,23,6,0
Antonio Sanabria,PAR,FW,Torino,28,1996,14.6,3,3,1,1,1,1,4,25.0,3,6,1,5,1,4,13,0
Alexis Sánchez,CHI,FW,Udinese,35,1988,4.9,3,1,0,2,1,1,7,14.3,6,5,0,5,4,7,1,1
Amin Sarr,SWE,FW,Hellas Verona,23,2001,21.2,22,12,3,8,11,5,10,50.0,5,18,3,15,3,25,14,0
Nicolò Savona,ITA,DF,Juventus,21,2003,19.2,29,13,19,9,1,13,25,52.0,12,12,3,9,11,40,38,0
Giorgio Scalvini,ITA,DF,Atalanta,20,2003,3.0,8,4,5,3,0,5,9,55.6,4,0,0,0,4,12,7,0
Joël Schingtienne,BEL,DF,Venezia,21,2002,12.5,27,16,18,7,2,12,19,63.2,7,18,9,9,14,41,25,5
Simone Scuffet,ITA,GK,Cagliari,28,1996,13.0,0,0,0,0,0,0,1,0.0,1,0,0,0,0,0,8,2
Stefano Sensi,ITA,MF,Monza,28,1995,3.0,8,5,4,4,0,5,6,83.3,1,4,2,2,3,11,3,1
Suat Serdar,GER,MF,Hellas Verona,27,1997,15.3,35,22,12,19,4,10,26,38.5,16,19,4,15,8,43,21,0
Alen Sherri,ALB,GK,Cagliari,26,1997,6.9,1,0,1,0,0,1,2,50.0,1,0,0,0,1,2,1,0
Eldor Shomurodov,UZB,"FW,MF",Roma,29,1995,12.2,14,6,2,7,5,3,6,50.0,3,10,1,9,3,17,5,0
Marco Silvestri,ITA,GK,Empoli,33,1991,5.0,0,0,0,0,0,0,2,0.0,2,0,0,0,0,0,3,1
Giovanni Simeone,ARG,FW,Napoli,29,1995,4.7,2,0,0,1,1,1,6,16.7,5,9,2,7,1,3,6,0
Łukasz Skorupski,POL,GK,Bologna,33,1991,26.3,1,0,1,0,0,1,3,33.3,2,0,0,0,0,1,13,2
Ivan Smolčić,CRO,DF,Como,23,2000,7.0,16,9,8,7,1,9,13,69.2,4,8,2,6,10,26,24,0
Simon Sohm,SUI,MF,Parma,23,2001,33.2,28,17,11,13,4,16,35,45.7,19,11,3,8,26,54,36,0
Ola Solbakken,NOR,"MF,FW",Empoli,25,1998,8.4,7,4,0,6,1,3,6,50.0,3,0,0,0,2,9,8,0
Oumar Solet,FRA,DF,Udinese,24,2000,18.6,33,19,18,13,2,21,30,70.0,9,32,19,13,17,50,78,4
Borna Sosa,CRO,DF,Torino,26,1998,13.1,26,19,14,7,5,16,25,64.0,9,13,6,7,14,40,33,0
Riccardo Sottil,ITA,"FW,MF",Fiorentina,25,1999,9.3,5,4,3,1,1,3,4,75.0,1,1,0,1,4,9,3,0
Matìas Soulé,ARG,"MF,DF",Roma,21,2003,19.8,26,16,12,7,7,10,23,43.5,13,25,3,22,9,35,25,0
Gabriel Strefezza,BRA,"FW,MF",Como,27,1997,29.1,57,39,20,20,17,21,55,38.2,34,24,2,22,13,70,26,0
Ibrahim Sulemana,GHA,MF,Atalanta,21,2003,3.1,9,4,4,5,0,2,8,25.0,6,2,0,2,0,9,1,0
Tomáš Suslov,SVK,"MF,FW",Hellas Verona,22,2002,23.1,54,38,23,24,7,23,72,31.9,49,30,2,28,18,72,17,1
Zion Suzuki,JPN,GK,Parma,21,2002,36.8,1,0,1,0,0,1,2,50.0,1,0,0,0,0,1,35,4
Marin Šverko,CRO,DF,Venezia,26,1998,12.4,20,9,14,6,0,10,12,83.3,2,10,5,5,16,36,45,3
Michael Svoboda,AUT,DF,Venezia,25,1998,14.6,26,14,19,6,1,8,19,42.1,11,19,11,8,22,48,66,2
Adrien Tameze,CMR,"MF,DF",Torino,30,1994,7.2,5,2,2,3,0,1,10,10.0,9,8,5,3,10,15,8,1
Mehdi Taremi,IRN,FW,Inter,32,1992,9.0,7,1,2,2,3,1,4,25.0,3,11,2,9,0,7,11,0
Nuno Tavares,POR,DF,Lazio,24,2000,18.7,28,21,15,8,5,14,34,41.2,20,21,3,18,21,49,44,2
Loum Tchaouna,FRA,"FW,MF",Lazio,20,2003,7.3,8,4,2,2,4,3,9,33.3,6,5,1,4,4,12,14,2
Casper Tengstedt,DEN,FW,Hellas Verona,24,2000,16.9,7,5,0,5,2,4,9,44.4,5,5,1,4,4,11,29,0
Florian Thauvin,FRA,"FW,MF",Udinese,31,1993,21.7,20,14,9,8,3,10,25,40.0,15,6,0,6,7,27,10,0
Malick Thiaw,GER,DF,Milan,22,2001,20.1,24,17,15,6,3,6,10,60.0,4,14,12,2,15,39,76,1
Morten Thorsby,NOR,"MF,FW",Genoa,28,1996,21.1,49,30,19,20,10,17,29,58.6,12,22,1,21,5,54,28,1
Khéphren Thuram,FRA,MF,Juventus,23,2001,25.8,44,21,16,24,4,18,32,56.3,14,32,10,22,14,58,39,2
Marcus Thuram,FRA,FW,Inter,26,1997,24.4,18,8,7,5,6,3,14,21.4,11,16,3,13,3,21,15,0
Cheikh Tidiane Niasse,SEN,MF,Hellas Verona,24,2000,8.4,18,15,6,12,0,10,19,52.6,9,17,4,13,17,35,17,2
Rafael Tolói,ITA,DF,Atalanta,33,1990,5.2,10,5,3,5,2,4,11,36.4,7,8,2,6,8,18,11,0
Fikayo Tomori,ENG,DF,Milan,26,1997,17.7,40,25,21,16,3,17,25,68.0,8,17,12,5,20,60,61,2
Souleymane Touré,FRA,DF,Udinese,21,2003,8.1,7,6,4,3,0,4,5,80.0,1,15,6,9,9,16,17,1
Stefano Turati,ITA,GK,Monza,22,2001,29.7,0,0,0,0,0,0,1,0.0,1,0,0,0,0,0,21,2
Kacper Urbanski,POL,MF,Bologna,19,2004,2.7,5,2,4,0,1,4,6,66.7,2,5,1,4,2,7,5,0
Kacper Urbanski,POL,MF,Monza,19,2004,5.6,5,3,1,2,2,4,7,57.1,3,7,2,5,2,7,9,0
Lautaro Valenti,ARG,DF,Parma,25,1999,17.3,17,12,13,3,1,7,9,77.8,2,26,13,13,13,30,94,1
Nicolás Valentini,ARG,DF,Hellas Verona,23,2001,12.5,35,23,22,12,1,20,31,64.5,11,15,7,8,15,50,97,0
Emanuele Valeri,ITA,DF,Parma,25,1998,31.9,51,31,33,15,3,30,61,49.2,31,31,10,21,29,80,103,4
Álex Valle,ESP,DF,Como,20,2004,11.4,26,12,12,12,2,15,21,71.4,6,13,2,11,8,34,42,0
Mattia Valoti,ITA,MF,Monza,30,1993,0.4,3,3,3,0,0,0,2,0.0,2,2,0,2,0,3,2,0
Johan Vásquez,MEX,DF,Genoa,25,1998,33.8,56,31,24,27,5,26,44,59.1,18,59,31,28,50,106,150,1
Matías Vecino,URU,MF,Lazio,32,1991,9.7,13,7,3,9,1,4,18,22.2,14,9,3,6,5,18,15,0
Danilo Veiga,POR,DF,Lecce,21,2002,4.2,8,6,4,4,0,6,13,46.2,7,5,0,5,4,12,14,0
Renato Veiga,POR,DF,Juventus,21,2003,12.1,17,12,7,9,1,9,14,64.3,5,17,13,4,19,36,81,0
Lorenzo Venturino,ITA,"FW,MF",Genoa,18,2006,1.9,5,3,4,0,1,3,6,50.0,3,3,0,3,0,5,5,0
Simone Verdi,ITA,"MF,FW",Como,32,1992,1.3,2,2,0,1,1,0,2,0.0,2,2,0,2,0,2,2,0
Samuele Vignato,ITA,MF,Monza,20,2004,5.2,6,3,0,4,2,3,7,42.9,4,1,0,1,0,6,6,0
Nicolas Viola,ITA,"FW,MF",Cagliari,34,1989,14.1,14,7,6,7,1,1,10,10.0,9,5,0,5,3,17,5,0
Mattia Viti,ITA,DF,Empoli,22,2002,28.6,65,45,42,20,3,34,52,65.4,18,41,18,23,48,113,128,4
Vitinha,POR,"FW,MF",Genoa,24,2000,14.8,23,8,12,6,5,11,30,36.7,19,14,2,12,12,35,22,0
Dušan Vlahović,SRB,FW,Juventus,24,2000,19.8,4,2,0,1,3,1,5,20.0,4,7,3,4,1,5,9,3
Nikola Vlašić,CRO,"MF,FW",Torino,26,1997,23.5,37,19,11,17,9,12,30,40.0,18,15,3,12,9,46,15,0
Alessandro Vogliacco,ITA,DF,Genoa,25,1998,7.9,15,3,7,7,1,10,12,83.3,2,11,7,4,9,24,20,0
Alessandro Vogliacco,ITA,DF,Parma,25,1998,8.6,5,2,5,0,0,3,5,60.0,2,15,10,5,3,8,37,0
Mërgim Vojvoda,KVX,DF,Torino,29,1995,12.3,18,10,5,9,4,7,14,50.0,7,13,3,10,7,25,24,1
Mërgim Vojvoda,KVX,DF,Como,29,1995,8.0,9,6,5,4,0,7,9,77.8,2,7,4,3,3,12,18,0
Stefan de Vrij,NED,DF,Inter,32,1992,18.2,18,11,12,5,1,9,12,75.0,3,19,11,8,22,40,89,0
Kyle Walker,ENG,DF,Milan,34,1990,7.3,17,9,12,4,1,13,17,76.5,4,9,5,4,9,26,15,1
Sebastian Walukiewicz,POL,DF,Torino,24,2000,18.5,38,20,18,16,4,23,31,74.2,8,21,8,13,18,56,60,0
Sebastian Walukiewicz,POL,DF,Empoli,24,2000,2.0,1,0,1,0,0,0,1,0.0,1,3,3,0,1,2,15,0
Mateusz Wieteska,POL,DF,Cagliari,27,1997,2.0,1,0,0,1,0,1,1,100.0,0,3,2,1,7,8,6,0
John Yeboah,ECU,"FW,MF",Venezia,24,2000,13.6,6,3,1,3,2,1,10,10.0,9,4,0,4,4,10,2,0
Kenan Yıldız,TUR,"FW,MF",Juventus,19,2005,26.7,54,30,13,26,15,18,32,56.3,14,25,0,25,5,59,13,3
Mattia Zaccagni,ITA,FW,Lazio,29,1995,29.8,38,27,13,21,4,16,32,50.0,16,19,1,18,29,67,22,2
Andre-Frank Zambo Anguissa,CMR,MF,Napoli,28,1995,31.7,42,26,8,28,6,15,34,44.1,19,24,6,18,35,77,40,1
Francesco Zampano,ITA,DF,Venezia,30,1993,18.2,31,20,19,10,2,14,31,45.2,17,21,1,20,6,37,29,2
Nicolò Zaniolo,ITA,FW,Fiorentina,25,1999,3.8,3,1,1,2,0,0,4,0.0,4,2,1,1,0,3,2,0
Nicolò Zaniolo,ITA,"FW,MF",Atalanta,25,1999,4.0,0,0,0,0,0,0,2,0.0,2,0,0,0,1,1,0,0
Alessandro Zanoli,ITA,"FW,DF",Genoa,23,2000,19.0,29,20,11,14,4,10,23,43.5,13,20,3,17,12,41,40,0
Duván Zapata,COL,FW,Torino,33,1991,6.5,7,5,2,0,5,0,3,0.0,3,2,1,1,2,9,7,0
Gabriele Zappa,ITA,DF,Cagliari,24,1999,34.0,40,23,20,17,3,17,34,50.0,17,42,22,20,23,63,93,1
Davide Zappacosta,ITA,DF,Atalanta,32,1992,23.0,26,16,15,5,6,20,39,51.3,19,28,6,22,11,37,32,2
Oier Zarraga,ESP,MF,Udinese,25,1999,10.0,19,13,7,10,2,10,22,45.5,12,9,5,4,2,21,8,0
Jordan Zemura,ZIM,DF,Udinese,24,1999,15.7,31,14,14,12,5,17,29,58.6,12,17,4,13,16,47,41,0
Alessio Zerbin,ITA,DF,Venezia,25,1999,16.9,51,28,30,12,9,29,52,55.8,23,28,3,25,15,66,25,1
Alessio Zerbin,ITA,"FW,DF",Napoli,25,1999,0.0,2,1,2,0,0,1,1,100.0,0,0,0,0,0,2,0,0
Kevin Zeroli,ITA,MF,Monza,19,2005,4.4,6,2,3,3,0,0,1,0.0,1,6,1,5,2,8,11,0
Piotr Zieliński,POL,MF,Inter,30,1994,10.9,14,10,6,7,1,6,13,46.2,7,10,5,5,6,20,13,1
Szymon Żurkowski,POL,MF,Empoli,26,1997,1.2,6,4,2,4,0,4,4,100.0,0,3,0,3,1,7,2,0
Milan Đurić,BIH,FW,Monza,34,1990,14.1,1,1,0,1,0,0,3,0.0,3,6,0,6,2,3,17,0
Milan Đurić,BIH,FW,Parma,34,1990,3.0,0,0,0,0,0,0,2,0.0,2,3,0,3,0,0,2,0
Junior Adamu,AUT,FW,Freiburg,23,2001,17.2,9,3,3,3,3,3,11,27.3,8,14,0,14,12,21,20,0
Karim Adeyemi,GER,"FW,MF",Dortmund,22,2002,15.9,20,14,6,6,8,8,20,40.0,12,14,1,13,7,27,5,0
Amine Adli,MAR,"MF,FW",Leverkusen,24,2000,8.5,15,9,4,2,9,4,11,36.4,7,11,0,11,0,15,4,0
Oladapo Afolayan,ENG,"FW,MF",St. Pauli,26,1998,18.2,17,8,4,8,5,7,19,36.8,12,17,1,16,8,25,20,0
Felix Agu,NGA,DF,Werder Bremen,24,1999,19.5,30,14,12,14,4,12,23,52.2,11,27,9,18,21,51,48,0
Kevin Akpoguma,NGA,DF,Hoffenheim,29,1995,24.7,54,27,36,12,6,30,46,65.2,16,65,37,28,29,83,115,1
Andreas Albers,DEN,FW,St. Pauli,34,1990,0.7,1,1,0,0,1,0,1,0.0,1,0,0,0,0,1,1,0
Skelly Alvero,FRA,MF,Werder Bremen,22,2002,2.6,11,6,5,5,1,4,5,80.0,1,4,0,4,2,13,10,0
Nadiem Amiri,GER,MF,Mainz 05,27,1996,27.5,50,23,13,28,9,19,46,41.3,27,19,4,15,16,66,30,2
Mohamed Amoura,ALG,FW,Wolfsburg,24,2000,27.4,29,22,14,5,10,14,37,37.8,23,42,2,40,9,38,24,0
Robert Andrich,GER,"MF,DF",Leverkusen,29,1994,17.8,24,12,8,14,2,7,14,50.0,7,16,8,8,29,53,23,0
Waldemar Anton,GER,DF,Dortmund,28,1996,21.7,34,21,18,10,6,17,23,73.9,6,33,16,17,30,64,112,1
Maximilian Arnold,GER,MF,Wolfsburg,30,1994,26.2,34,20,13,18,3,15,33,45.5,18,21,11,10,24,58,70,2
Jann-Fiete Arp,GER,"FW,MF",Holstein Kiel,24,2000,7.9,13,10,5,2,6,4,13,30.8,9,6,0,6,3,16,8,1
Arthur,BRA,DF,Leverkusen,21,2003,8.4,14,11,3,9,2,5,10,50.0,5,8,0,8,9,23,29,0
Ridle Baku,GER,"FW,MF",Wolfsburg,26,1998,13.0,23,15,9,9,5,8,19,42.1,11,22,1,21,15,38,15,0
Noahkai Banks,USA,DF,Augsburg,17,2006,3.1,11,5,6,4,1,3,7,42.9,4,4,1,3,5,16,28,0
Scott Banks,SCO,"FW,MF",St. Pauli,22,2001,1.3,1,1,1,0,0,0,2,0.0,2,0,0,0,2,3,2,0
Aymen Barkok,MAR,MF,Mainz 05,26,1998,0.8,2,1,1,1,0,1,1,100.0,0,1,1,0,2,4,0,0
Michy Batshuayi,BEL,FW,Eint Frankfurt,30,1993,3.3,1,1,1,0,0,1,1,100.0,0,2,0,2,1,2,0,0
Maximilian Bauer,GER,DF,Augsburg,24,2000,7.3,14,8,5,7,2,9,14,64.3,5,10,4,6,6,20,35,1
Oliver Baumann,GER,GK,Hoffenheim,34,1990,28.0,2,2,2,0,0,2,4,50.0,2,0,0,0,0,2,15,2
Christoph Baumgartner,AUT,MF,RB Leipzig,24,1999,17.9,44,28,13,19,12,17,42,40.5,25,45,9,36,12,56,24,2
Adrian Beck,GER,"MF,FW",Heidenheim,27,1997,17.8,36,17,18,12,6,12,35,34.3,23,31,2,29,9,45,17,0
Timo Becker,GER,DF,Holstein Kiel,27,1997,27.2,53,33,39,9,5,34,46,73.9,12,30,17,13,17,70,110,1
Kevin Behrens,GER,FW,Wolfsburg,33,1991,1.9,1,1,0,1,0,0,1,0.0,1,0,0,0,1,2,2,0
Maximilian Beier,GER,"FW,MF",Dortmund,21,2002,17.7,25,16,8,11,6,12,31,38.7,19,15,1,14,7,32,14,1
Stefan Bell,GER,DF,Mainz 05,32,1991,16.0,22,12,16,6,0,9,14,64.3,5,16,14,2,28,50,107,1
László Bénes,SVK,"MF,FW",Union Berlin,26,1997,6.5,2,2,1,1,0,1,3,33.3,2,5,1,4,3,5,9,0
Ramy Bensebaini,ALG,DF,Dortmund,29,1995,22.5,51,25,25,18,8,33,51,64.7,18,42,9,33,33,84,86,1
Mergim Berisha,GER,"FW,MF",Hoffenheim,26,1998,3.7,3,3,1,2,0,0,3,0.0,3,2,1,1,0,3,3,0
Mergim Berisha,GER,FW,Augsburg,26,1998,0.4,1,0,0,1,0,1,1,100.0,0,2,1,1,0,1,0,0
Bernardo,BRA,DF,Bochum,29,1995,19.8,46,28,32,13,1,27,37,73.0,10,38,17,21,26,72,103,4
Alexander Bernhardsson,SWE,"FW,MF",Holstein Kiel,25,1998,14.0,29,15,9,9,11,20,31,64.5,11,14,0,14,5,34,25,0
Matúš Bero,SVK,MF,Bochum,28,1995,28.5,65,35,33,21,11,29,60,48.3,31,37,9,28,17,82,35,1
Jan-Niklas Beste,GER,"FW,MF",Freiburg,25,1999,2.4,2,1,0,1,1,1,7,14.3,6,3,0,3,1,3,7,0
El Bilal Touré,MLI,"FW,MF",Stuttgart,22,2001,4.0,4,1,1,1,2,3,3,100.0,0,1,0,1,0,4,1,0
Tom Bischof,GER,"MF,FW",Hoffenheim,19,2005,28.4,95,53,36,45,14,40,77,51.9,37,66,11,55,30,125,53,1
Leonardo Bittencourt,GER,MF,Werder Bremen,30,1993,10.9,25,9,15,7,3,6,18,33.3,12,8,0,8,15,40,11,0
Myron Boadu,NED,FW,Bochum,23,2001,11.6,2,1,0,0,2,1,5,20.0,4,3,0,3,1,3,4,0
Sacha Boey,FRA,DF,Bayern Munich,23,2000,6.6,20,5,6,6,8,13,18,72.2,5,6,0,6,2,22,14,0
Victor Boniface,NGA,FW,Leverkusen,23,2000,11.2,5,4,0,3,2,3,4,75.0,1,1,0,1,0,5,5,0
Sebastiaan Bornauw,BEL,DF,Wolfsburg,25,1999,8.8,9,6,4,4,1,4,8,50.0,4,14,12,2,12,21,36,0
Carlo Boukhalfa,MAR,MF,St. Pauli,25,1999,18.3,26,11,7,17,2,7,19,36.8,12,22,3,19,12,38,25,1
Julian Brandt,GER,MF,Dortmund,28,1996,25.6,26,11,13,8,5,15,43,34.9,28,17,0,17,14,40,13,1
Tim Breithaupt,GER,MF,Augsburg,22,2002,1.3,1,1,0,1,0,0,4,0.0,4,1,0,1,2,3,0,0
Maximilian Breunig,GER,"FW,MF",Heidenheim,23,2000,3.9,4,3,1,2,1,3,6,50.0,3,9,2,7,1,5,3,0
Moritz Broschinski,GER,"FW,MF",Bochum,23,2000,15.4,19,14,6,6,7,6,15,40.0,9,18,0,18,1,20,18,0
Jacob Bruun Larsen,DEN,"FW,MF",Hoffenheim,25,1998,4.4,4,3,1,2,1,3,8,37.5,5,5,1,4,1,5,2,0
Jacob Bruun Larsen,DEN,"MF,FW",Stuttgart,25,1998,4.6,1,1,1,0,0,0,2,0.0,2,7,0,7,1,2,4,1
Emi Buendía,ARG,MF,Leverkusen,27,1996,2.9,6,5,1,4,1,5,8,62.5,3,6,0,6,0,6,0,0
Marius Bülter,GER,"FW,DF",Hoffenheim,31,1993,19.2,13,10,5,6,2,9,17,52.9,8,10,3,7,4,17,14,1
Jonathan Burkardt,GER,FW,Mainz 05,24,2000,23.4,15,8,1,7,7,6,10,60.0,4,11,1,10,1,16,14,0
Oliver Burke,SCO,FW,Werder Bremen,27,1997,10.1,11,4,5,1,5,4,6,66.7,2,20,0,20,2,13,6,0
Anthony Caci,FRA,DF,Mainz 05,27,1997,29.8,60,40,23,25,12,28,44,63.6,16,33,8,25,27,87,47,2
Tiago Cardoso,LUX,GK,Gladbach,18,2006,4.2,1,0,1,0,0,1,1,100.0,0,0,0,0,0,1,2,2
Abdoulie Ceesay,GAM,FW,St. Pauli,20,2004,0.7,3,3,1,1,1,2,3,66.7,1,2,0,2,0,3,1,0
Julian Chabot,GER,DF,Stuttgart,26,1998,25.2,37,24,19,15,3,15,32,46.9,17,29,19,10,38,75,135,0
El Chadaille Bitshiabu,FRA,DF,RB Leipzig,19,2005,12.6,27,18,17,9,1,10,19,52.6,9,25,14,11,13,40,97,2
Fares Chaïbi,ALG,"MF,FW",Eint Frankfurt,21,2002,11.3,13,9,4,5,4,7,20,35.0,13,10,0,10,10,23,32,1
Anrie Chase,JPN,DF,Stuttgart,20,2004,8.2,10,4,6,4,0,5,7,71.4,2,10,6,4,9,19,35,0
Arthur Chaves,BRA,DF,Hoffenheim,23,2001,24.3,51,36,28,19,4,25,50,50.0,25,47,20,27,37,88,136,3
Fabio Chiarodia,ITA,DF,Gladbach,19,2005,4.2,10,4,6,4,0,4,6,66.7,2,8,3,5,9,19,53,1
Carney Chukwuemeka,ENG,MF,Dortmund,20,2003,2.8,7,5,3,2,2,1,1,100.0,0,5,0,5,1,8,1,0
Alexis Claude-Maurice,FRA,"MF,FW",Augsburg,26,1998,23.4,41,26,12,15,14,17,34,50.0,17,16,0,16,15,56,8,1
Nnamdi Collins,GER,DF,Eint Frankfurt,20,2004,16.5,33,24,24,7,2,17,22,77.3,5,22,11,11,16,49,74,3
Kingsley Coman,FRA,FW,Bayern Munich,28,1996,14.2,17,12,6,6,5,8,12,66.7,4,12,0,12,8,25,15,0
Sirlord Conteh,GER,"FW,MF",Heidenheim,28,1996,9.9,9,5,3,6,0,2,7,28.6,5,1,1,0,1,10,8,0
Danny da Costa,GER,DF,Mainz 05,31,1993,22.3,42,23,23,15,4,17,27,63.0,10,19,10,9,27,69,95,3
Tomáš Čvančara,CZE,FW,Gladbach,23,2000,9.2,4,1,3,1,0,2,7,28.6,5,6,3,3,5,9,17,0
Finn Dahmen,GER,GK,Augsburg,26,1998,19.0,1,0,1,0,0,1,2,50.0,1,0,0,0,0,1,9,0
Mahmoud Dahoud,GER,MF,Eint Frankfurt,28,1996,4.0,9,4,4,5,0,4,6,66.7,2,5,1,4,2,11,5,0
Ameen Al-Dakhil,BEL,DF,Stuttgart,22,2002,4.8,6,6,4,2,0,4,4,100.0,0,12,8,4,9,15,30,1
Bence Dárdai,HUN,MF,Wolfsburg,18,2006,14.5,24,14,9,13,2,16,30,53.3,14,20,4,16,12,36,28,1
Lukas Daschner,GER,"MF,FW",Bochum,25,1998,4.6,4,2,1,2,1,2,9,22.2,7,5,0,5,0,4,5,0
Alphonso Davies,CAN,DF,Bayern Munich,23,2000,17.3,30,17,7,17,6,17,26,65.4,9,14,1,13,13,43,22,2
Olivier Deman,BEL,DF,Werder Bremen,24,2000,0.7,6,3,2,4,0,2,7,28.6,5,3,1,2,3,9,4,0
Ermedin Demirović,BIH,FW,Stuttgart,26,1998,20.6,12,7,3,4,5,3,12,25.0,9,14,3,11,3,15,12,0
Justin Diehl,GER,"FW,DF",Stuttgart,19,2004,1.2,1,0,0,1,0,1,1,100.0,0,2,0,2,0,1,0,0
Eric Dier,ENG,DF,Bayern Munich,30,1994,16.3,19,11,8,9,2,13,20,65.0,7,19,8,11,20,39,77,1
Junior Dina Ebimbe,FRA,"MF,FW",Eint Frankfurt,23,2000,3.3,3,2,1,2,0,1,3,33.3,2,4,0,4,7,10,6,0
Eren Dinkçi,GER,"MF,FW",Freiburg,22,2001,13.3,21,13,8,8,5,7,23,30.4,16,22,2,20,7,28,7,0
Ritsu Doan,JPN,"FW,MF",Freiburg,26,1998,31.8,66,42,33,26,7,25,46,54.3,21,57,2,55,14,80,47,1
Danilho Doekhi,NED,DF,Union Berlin,26,1998,34.0,37,24,18,16,3,13,23,56.5,10,35,16,19,44,81,169,1
Niklas Dorsch,GER,MF,Heidenheim,26,1998,14.8,27,16,12,15,0,13,22,59.1,9,14,1,13,17,44,17,2
Patrick Drewes,GER,GK,Bochum,31,1993,21.0,0,0,0,0,0,0,1,0.0,1,1,0,1,0,0,11,1
Tim Drexler,GER,DF,Hoffenheim,19,2005,4.0,17,7,11,6,0,9,12,75.0,3,6,4,2,1,18,9,1
Marvin Ducksch,GER,FW,Werder Bremen,30,1994,26.9,10,7,3,5,2,3,14,21.4,11,10,2,8,8,18,26,3
Julien Duranville,BEL,"FW,MF",Dortmund,18,2006,3.1,3,0,0,3,0,1,2,50.0,1,1,0,1,0,3,3,0
Johannes Eggestein,GER,FW,St. Pauli,26,1998,20.6,5,3,0,2,3,1,5,20.0,4,5,0,5,0,5,8,0
Maximilian Eggestein,GER,MF,Freiburg,27,1996,31.6,57,32,21,26,10,24,43,55.8,19,37,10,27,39,96,54,1
Hugo Ekitike,FRA,FW,Eint Frankfurt,22,2002,28.5,16,12,3,8,5,4,12,33.3,8,13,1,12,7,23,24,0
Elif Elmas,MKD,MF,RB Leipzig,24,1999,0.5,3,1,3,0,0,1,3,33.3,2,2,0,2,0,3,2,0
Nico Elvedi,SUI,DF,Gladbach,27,1996,23.7,38,23,28,6,4,17,23,73.9,6,35,27,8,30,68,163,0
Patrick Erras,GER,DF,Holstein Kiel,29,1995,9.2,8,5,6,2,0,2,9,22.2,7,13,11,2,9,17,64,0
Samuel Essende,COD,FW,Augsburg,26,1998,18.2,7,6,1,3,3,3,4,75.0,1,13,2,11,0,7,11,1
Kilian Fischer,GER,DF,Wolfsburg,23,2000,25.5,64,44,48,12,4,47,89,52.8,42,41,8,33,19,83,98,2
Jonas Föhrenbach,GER,DF,Heidenheim,28,1996,20.4,45,24,25,15,5,22,35,62.9,13,29,3,26,16,61,57,0
Marco Friedl,AUT,DF,Werder Bremen,26,1998,24.0,62,42,35,26,1,38,66,57.6,28,41,24,17,34,96,130,1
Marvin Friedrich,GER,DF,Gladbach,28,1995,11.0,15,9,12,3,0,9,16,56.3,7,16,12,4,5,20,57,0
Chris Führich,GER,"MF,FW",Stuttgart,26,1998,22.0,15,10,5,5,5,13,27,48.1,14,23,2,21,6,21,19,0
Cristian Gamboa,CRC,DF,Bochum,34,1989,2.5,8,3,5,3,0,3,9,33.3,6,2,0,2,2,10,8,0
Aleix García,ESP,MF,Leverkusen,27,1997,16.2,13,7,4,6,3,7,15,46.7,8,12,2,10,11,24,24,1
Lutsharel Geertruida,NED,DF,RB Leipzig,24,2000,17.3,35,24,24,11,0,15,31,48.4,16,15,4,11,16,51,59,4
Dennis Geiger,GER,"MF,FW",Hoffenheim,26,1998,8.2,24,11,9,13,2,12,19,63.2,7,15,2,13,7,31,6,1
Valentin Gendrey,FRA,DF,Hoffenheim,24,2000,15.7,30,12,19,9,2,11,18,61.1,7,19,5,14,15,45,53,0
Yannick Gerhardt,GER,"MF,DF",Wolfsburg,30,1994,16.9,28,16,13,14,1,11,30,36.7,19,32,8,24,17,45,47,0
Max Geschwill,GER,DF,Holstein Kiel,23,2001,14.2,26,21,13,12,1,14,19,73.7,5,14,9,5,30,56,53,1
Dimitris Giannoulis,GRE,DF,Augsburg,28,1995,29.4,47,32,27,16,4,26,44,59.1,18,49,11,38,47,94,75,0
Armin Gigovic,BIH,MF,Holstein Kiel,22,2002,21.1,25,13,14,8,3,5,21,23.8,16,20,1,19,21,46,33,0
Benedikt Gimber,GER,DF,Heidenheim,27,1997,29.7,72,46,48,23,1,38,63,60.3,25,53,19,34,31,103,131,1
Matthias Ginter,GER,DF,Freiburg,30,1994,28.5,30,17,15,11,4,15,28,53.6,13,35,23,12,19,49,146,5
Jamie Gittens,ENG,"FW,MF",Dortmund,19,2004,19.7,31,19,12,12,7,14,18,77.8,4,16,0,16,10,41,4,0
Serge Gnabry,GER,"FW,MF",Bayern Munich,29,1995,13.8,20,11,6,7,7,8,12,66.7,4,11,0,11,6,26,9,0
Leon Goretzka,GER,"MF,DF",Bayern Munich,29,1995,14.7,21,11,5,12,4,10,20,50.0,10,27,7,20,20,41,25,1
Robin Gosens,GER,DF,Union Berlin,30,1994,1.0,0,0,0,0,0,0,3,0.0,3,1,0,1,1,1,2,0
Mario Götze,GER,"MF,FW",Eint Frankfurt,32,1992,17.1,41,28,18,20,3,15,36,41.7,21,15,1,14,7,48,8,0
Jeffrey Gouweleeuw,NED,DF,Augsburg,33,1991,32.7,50,28,25,21,4,27,40,67.5,13,34,15,19,35,85,183,0
Kamil Grabara,POL,GK,Wolfsburg,25,1999,28.7,0,0,0,0,0,0,2,0.0,2,1,0,1,0,0,16,2
Michael Gregoritsch,AUT,FW,Freiburg,30,1994,7.1,4,2,1,0,3,1,5,20.0,4,2,1,1,1,5,10,0
Vincenzo Grifo,ITA,"FW,MF",Freiburg,31,1993,27.0,30,22,12,13,5,15,34,44.1,19,24,2,22,9,39,23,2
Florian Grillitsch,AUT,MF,Hoffenheim,28,1995,6.7,15,9,5,9,1,8,14,57.1,6,6,2,4,8,23,18,0
Álex Grimaldo,ESP,DF,Leverkusen,28,1995,29.3,24,14,13,7,4,16,42,38.1,26,22,3,19,16,40,43,3
Pascal Groß,GER,"MF,DF",Dortmund,33,1991,25.9,44,28,11,26,7,15,51,29.4,36,46,13,33,9,53,30,1
Marco Grüll,AUT,"FW,MF",Werder Bremen,26,1998,13.1,12,9,1,5,6,4,17,23.5,13,14,2,12,3,15,10,0
Morgan Guilavogui,GUI,"FW,MF",St. Pauli,26,1998,20.1,32,17,11,16,5,14,31,45.2,17,28,0,28,13,45,33,0
Serhou Guirassy,GUI,FW,Dortmund,28,1996,28.9,7,6,2,2,3,2,5,40.0,3,10,3,7,4,11,38,0
Péter Gulácsi,HUN,GK,RB Leipzig,34,1990,29.2,1,1,1,0,0,1,2,50.0,1,0,0,0,0,1,16,4
Robert Gumny,POL,DF,Augsburg,26,1998,3.0,3,3,1,2,0,2,6,33.3,4,2,0,2,1,4,6,0
Christian Günter,GER,DF,Freiburg,31,1993,25.7,23,21,12,8,3,16,29,55.2,13,24,10,14,8,31,50,1
Janik Haberer,GER,"MF,DF",Union Berlin,30,1994,18.8,39,29,16,21,2,26,44,59.1,18,16,0,16,17,56,37,0
Robin Hack,GER,"FW,MF",Gladbach,25,1998,24.1,22,17,11,8,3,12,28,42.9,16,30,2,28,9,31,28,0
Amadou Haidara,MLI,MF,RB Leipzig,26,1998,14.7,30,17,12,16,2,12,29,41.4,17,42,12,30,18,48,56,1
Andreas Hanche-Olsen,NOR,DF,Mainz 05,27,1997,14.3,21,13,12,8,1,9,12,75.0,3,25,18,7,12,33,85,2
Phil Harres,GER,FW,Holstein Kiel,22,2002,17.2,10,10,3,4,3,4,8,50.0,4,17,3,14,5,15,20,0
Ramon Hendriks,NED,DF,Stuttgart,23,2001,12.8,20,9,11,7,2,9,13,69.2,4,15,7,8,19,39,63,0
Benjamin Henrichs,GER,DF,RB Leipzig,27,1997,10.4,32,16,18,10,4,14,27,51.9,13,22,3,19,15,47,33,0
Piero Hincapié,ECU,DF,Leverkusen,22,2002,29.7,52,40,27,15,10,25,41,61.0,16,40,20,20,32,84,114,1
Adam Hložek,CZE,"FW,MF",Hoffenheim,22,2002,20.8,22,10,7,8,7,11,20,55.0,9,13,1,12,4,26,20,0
Nicolas Höfler,GER,MF,Freiburg,34,1990,8.8,33,23,13,18,2,20,31,64.5,11,7,1,6,14,47,28,1
Jonas Hofmann,GER,"MF,DF",Leverkusen,32,1992,4.0,2,0,0,2,0,1,4,25.0,3,2,0,2,0,2,3,0
Philipp Hofmann,GER,FW,Bochum,31,1993,25.3,17,12,4,6,7,8,15,53.3,7,14,1,13,4,21,33,0
Lucas Höler,GER,"FW,MF",Freiburg,30,1994,20.7,37,24,18,15,4,9,24,37.5,15,29,7,22,7,44,36,0
Benedict Hollerbach,GER,"FW,MF",Union Berlin,23,2001,28.2,43,22,8,23,12,21,51,41.2,30,35,0,35,2,45,13,1
Lewis Holtby,GER,MF,Holstein Kiel,33,1990,13.8,34,20,19,10,5,12,28,42.9,16,14,2,12,21,55,26,3
Franck Honorat,FRA,FW,Gladbach,27,1996,16.0,17,7,10,4,3,2,8,25.0,6,9,1,8,5,22,28,1
Mathias Honsak,AUT,"FW,DF",Heidenheim,27,1996,13.1,15,8,10,5,0,10,23,43.5,13,19,4,15,10,25,31,0
Lukáš Hrádecký,FIN,GK,Leverkusen,34,1989,29.0,0,0,0,0,0,0,1,0.0,1,0,0,0,0,0,8,2
Robin Hranáč,CZE,DF,Hoffenheim,24,2000,2.4,0,0,0,0,0,0,1,0.0,1,3,2,1,5,5,9,1
Hong Hyunseok,KOR,MF,Mainz 05,25,1999,5.9,8,3,3,3,2,1,4,25.0,3,7,1,6,7,15,9,0
Oscar Højlund,DEN,MF,Eint Frankfurt,19,2005,8.0,21,12,8,9,4,8,16,50.0,8,15,7,8,5,26,11,1
Andrej Ilic,SRB,FW,Union Berlin,24,2000,10.4,2,2,0,2,0,0,6,0.0,6,7,3,4,5,7,6,1
Jackson Irvine,AUS,MF,St. Pauli,31,1993,29.0,56,28,24,26,6,25,45,55.6,20,27,5,22,36,92,63,2
Ko Itakura,JPN,DF,Gladbach,27,1997,31.0,40,29,23,16,1,21,34,61.8,13,41,22,19,28,68,171,0
Hiroki Ito,JPN,DF,Bayern Munich,25,1999,2.8,2,0,1,1,0,1,1,100.0,0,3,2,1,6,8,15,1
Marko Ivezić,SRB,DF,Holstein Kiel,22,2001,18.4,29,19,20,6,3,15,42,35.7,27,25,13,12,27,56,103,2
Lee Jae-sung,KOR,MF,Mainz 05,31,1992,29.4,42,21,16,19,7,15,39,38.5,24,39,3,36,35,77,38,0
Kristijan Jakić,CRO,MF,Augsburg,27,1997,25.6,46,23,20,19,7,22,43,51.2,21,42,9,33,28,74,50,1
Luca Jaquez,SUI,DF,Stuttgart,21,2003,2.8,3,0,3,0,0,1,3,33.3,2,2,0,2,3,6,4,0
Finn Jeltsch,GER,DF,Stuttgart,18,2006,8.7,18,13,6,11,1,12,15,80.0,3,12,6,6,13,31,27,2
Fredrik Jensen,FIN,MF,Augsburg,26,1997,8.5,7,7,1,3,3,4,5,80.0,1,10,1,9,4,11,17,0
Moritz Jenz,GER,DF,Mainz 05,25,1999,17.8,36,20,18,18,0,16,21,76.2,5,23,14,9,30,66,128,2
Carl Johansson,SWE,DF,Holstein Kiel,30,1994,6.3,4,2,4,0,0,3,7,42.9,4,12,8,4,10,14,54,1
Anthony Jung,GER,DF,Werder Bremen,32,1991,21.1,34,22,22,11,1,22,34,64.7,12,23,14,9,25,59,77,1
David Jurásek,CZE,DF,Hoffenheim,23,2000,6.9,6,3,3,2,1,2,5,40.0,3,5,0,5,6,12,17,0
Almugera Kabar,GER,DF,Dortmund,18,2006,1.5,5,3,2,2,1,3,3,100.0,0,1,0,1,1,6,4,0
Pavel Kadeřábek,CZE,DF,Hoffenheim,32,1992,17.5,25,14,14,4,7,15,31,48.4,16,13,3,10,20,45,54,1
Kevin Kampl,SVN,MF,RB Leipzig,33,1990,17.7,27,18,11,10,6,16,26,61.5,10,25,6,19,24,51,25,0
Harry Kane,ENG,FW,Bayern Munich,31,1993,26.5,13,11,3,8,2,2,6,33.3,4,16,2,14,2,15,16,0
Mikkel Kaufmann,DEN,FW,Heidenheim,23,2001,4.1,6,4,1,3,2,2,5,40.0,3,5,2,3,2,8,7,0
Yannik Keitel,GER,MF,Stuttgart,24,2000,3.0,9,6,3,5,1,9,10,90.0,1,5,2,3,4,13,6,0
Andu Kelati,GER,"MF,DF",Holstein Kiel,21,2002,3.2,7,4,2,4,1,2,5,40.0,3,4,1,3,3,10,3,0
Aljoscha Kemlein,GER,MF,Union Berlin,19,2004,10.2,10,4,4,5,1,5,14,35.7,9,14,3,11,6,16,15,0
Luca Kerber,GER,"MF,DF",Heidenheim,22,2002,8.7,26,16,17,8,1,16,31,51.6,15,14,4,10,5,31,25,1
Rani Khedira,GER,MF,Union Berlin,30,1994,30.3,68,40,30,35,3,24,38,63.2,14,33,11,22,44,112,55,0
Joshua Kimmich,GER,MF,Bayern Munich,29,1995,31.6,47,29,11,29,7,30,50,60.0,20,23,3,20,25,72,34,3
Tim Kleindienst,GER,FW,Gladbach,28,1995,30.4,30,15,6,15,9,10,35,28.6,25,45,9,36,12,42,66,1
Lukas Klostermann,GER,DF,RB Leipzig,28,1996,20.4,27,14,18,7,2,14,24,58.3,10,31,17,14,24,51,143,3
Ansgar Knauff,GER,"MF,DF",Eint Frankfurt,22,2002,17.7,41,22,18,16,7,12,26,46.2,14,23,4,19,12,53,24,0
Magnus Knudsen,NOR,MF,Holstein Kiel,23,2001,20.6,48,29,21,21,6,25,44,56.8,19,18,4,14,12,60,44,0
Robin Koch,GER,DF,Eint Frankfurt,28,1996,28.7,24,11,14,8,2,10,22,45.5,12,39,25,14,25,49,197,4
Marco Komenda,CRO,DF,Holstein Kiel,27,1996,14.5,26,17,12,13,1,11,15,73.3,4,23,11,12,6,32,68,0
Mert Kömür,GER,MF,Augsburg,19,2005,7.3,3,2,2,0,1,0,3,0.0,3,9,3,6,3,6,7,1
Henri Koudossou,GER,DF,Augsburg,24,1999,8.3,18,10,6,11,1,11,19,57.9,8,8,2,6,15,33,37,0
Konstantinos Koulierakis,GRE,DF,Wolfsburg,20,2003,27.4,40,20,25,13,2,25,40,62.5,15,34,14,20,33,73,147,2
Andrej Kramarić,CRO,"MF,FW",Hoffenheim,33,1991,30.7,15,8,5,8,2,6,11,54.5,5,16,3,13,7,22,11,1
Frans Krätzig,GER,DF,Stuttgart,21,2003,0.6,2,1,1,0,1,1,3,33.3,2,2,1,1,0,2,1,0
Tom Krauß,GER,MF,Bochum,23,2001,12.0,35,18,20,13,2,19,38,50.0,19,26,2,24,11,46,19,1
Rasmus Kristensen,DEN,DF,Eint Frankfurt,27,1997,27.9,59,33,37,17,5,40,67,59.7,27,50,13,37,20,79,97,1
Lukas Kübler,GER,DF,Freiburg,31,1992,20.5,40,21,17,20,3,27,48,56.3,21,32,13,19,53,93,61,3
Moritz-Broni Kwarteng,GHA,"MF,FW",Bochum,26,1998,1.9,4,3,1,1,2,1,2,50.0,1,0,0,0,0,4,1,0
Konrad Laimer,AUT,DF,Bayern Munich,27,1997,18.9,49,27,19,22,8,23,48,47.9,25,24,1,23,8,57,24,1
Stefan Lainer,AUT,DF,Gladbach,31,1992,8.4,22,13,16,5,1,12,14,85.7,2,12,6,6,12,34,30,0
Hugo Larsson,SWE,MF,Eint Frankfurt,20,2004,26.6,47,27,17,25,5,21,42,50.0,21,42,11,31,30,77,35,1
Diogo Leite,POR,DF,Union Berlin,25,1999,28.3,64,32,43,17,4,33,50,66.0,17,61,25,36,57,121,162,1
Maxim Leitsch,GER,DF,Mainz 05,26,1998,7.5,12,4,6,4,2,7,9,77.8,2,12,4,8,10,22,42,1
Jamie Leweling,GER,"MF,FW",Stuttgart,23,2001,18.5,16,6,6,3,7,11,25,44.0,14,22,1,21,11,27,17,1
Philipp Lienhart,AUT,DF,Freiburg,28,1996,30.8,22,13,12,10,0,15,31,48.4,16,31,20,11,36,58,124,3
Marin Ljubicic,CRO,"FW,MF",Union Berlin,22,2002,3.1,2,1,0,2,0,1,3,33.3,2,2,0,2,0,2,7,0
Anthony Losilla,FRA,MF,Bochum,38,1986,12.6,30,16,15,12,3,17,33,51.5,16,22,7,15,18,48,27,1
Castello Lukeba,FRA,DF,RB Leipzig,21,2002,17.5,31,17,15,12,4,17,24,70.8,7,29,12,17,17,48,74,0
Senne Lynen,BEL,MF,Werder Bremen,25,1999,30.4,72,39,36,30,6,39,69,56.5,30,56,13,43,65,137,75,5
Shuto Machino,JPN,"FW,MF",Holstein Kiel,24,1999,21.7,8,5,4,3,1,6,16,37.5,10,12,3,9,7,15,28,1
Arne Maier,GER,MF,Augsburg,25,1999,10.4,13,7,4,8,1,7,13,53.8,6,15,1,14,6,19,14,1
Patrick Mainka,GER,DF,Heidenheim,29,1994,34.0,58,30,36,20,2,35,55,63.6,20,61,36,25,68,126,206,0
Lovro Majer,CRO,MF,Wolfsburg,26,1998,3.4,2,1,0,1,1,1,5,20.0,4,5,1,4,1,3,2,1
Jordy Makengo,FRA,DF,Freiburg,22,2001,8.3,16,9,10,5,1,10,16,62.5,6,8,3,5,7,23,29,0
Julián Malatini,ARG,DF,Werder Bremen,23,2001,5.0,11,9,5,5,1,5,11,45.5,6,8,3,5,7,18,17,0
Donyell Malen,NED,"FW,MF",Dortmund,25,1999,6.8,0,0,0,0,0,0,2,0.0,2,2,0,2,3,3,6,0
Lennard Maloney,USA,MF,Heidenheim,24,1999,8.4,20,11,12,7,1,14,23,60.9,9,9,2,7,14,34,38,0
Lennard Maloney,USA,MF,Mainz 05,24,1999,0.3,2,1,0,1,1,1,1,100.0,0,2,0,2,0,2,3,0
Johan Manzambi,SUI,"FW,MF",Freiburg,18,2005,3.7,8,2,1,3,4,1,4,25.0,3,6,0,6,4,12,7,0
Omar Marmoush,EGY,FW,Eint Frankfurt,25,1999,16.1,12,8,0,3,9,3,7,42.9,4,7,1,6,2,14,2,0
Giorgos Masouras,GRE,"FW,MF",Bochum,30,1994,11.7,18,10,6,7,5,7,16,43.8,9,9,1,8,4,22,3,1
Erhan Mašović,SRB,DF,Bochum,25,1998,10.1,14,10,10,4,0,13,28,46.4,15,17,11,6,12,26,55,0
Igor Matanovic,CRO,FW,Eint Frankfurt,21,2003,3.5,2,0,0,2,0,0,1,0.0,1,3,0,3,1,3,9,0
Chrislain Matsima,FRA,DF,Augsburg,22,2002,28.3,31,20,19,11,1,17,26,65.4,9,48,29,19,52,83,163,0
Jean Mattéo Bahoya,FRA,"MF,FW",Eint Frankfurt,19,2005,10.2,29,18,11,13,5,16,26,61.5,10,14,2,12,4,33,10,1
Keke Maximilian Topp,GER,"FW,MF",Werder Bremen,20,2004,2.8,3,1,0,2,1,1,2,50.0,1,0,0,0,1,4,4,0
Jakov Medić,CRO,DF,Bochum,25,1998,17.8,13,11,9,3,1,8,18,44.4,10,32,21,11,22,35,111,4
Connor Metcalfe,AUS,"MF,FW",St. Pauli,24,1999,4.0,2,0,1,1,0,0,5,0.0,5,4,0,4,3,5,8,0
Karol Mets,EST,DF,St. Pauli,31,1993,10.0,13,8,6,7,0,4,7,57.1,3,9,3,6,12,25,60,0
Florian Micheler,AUT,MF,Hoffenheim,19,2005,0.4,0,0,0,0,0,0,2,0.0,2,0,0,0,0,0,0,0
Enzo Millot,FRA,"MF,FW",Stuttgart,22,2002,20.5,30,13,10,15,5,12,35,34.3,23,27,0,27,13,43,6,1
Kim Min-jae,KOR,DF,Bayern Munich,27,1996,25.4,35,20,18,13,4,11,21,52.4,10,23,10,13,37,72,91,4
Maximilian Mittelstädt,GER,DF,Stuttgart,27,1997,27.4,79,54,42,30,7,53,73,72.6,20,47,11,36,47,126,96,2
Koji Miyoshi,JPN,"FW,MF",Bochum,27,1997,5.2,8,5,2,1,5,4,9,44.4,5,10,1,9,2,10,2,0
Steve Mounié,BEN,"FW,MF",Augsburg,29,1994,3.9,4,4,0,1,3,0,1,0.0,1,1,1,0,1,5,5,1
Nordi Mukiele,FRA,DF,Leverkusen,26,1997,10.0,20,16,8,8,4,12,18,66.7,6,10,0,10,16,36,37,2
Kevin Müller,GER,GK,Heidenheim,33,1991,32.7,3,2,3,0,0,3,3,100.0,0,0,0,0,0,3,13,4
Thomas Müller,GER,"MF,FW",Bayern Munich,34,1989,13.6,8,5,2,3,3,4,16,25.0,12,10,0,10,2,10,14,0
Jamal Musiala,GER,MF,Bayern Munich,21,2003,20.0,36,21,7,16,13,12,29,41.4,17,30,0,30,8,44,5,1
Florent Muslija,KVX,"FW,MF",Freiburg,26,1998,1.9,5,4,3,1,1,2,2,100.0,0,0,0,0,1,6,1,0
Phillipp Mwene,AUT,DF,Mainz 05,30,1994,29.0,51,29,23,22,6,19,46,41.3,27,27,6,21,24,75,51,1
Joakim Mæhle,DEN,DF,Wolfsburg,27,1997,24.3,34,15,26,6,2,17,45,37.8,28,24,3,21,25,59,57,2
Nathan N'Goumou,CMR,FW,Gladbach,24,2000,9.2,17,11,11,4,2,6,11,54.5,5,8,2,6,4,21,16,0
Stanley N'Soki,FRA,DF,Hoffenheim,25,1999,14.5,22,16,13,7,2,12,23,52.2,11,22,7,15,26,48,58,3
Paul Nebel,GER,MF,Mainz 05,21,2002,26.1,38,24,11,18,9,11,35,31.4,24,54,4,50,13,51,30,2
Kosta Nedeljković,SRB,DF,RB Leipzig,18,2005,5.3,11,8,5,6,0,6,10,60.0,4,6,4,2,2,13,14,0
Ivan Nekić,CRO,DF,Holstein Kiel,23,2000,0.8,1,1,1,0,0,1,2,50.0,1,1,0,1,3,4,2,0
David Nemeth,AUT,DF,St. Pauli,23,2001,23.7,43,29,25,16,2,25,43,58.1,18,29,11,18,18,61,94,2
Luca Netz,GER,DF,Gladbach,21,2003,10.8,24,14,14,8,2,13,19,68.4,6,17,4,13,10,34,36,0
Manuel Neuer,GER,GK,Bayern Munich,38,1986,22.0,1,0,1,0,0,1,1,100.0,0,0,0,0,0,1,9,1
Florian Neuhaus,GER,MF,Gladbach,27,1997,4.2,10,3,7,3,0,7,17,41.2,10,9,2,7,6,16,5,1
Julian Niehues,GER,MF,Heidenheim,23,2001,1.7,3,1,3,0,0,1,5,20.0,4,1,0,1,0,3,8,0
Justin Njinmah,GER,"FW,MF",Werder Bremen,23,2000,10.6,6,2,1,4,1,3,5,60.0,2,5,0,5,3,9,1,0
Felix Nmecha,GER,MF,Dortmund,23,2000,16.8,34,22,6,19,9,12,22,54.5,10,20,5,15,23,57,30,1
Lukas Nmecha,GER,"FW,MF",Wolfsburg,25,1998,5.2,2,0,1,1,0,0,1,0.0,1,3,0,3,2,4,4,0
Alexander Nübel,GER,GK,Stuttgart,27,1996,34.0,0,0,0,0,0,0,1,0.0,1,0,0,0,0,0,18,3
Antonio Nusa,NOR,"MF,DF",RB Leipzig,19,2005,17.3,30,17,16,9,5,18,36,50.0,18,22,2,20,8,38,11,0
David Odogu,GER,DF,Wolfsburg,18,2006,2.2,6,4,4,2,0,3,5,60.0,2,2,2,0,2,8,25,1
Tim Oermann,GER,DF,Bochum,20,2003,24.6,50,31,25,21,4,26,43,60.5,17,32,16,16,22,72,64,0
Ifechukwu Ogbus,SUI,DF,Freiburg,18,2005,0.2,1,1,0,0,1,0,1,0.0,1,0,0,0,1,2,2,0
Finn Ole Becker,GER,MF,Hoffenheim,24,2000,7.4,11,5,4,6,1,1,4,25.0,3,7,3,4,10,21,20,0
Michael Olise,FRA,"FW,MF",Bayern Munich,22,2001,25.9,36,23,10,21,5,17,38,44.7,21,23,1,22,8,44,16,2
Jonas Omlin,SUI,GK,Gladbach,30,1994,10.9,0,0,0,0,0,0,1,0.0,1,0,0,0,0,0,5,1
Frank Onyeka,NGA,MF,Augsburg,26,1998,28.7,58,45,22,28,8,22,40,55.0,18,36,9,27,36,94,36,2
Loïs Openda,BEL,"FW,MF",RB Leipzig,24,2000,27.3,9,4,3,4,2,3,11,27.3,8,19,1,18,5,14,12,0
Gift Orban,NGA,FW,Hoffenheim,22,2002,7.6,3,1,2,1,0,1,6,16.7,5,7,0,7,0,3,3,0
Willi Orban,HUN,DF,RB Leipzig,31,1992,24.7,38,21,23,14,1,23,32,71.9,9,45,31,14,21,59,169,4
Ivan Ordets,UKR,DF,Bochum,32,1992,20.7,18,8,13,5,0,10,13,76.9,3,29,16,13,41,59,139,3
Patrick Osterhage,GER,MF,Freiburg,24,2000,25.2,45,29,16,27,2,14,30,46.7,16,27,3,24,18,63,37,0
Salih Özcan,TUR,MF,Wolfsburg,26,1998,3.9,2,2,1,0,1,1,5,20.0,4,5,1,4,7,9,5,0
Salih Özcan,TUR,MF,Dortmund,26,1998,4.3,11,7,6,4,1,7,13,53.8,6,7,0,7,11,22,10,0
Exequiel Palacios,ARG,MF,Leverkusen,25,1998,12.8,22,15,8,10,4,10,18,55.6,8,14,1,13,13,35,15,1
João Palhinha,POR,MF,Bayern Munich,29,1995,7.5,20,14,6,11,3,11,16,68.8,5,13,1,12,4,24,9,1
Mats Pannewig,GER,MF,Bochum,19,2004,3.0,10,6,7,3,0,3,12,25.0,9,8,1,7,2,12,8,0
Kevin Paredes,USA,DF,Wolfsburg,21,2003,1.4,3,1,3,0,0,2,3,66.7,1,2,2,0,1,4,0,0
Aleksandar Pavlovic,GER,MF,Bayern Munich,20,2004,16.1,38,21,13,15,10,22,32,68.8,10,18,3,15,5,43,14,0
Mads Pedersen,DEN,DF,Augsburg,27,1996,2.6,8,7,5,2,1,4,5,80.0,1,4,0,4,2,10,6,0
Jordan Pefok,USA,FW,Union Berlin,28,1996,10.1,11,6,6,0,5,3,7,42.9,4,9,2,7,4,15,18,0
Daniel Peretz,ISR,GK,Bayern Munich,24,2000,3.0,0,0,0,0,0,0,1,0.0,1,0,0,0,0,0,2,0
Luca Philipp,GER,GK,Hoffenheim,23,2000,6.0,1,0,1,0,0,1,1,100.0,0,0,0,0,0,1,1,0
Benedikt Pichler,AUT,FW,Holstein Kiel,27,1997,8.7,5,2,1,0,4,2,4,50.0,2,4,2,2,2,7,11,0
Amos Pieper,GER,DF,Werder Bremen,26,1998,16.6,32,17,16,11,5,21,33,63.6,12,28,17,11,24,56,98,1
Marvin Pieringer,GER,"FW,MF",Heidenheim,24,1999,24.5,23,13,5,12,6,5,10,50.0,5,21,2,19,8,31,32,0
Alassane Pléa,FRA,"MF,FW",Gladbach,31,1993,21.1,7,3,0,2,5,4,13,30.8,9,11,0,11,2,9,7,1
Yussuf Poulsen,DEN,"FW,MF",RB Leipzig,30,1994,4.2,10,5,2,6,2,4,8,50.0,4,7,2,5,0,10,14,0
Alexander Prass,AUT,DF,Hoffenheim,23,2001,17.4,42,23,24,15,3,24,59,40.7,35,33,6,27,9,51,53,4
David Preu,GER,"MF,DF",Union Berlin,19,2004,1.3,1,1,0,1,0,0,2,0.0,2,4,2,2,0,1,2,0
Grischa Prömel,GER,MF,Hoffenheim,29,1995,1.9,0,0,0,0,0,0,1,0.0,1,1,1,0,2,2,4,0
Tymoteusz Puchacz,POL,DF,Holstein Kiel,25,1999,4.4,9,4,6,3,0,5,7,71.4,2,4,1,3,3,12,11,0
Leopold Querfeld,AUT,DF,Union Berlin,20,2003,19.4,25,12,21,4,0,13,18,72.2,5,25,10,15,19,44,144,2
Grant Ranos,ARM,FW,Gladbach,21,2003,0.2,1,0,0,1,0,0,1,0.0,1,2,0,2,0,1,0,0
David Raum,GER,DF,RB Leipzig,26,1998,19.8,38,28,16,14,8,20,35,57.1,15,25,8,17,9,47,47,4
Rocco Reitz,GER,MF,Gladbach,22,2002,20.3,52,24,24,24,4,24,43,55.8,19,39,16,23,53,105,59,2
Nicolai Remberg,GER,MF,Holstein Kiel,24,2000,26.9,45,25,24,17,4,19,41,46.3,22,46,20,26,29,74,100,0
Elvis Rexhbeçaj,KVX,MF,Augsburg,26,1997,19.8,27,19,9,14,4,15,35,42.9,20,40,9,31,16,43,22,1
Gio Reyna,USA,MF,Dortmund,21,2002,3.9,7,0,3,0,4,4,5,80.0,1,3,1,2,0,7,9,0
Fabian Rieder,SUI,"MF,FW",Stuttgart,22,2002,9.6,17,14,4,9,4,7,23,30.4,16,10,1,9,10,27,7,1
Mads Roerslev,DEN,DF,Wolfsburg,25,1999,3.3,10,9,8,1,1,6,9,66.7,3,2,2,0,5,15,16,0
Merlin Röhl,GER,"MF,FW",Freiburg,22,2002,10.7,16,10,4,10,2,9,11,81.8,2,9,1,8,6,22,2,0
Lasse Rosenboom,GER,DF,Holstein Kiel,22,2002,19.3,47,35,25,16,6,32,47,68.1,15,28,9,19,19,66,71,3
Max Rosenfelder,GER,DF,Freiburg,21,2003,13.9,27,17,17,10,0,14,19,73.7,5,17,9,8,7,34,65,0
Anthony Rouault,FRA,DF,Stuttgart,23,2001,13.5,15,11,10,3,2,10,15,66.7,5,18,9,9,19,34,63,1
Julian Ryerson,NOR,DF,Dortmund,26,1997,25.1,46,30,26,13,7,25,44,56.8,19,29,2,27,22,68,26,1
Frederik Rønnow,DEN,GK,Union Berlin,31,1992,28.0,0,0,0,0,0,0,1,0.0,1,0,0,0,0,0,22,2
Elias Saad,TUN,"FW,MF",St. Pauli,24,1999,10.0,20,13,7,8,5,10,20,50.0,10,14,0,14,3,23,1,0
Marcel Sabitzer,AUT,MF,Dortmund,30,1994,18.0,29,19,7,15,7,16,27,59.3,11,19,6,13,10,39,29,1
Manolis Saliakas,GRE,"MF,DF",St. Pauli,27,1996,25.7,46,22,24,18,4,25,49,51.0,24,38,8,30,20,66,62,0
Diadie Samassékou,MLI,MF,Hoffenheim,28,1996,3.2,5,5,1,2,2,2,4,50.0,2,4,2,2,5,10,5,0
Philipp Sander,GER,MF,Gladbach,26,1998,15.6,33,17,16,15,2,10,23,43.5,13,16,7,9,23,56,44,3
James Sands,USA,"MF,DF",St. Pauli,24,2000,5.0,15,6,5,8,2,4,4,100.0,0,5,1,4,5,20,8,0
Leroy Sané,GER,FW,Bayern Munich,28,1996,18.2,23,15,4,8,11,12,23,52.2,11,8,0,8,7,30,3,0
Kaishu Sano,JPN,MF,Mainz 05,23,2000,33.8,61,36,22,31,8,25,52,48.1,27,66,14,52,65,126,56,1
Joe Scally,USA,DF,Gladbach,21,2002,28.6,45,32,25,18,2,27,46,58.7,19,35,11,24,16,61,86,2
András Schäfer,HUN,MF,Union Berlin,25,1999,17.0,52,26,23,24,5,25,41,61.0,16,33,6,27,22,74,36,0
Patrik Schick,CZE,FW,Leverkusen,28,1996,18.7,6,5,1,3,2,1,5,20.0,4,9,1,8,4,10,17,1
Stefan Schimmer,GER,"FW,MF",Heidenheim,30,1994,2.7,2,0,1,1,0,1,2,50.0,1,1,0,1,0,2,4,0
Xaver Schlager,AUT,MF,RB Leipzig,26,1997,2.0,4,2,2,1,1,3,7,42.9,4,7,0,7,0,4,3,0
Keven Schlotterbeck,GER,DF,Augsburg,27,1997,14.4,19,17,9,9,1,12,16,75.0,4,13,6,7,15,34,73,1
Nico Schlotterbeck,GER,DF,Dortmund,24,1999,22.0,38,24,21,16,1,27,45,60.0,18,31,15,16,22,60,79,1
Romano Schmid,AUT,MF,Werder Bremen,24,2000,31.5,43,25,10,22,11,24,51,47.1,27,42,3,39,11,54,9,2
Jan Schöppner,GER,MF,Heidenheim,25,1999,29.8,56,30,19,27,10,20,58,34.5,38,38,6,32,43,99,95,1
Marvin Schulz,GER,"MF,DF",Holstein Kiel,29,1995,3.4,6,5,2,2,2,2,8,25.0,6,12,8,4,0,6,17,0
Léo Scienza,BRA,"FW,MF",Heidenheim,25,1998,12.8,17,12,10,5,2,7,18,38.9,11,13,1,12,5,22,9,1
Nicolas Seiwald,AUT,"MF,DF",RB Leipzig,23,2001,23.2,53,31,19,29,5,25,50,50.0,25,43,10,33,31,84,76,2
Benjamin Šeško,SVN,"FW,MF",RB Leipzig,21,2003,26.4,7,3,0,4,3,3,11,27.3,8,15,4,11,5,12,20,0
Armindo Sieb,GER,"FW,MF",Mainz 05,21,2003,8.5,10,4,4,5,1,3,10,30.0,7,4,0,4,1,11,7,0
Tim Siersleben,GER,DF,Heidenheim,24,2000,13.1,21,14,12,8,1,7,17,41.2,10,19,6,13,20,41,66,0
Kiliann Sildillia,FRA,DF,Freiburg,22,2002,8.9,17,10,8,6,3,7,13,53.8,6,16,5,11,11,28,38,0
André Silva,POR,FW,Werder Bremen,28,1995,4.2,2,2,1,1,0,0,1,0.0,1,3,1,2,0,2,3,0
André Silva,POR,"FW,MF",RB Leipzig,28,1995,1.5,1,1,1,0,0,0,1,0.0,1,1,0,1,1,2,2,0
Xavi Simons,NED,MF,RB Leipzig,21,2003,23.9,28,21,5,15,8,12,26,46.2,14,19,3,16,12,40,19,1
Danel Sinani,LUX,"FW,MF",St. Pauli,27,1997,13.9,14,11,2,7,5,6,14,42.9,8,12,1,11,1,15,13,0
Ibrahima Sissoko,MLI,MF,Bochum,26,1997,29.0,66,44,30,31,5,24,45,53.3,21,39,11,28,36,102,61,0
Tim Skarke,GER,"FW,MF",Union Berlin,27,1996,12.9,14,11,5,8,1,10,19,52.6,9,7,0,7,5,19,17,0
Ellyes Skhiri,TUN,MF,Eint Frankfurt,29,1995,24.8,40,22,15,21,4,18,44,40.9,26,30,7,23,31,71,45,4
Leo Skiri Østigård,NOR,DF,Hoffenheim,24,1999,10.3,9,7,5,4,0,4,6,66.7,2,17,9,8,9,18,111,0
Andreas Skov Olsen,DEN,"FW,MF",Wolfsburg,24,1999,5.9,8,6,5,3,0,4,4,100.0,0,4,0,4,2,10,12,0
Steven Skrzybski,GER,"MF,FW",Holstein Kiel,31,1992,14.7,19,6,7,6,6,7,24,29.2,17,16,0,16,11,30,11,0
Anton Stach,GER,"MF,DF",Hoffenheim,25,1998,28.7,66,46,25,37,4,32,47,68.1,15,47,13,34,46,112,101,2
Jens Stage,DEN,MF,Werder Bremen,27,1996,24.5,49,30,22,24,3,25,46,54.3,21,44,10,34,18,67,42,2
Josip Stanišić,CRO,DF,Bayern Munich,24,2000,9.7,13,11,6,4,3,7,15,46.7,8,10,6,4,6,19,29,1
Niklas Stark,GER,DF,Werder Bremen,29,1995,23.4,33,21,20,11,2,14,21,66.7,7,41,27,14,36,69,129,1
Pascal Stenzel,GER,DF,Stuttgart,28,1996,3.2,3,2,1,0,2,2,5,40.0,3,5,1,4,2,5,6,0
Leonidas Stergiou,SUI,DF,Stuttgart,22,2002,9.5,24,13,9,11,4,16,19,84.2,3,16,5,11,14,38,39,0
Angelo Stiller,GER,MF,Stuttgart,23,2001,30.5,49,27,18,25,6,14,30,46.7,16,29,9,20,26,75,50,4
Kevin Stöger,AUT,MF,Gladbach,30,1993,17.2,37,21,23,10,4,16,39,41.0,23,24,3,21,16,53,26,3
Niklas Süle,GER,DF,Dortmund,28,1995,11.7,14,12,9,5,0,10,14,71.4,4,11,6,5,4,18,46,1
Mattias Svanberg,SWE,MF,Wolfsburg,25,1999,13.5,20,10,6,11,3,9,19,47.4,10,11,4,7,15,35,26,0
Haris Tabakovic,BIH,FW,Hoffenheim,30,1994,9.1,3,1,1,0,2,0,3,0.0,3,4,2,2,1,4,16,0
Jonathan Tah,GER,DF,Leverkusen,28,1996,33.0,19,12,12,6,1,10,16,62.5,6,22,16,6,36,55,157,2
Edmond Tapsoba,BFA,DF,Leverkusen,25,1999,27.9,39,24,19,16,4,22,39,56.4,17,21,14,7,24,63,89,3
Nathan Tella,NGA,"MF,FW",Leverkusen,25,1999,15.1,16,11,4,7,5,5,13,38.5,8,15,1,14,4,20,10,0
Martin Terrier,FRA,"MF,FW",Leverkusen,27,1997,6.5,4,2,1,0,3,1,4,25.0,3,3,0,3,1,5,1,0
Arthur Theate,BEL,DF,Eint Frankfurt,24,2000,30.0,36,25,19,16,1,22,44,50.0,22,42,19,23,39,75,170,3
Phillip Tietz,GER,FW,Augsburg,27,1997,18.7,11,6,2,7,2,5,8,62.5,3,10,1,9,5,16,26,1
Umut Tohumcu,GER,"MF,FW",Hoffenheim,19,2004,4.2,9,5,3,5,1,5,7,71.4,2,5,0,5,3,12,6,0
Tiago Tomás,POR,"FW,MF",Wolfsburg,22,2002,20.9,33,19,15,11,7,15,35,42.9,20,17,4,13,9,42,19,0
Bazoumana Touré,CIV,"FW,MF",Hoffenheim,18,2006,6.8,12,10,2,7,3,2,8,25.0,6,4,0,4,3,15,2,0
Lucas Tousart,FRA,MF,Union Berlin,27,1997,6.2,17,9,6,9,2,5,12,41.7,7,11,4,7,7,24,27,0
Omar Traoré,GER,DF,Heidenheim,26,1998,29.1,50,26,31,16,3,25,41,61.0,16,35,6,29,21,71,66,0
Philipp Treu,GER,"MF,DF",St. Pauli,23,2000,32.0,61,42,35,17,9,39,68,57.4,29,52,12,40,19,80,87,2
Lukas Ullrich,GER,DF,Gladbach,20,2004,21.1,25,16,18,6,1,15,42,35.7,27,26,9,17,23,48,74,1
Deniz Undav,GER,"FW,MF",Stuttgart,28,1996,19.2,11,10,2,3,6,1,17,5.9,16,15,2,13,3,14,10,0
Dayot Upamecano,FRA,DF,Bayern Munich,25,1998,19.5,36,22,18,16,2,16,29,55.2,13,17,7,10,34,70,45,1
Can Uzun,TUR,"MF,FW",Eint Frankfurt,18,2005,7.5,10,4,1,4,5,5,10,50.0,5,9,0,9,1,11,3,0
Maarten Vandevoordt,BEL,GK,RB Leipzig,22,2002,4.8,1,0,1,0,0,1,1,100.0,0,0,0,0,0,1,4,0
Ruben Vargas,SUI,"MF,FW",Augsburg,25,1998,3.4,2,1,1,1,0,1,4,25.0,3,1,0,1,2,4,1,1
Nikola Vasilj,BIH,GK,St. Pauli,28,1995,33.0,0,0,0,0,0,0,2,0.0,2,0,0,0,0,0,22,3
Denis Vavro,SVK,DF,Wolfsburg,28,1996,27.3,21,13,16,5,0,11,23,47.8,12,48,32,16,37,58,234,3
Miloš Veljković,SRB,DF,Werder Bremen,28,1995,11.4,10,5,6,3,1,7,15,46.7,8,14,9,5,2,12,47,1
Arthur Vermeeren,BEL,MF,RB Leipzig,19,2005,17.5,32,19,14,13,5,14,47,29.8,33,34,12,22,23,55,25,2
Yorbe Vertessen,BEL,"MF,FW",Union Berlin,23,2001,8.0,6,3,3,2,1,2,8,25.0,6,6,0,6,3,9,6,0
Kevin Vogt,GER,DF,Union Berlin,32,1991,15.2,12,8,7,5,0,8,13,61.5,5,16,8,8,9,21,75,1
Aster Vranckx,BEL,MF,Wolfsburg,21,2002,6.2,11,6,3,8,0,3,9,33.3,6,14,3,11,10,21,13,0
Robert Wagner,GER,MF,St. Pauli,21,2003,4.5,8,3,2,6,0,4,13,30.8,9,8,0,8,2,10,12,0
Elye Wahi,FRA,"FW,MF",Eint Frankfurt,21,2003,2.2,0,0,0,0,0,0,1,0.0,1,1,0,1,0,0,1,0
Hauke Wahl,GER,DF,St. Pauli,30,1994,33.0,36,27,21,13,2,23,38,60.5,15,44,25,19,31,67,170,4
Paul Wanner,GER,"MF,FW",Heidenheim,18,2005,19.7,40,27,16,21,3,15,32,46.9,17,15,0,15,4,44,20,0
Julian Weigl,GER,MF,Gladbach,28,1995,32.0,53,25,24,24,5,28,46,60.9,18,54,27,27,48,101,86,3
Timon Weiner,GER,GK,Holstein Kiel,25,1999,25.0,0,0,0,0,0,0,1,0.0,1,0,0,0,0,0,17,3
Nelson Weiper,GER,"FW,MF",Mainz 05,19,2005,7.8,5,4,2,3,0,2,4,50.0,2,5,0,5,2,7,5,1
Noah Weißhaupt,GER,"FW,MF",St. Pauli,22,2001,12.9,6,4,3,0,3,3,8,37.5,5,7,0,7,2,8,8,1
Noah Weißhaupt,GER,FW,Freiburg,22,2001,0.9,0,0,0,0,0,0,1,0.0,1,0,0,0,0,0,1,0
Silvan Widmer,SUI,DF,Mainz 05,31,1993,5.6,11,5,3,6,2,8,12,66.7,4,7,1,6,5,16,27,0
Patrick Wimmer,AUT,"MF,FW",Wolfsburg,23,2001,19.7,47,35,19,21,7,15,46,32.6,31,31,4,27,32,79,15,2
Jonas Wind,DEN,"FW,MF",Wolfsburg,25,1999,21.8,10,6,1,8,1,4,8,50.0,4,17,3,14,6,16,15,0
Florian Wirtz,GER,"MF,FW",Leverkusen,21,2003,26.1,32,20,10,12,10,9,22,40.9,13,32,3,29,10,42,6,1
Dani de Wit,NED,"MF,FW",Bochum,26,1998,12.8,29,17,11,15,3,18,31,58.1,13,17,4,13,12,41,23,1
Maximilian Wittek,GER,DF,Bochum,28,1995,30.1,65,42,40,19,6,38,54,70.4,16,54,8,46,27,92,89,3
Marius Wolf,GER,DF,Augsburg,29,1995,23.8,27,16,13,11,3,16,43,37.2,27,29,5,24,24,51,51,1
Nick Woltemade,GER,"FW,MF",Stuttgart,22,2002,18.0,10,7,2,4,4,6,10,60.0,4,23,2,21,1,11,15,1
Jeong Woo-yeong,KOR,"MF,FW",Union Berlin,24,1999,14.0,10,7,5,5,0,3,11,27.3,8,10,1,9,11,21,11,0
Granit Xhaka,SUI,MF,Leverkusen,31,1992,32.1,48,26,15,27,6,24,42,57.1,18,30,7,23,12,60,52,6
Erencan Yardimci,TUR,"FW,MF",Hoffenheim,22,2002,3.5,4,3,1,3,0,1,2,50.0,1,2,0,2,1,5,2,0
David Zec,SVN,DF,Holstein Kiel,24,2000,17.1,23,10,17,6,0,13,20,65.0,7,32,18,14,17,40,93,3
Robin Zentner,GER,GK,Mainz 05,29,1994,32.0,2,1,2,0,0,1,2,50.0,1,0,0,0,0,2,31,4
Cedric Zesiger,SUI,DF,Augsburg,26,1998,13.6,13,7,7,6,0,8,13,61.5,5,17,10,7,21,34,96,1
Cedric Zesiger,SUI,DF,Wolfsburg,26,1998,5.8,13,8,6,5,2,6,12,50.0,6,6,5,1,3,16,28,0
Michael Zetterer,GER,GK,Werder Bremen,29,1995,34.0,0,0,0,0,0,0,1,0.0,1,1,0,1,1,1,10,7
Budu Zivzivadze,GEO,FW,Heidenheim,30,1994,10.6,17,11,1,9,7,4,8,50.0,4,9,0,9,3,20,7,0
Keyliane Abdallah,FRA,FW,Marseille,18,2006,0.0,1,1,1,0,0,1,1,100.0,0,0,0,0,0,1,0,0
Yunis Abdelhamid,MAR,DF,Saint-Étienne,36,1987,11.5,17,11,15,2,0,10,16,62.5,6,26,18,8,14,31,57,1
Himad Abdelli,ALG,"MF,FW",Angers,24,1999,31.6,48,32,13,20,15,15,48,31.3,33,24,1,23,26,74,28,2
Mohamed Abdelmoneim,EGY,DF,Nice,25,1999,9.5,21,14,12,6,3,13,22,59.1,9,11,5,6,15,36,56,1
Matthis Abline,FRA,FW,Nantes,21,2003,30.8,11,5,2,4,5,3,9,33.3,6,15,1,14,4,15,36,1
Abner,BRA,DF,Lyon,24,2000,12.1,29,20,12,10,7,21,32,65.6,11,15,2,13,5,34,41,0
Zakaria Aboukhlal,MAR,"MF,FW",Toulouse,24,2000,21.1,22,13,7,8,7,4,23,17.4,19,16,1,15,6,28,9,0
Akor Adams,NGA,FW,Montpellier,24,2000,11.9,4,3,1,2,1,3,4,75.0,1,2,1,1,1,5,5,1
Martin Adeline,FRA,MF,Reims,20,2003,0.3,1,1,0,1,0,1,2,50.0,1,0,0,0,0,1,2,0
Emmanuel Agbadou,CIV,DF,Reims,27,1997,14.0,25,17,19,3,3,19,26,73.1,7,22,13,9,19,44,64,1
Jeremy Agbonifo,SWE,"FW,MF",Lens,18,2005,3.3,7,6,6,0,1,3,7,42.9,4,2,1,1,1,8,0,1
Jean-Eudes Aholou,CIV,MF,Angers,30,1994,21.8,56,36,26,20,10,22,48,45.8,26,34,14,20,33,89,32,0
Ayman Aiki,FRA,"FW,MF",Saint-Étienne,19,2005,1.4,3,3,1,2,0,1,1,100.0,0,1,0,1,1,4,0,0
Ludovic Ajorque,FRA,FW,Brest,30,1994,27.7,26,19,3,12,11,10,32,31.3,22,20,5,15,6,32,26,0
Ümit Akdag,ROU,DF,Toulouse,20,2003,5.6,8,4,3,4,1,5,12,41.7,7,10,8,2,11,19,19,0
Sergio Akieme,ESP,DF,Reims,26,1997,28.0,34,23,30,3,1,22,36,61.1,14,26,9,17,17,51,97,4
Maghnes Akliouche,FRA,"FW,MF",Monaco,22,2002,26.7,51,31,12,24,15,19,41,46.3,22,21,0,21,15,66,13,0
Clément Akpa,CIV,DF,Auxerre,22,2001,27.6,55,34,36,12,7,31,46,67.4,15,38,14,24,42,97,141,2
Chuba Akpom,ENG,FW,Lille,28,1995,7.1,8,5,0,4,4,2,6,33.3,4,9,0,9,0,8,3,0
Mohamed Ali Cho,FRA,"FW,MF",Nice,20,2004,18.0,13,9,4,5,4,4,12,33.3,8,17,1,16,5,18,8,0
Jim Allevinah,GAB,FW,Angers,29,1995,19.4,19,11,6,9,4,5,28,17.9,23,10,0,10,12,31,17,0
Thiago Almada,ARG,"MF,FW",Lyon,23,2001,10.6,14,8,7,5,2,7,21,33.3,14,2,0,2,7,21,6,3
Jordan Amavi,FRA,DF,Brest,30,1994,8.8,24,17,10,11,3,15,21,71.4,6,10,2,8,7,31,18,0
Kelvin Amian,FRA,DF,Nantes,26,1998,24.1,55,31,40,14,1,29,35,82.9,6,18,11,7,13,68,85,0
Michael Amir Murillo,PAN,DF,Marseille,28,1996,27.1,49,31,30,13,6,32,46,69.6,14,21,8,13,18,67,70,4
Mathis Amougou,FRA,MF,Saint-Étienne,18,2006,9.5,21,15,15,5,1,10,19,52.6,9,10,0,10,12,33,4,0
Benjamin André,FRA,MF,Lille,33,1990,29.9,103,57,31,60,12,54,96,56.3,42,42,6,36,48,151,56,0
Dennis Appiah,FRA,DF,Saint-Étienne,32,1992,23.6,71,43,42,22,7,41,71,57.7,30,36,8,28,29,100,89,2
Carlens Arcus,HAI,DF,Angers,28,1996,22.7,52,35,32,15,5,34,56,60.7,22,24,4,20,27,79,83,3
Hákon Arnar Haraldsson,ISL,"MF,FW",Lille,21,2003,19.5,36,16,9,17,10,16,33,48.5,17,10,2,8,8,44,6,0
Marco Asensio,ESP,"FW,MF",Paris S-G,28,1996,6.9,4,3,1,3,0,0,6,0.0,6,1,0,1,0,4,1,0
Dehmaine Assoumani,FRA,"MF,FW",Nantes,19,2005,1.1,6,3,0,4,2,4,5,80.0,1,1,0,1,1,7,4,0
Valentin Atangana Edoa,FRA,MF,Reims,18,2005,31.7,69,50,32,30,7,28,38,73.7,10,31,15,16,37,106,64,0
Florian Ayé,FRA,FW,Auxerre,27,1997,6.4,2,2,0,0,2,0,2,0.0,2,7,0,7,7,9,6,0
André Ayew,GHA,FW,Le Havre,34,1989,16.1,18,10,3,7,8,7,13,53.8,6,9,2,7,3,21,21,1
Neil El Aynaoui,FRA,MF,Lens,23,2001,17.6,39,21,18,15,6,12,34,35.3,22,34,8,26,30,69,29,0
Shavy Babicka,GAB,"MF,FW",Toulouse,24,2000,13.2,21,12,6,11,4,10,21,47.6,11,14,0,14,3,24,4,3
Juma Bah,SLE,DF,Lens,18,2006,7.6,16,10,6,10,0,5,7,71.4,2,10,7,3,17,33,47,1
Theo Bair,CAN,FW,Auxerre,24,1999,10.4,4,3,1,2,1,0,2,0.0,2,6,2,4,3,7,10,0
Mitchel Bakker,NED,"FW,DF",Lille,24,2000,12.7,23,13,6,11,6,10,19,52.6,9,10,1,9,12,35,15,0
Dilane Bakwa,FRA,"MF,DF",Strasbourg,21,2002,27.7,26,14,11,8,7,12,24,50.0,12,21,1,20,15,41,27,0
Leonardo Balerdi,ARG,DF,Marseille,25,1999,25.3,54,39,32,17,5,27,47,57.4,20,25,14,11,38,92,72,4
Folarin Balogun,USA,FW,Monaco,23,2001,6.8,1,1,0,0,1,0,4,0.0,4,0,0,0,1,2,0,0
Abdoulaye Bamba,CIV,DF,Angers,34,1990,16.8,22,12,17,4,1,14,19,73.7,5,14,8,6,19,41,79,0
Mohamed Bamba,CIV,MF,Reims,19,2004,0.1,0,0,0,0,0,0,1,0.0,1,2,1,1,0,0,1,0
Valentín Barco,ARG,"MF,DF",Strasbourg,20,2004,12.9,36,22,24,10,2,22,30,73.3,8,8,3,5,13,49,28,1
Bradley Barcola,FRA,FW,Paris S-G,21,2002,24.2,27,17,10,8,9,8,31,25.8,23,25,2,23,19,46,12,0
Gabriel Bares,SUI,"MF,DF",Montpellier,23,2000,0.6,2,2,2,0,0,1,2,50.0,1,0,0,0,1,3,3,0
Dylan Batubinsika,COD,DF,Saint-Étienne,28,1996,22.4,26,13,19,6,1,13,22,59.1,9,23,14,9,39,65,140,3
Haris Belkebla,ALG,MF,Angers,30,1994,19.9,56,38,38,15,3,26,45,57.8,19,30,9,21,35,91,46,1
Yassin Belkhdim,FRA,MF,Angers,22,2002,16.9,53,27,26,21,6,27,58,46.6,31,23,6,17,21,74,41,1
Eliesse Ben Seghir,MAR,"MF,FW",Monaco,19,2005,19.4,31,22,12,12,7,18,32,56.3,14,20,0,20,13,44,4,0
Ismaël Bennacer,ALG,MF,Marseille,26,1997,7.2,21,10,8,12,1,12,18,66.7,6,6,0,6,10,31,2,1
Saïd Benrahma,ALG,"FW,MF",Lyon,28,1995,8.2,9,5,4,4,1,3,10,30.0,7,6,0,6,3,12,2,0
Nabil Bentaleb,ALG,MF,Lille,29,1994,3.7,4,3,2,0,2,3,7,42.9,4,5,0,5,5,9,7,2
Lucas Beraldo,BRA,DF,Paris S-G,20,2003,22.3,38,31,30,8,0,23,37,62.2,14,16,8,8,21,59,63,3
Maxime Bernauer,FRA,DF,Saint-Étienne,26,1998,8.5,9,9,5,2,2,5,8,62.5,3,7,3,4,5,14,44,1
Mika Biereth,DEN,FW,Monaco,21,2003,13.6,5,5,0,3,2,3,7,42.9,4,11,0,11,4,9,7,0
Emmanuel Biumla,FRA,DF,Angers,19,2005,14.8,19,12,14,5,0,12,18,66.7,6,18,8,10,8,27,84,1
Marco Bizot,NED,GK,Brest,33,1991,32.0,2,1,2,0,0,1,2,50.0,1,0,0,0,0,2,33,0
Ludovic Blas,FRA,"MF,FW",Rennes,26,1997,25.5,38,25,9,12,17,23,42,54.8,19,16,2,14,13,51,11,0
Augustine Boakye,GHA,"FW,MF",Saint-Étienne,23,2000,8.1,7,3,3,4,0,3,11,27.3,8,5,0,5,6,13,4,0
Jeremie Boga,CIV,"MF,FW",Nice,27,1997,11.7,10,5,2,5,3,4,8,50.0,4,13,0,13,3,13,2,1
Moïse Bombito,CAN,DF,Nice,24,2000,24.4,37,25,22,12,3,24,35,68.6,11,35,19,16,18,55,121,7
Saïmon Bouabré,FRA,"MF,FW",Monaco,18,2006,1.1,1,0,0,1,0,0,3,0.0,3,1,0,1,0,1,0,0
Ayyoub Bouaddi,FRA,MF,Lille,16,2007,12.8,50,31,21,21,8,19,32,59.4,13,12,3,9,10,60,12,1
Badredine Bouanani,ALG,"MF,FW",Nice,19,2004,12.2,11,4,4,4,3,6,18,33.3,12,16,3,13,11,22,4,0
Benjamin Bouchouari,MAR,MF,Saint-Étienne,22,2001,19.7,33,27,15,13,5,16,46,34.8,30,21,1,20,17,50,15,2
Hicham Boudaoui,ALG,MF,Nice,24,1999,27.1,76,52,28,37,11,31,53,58.5,22,40,11,29,22,98,45,1
Benjamin Bourigeaud,FRA,MF,Rennes,30,1994,0.9,1,0,0,1,0,0,2,0.0,2,2,1,1,2,3,1,0
Lilian Brassier,FRA,DF,Marseille,24,1999,8.7,8,6,8,0,0,5,6,83.3,1,8,3,5,9,17,28,2
Lilian Brassier,FRA,DF,Rennes,24,1999,13.7,15,12,11,4,0,9,11,81.8,2,17,10,7,22,37,62,1
Aurélio Buta,POR,DF,Reims,27,1997,21.9,37,24,22,11,4,21,42,50.0,21,19,5,14,22,59,59,0
Marcin Bułka,POL,GK,Nice,24,1999,34.0,0,0,0,0,0,0,1,0.0,1,0,0,0,0,0,16,6
Rémy Cabella,FRA,"FW,MF",Lille,34,1990,11.2,39,19,16,13,10,19,33,57.6,14,10,1,9,8,47,5,0
Mathieu Cafaro,FRA,"MF,FW",Saint-Étienne,27,1997,8.1,10,7,4,4,2,4,15,26.7,11,7,1,6,7,17,3,0
Duje Ćaleta-Car,CRO,DF,Lyon,27,1996,17.6,20,12,11,9,0,10,19,52.6,9,33,25,8,17,37,97,2
Issiaga Camara,GUI,MF,Nice,19,2005,0.2,2,1,0,2,0,0,1,0.0,1,0,0,0,3,5,0,0
Lamine Camara,SEN,MF,Monaco,20,2004,22.8,66,41,22,34,10,26,48,54.2,22,30,4,26,31,97,32,1
Mahdi Camara,FRA,"MF,FW",Brest,26,1998,29.5,71,40,16,38,17,24,46,52.2,22,40,5,35,33,104,29,0
Ousmane Camara,FRA,DF,Angers,21,2003,2.8,4,3,3,1,0,1,2,50.0,1,1,1,0,0,4,18,0
Axel Camblan,FRA,"MF,FW",Brest,20,2003,0.3,1,1,0,0,1,1,2,50.0,1,1,0,1,0,1,0,0
Pierrick Capelle,FRA,MF,Angers,37,1987,5.4,24,17,10,9,5,9,18,50.0,9,4,1,3,11,35,5,1
Maxence Caqueret,FRA,MF,Lyon,24,2000,6.4,21,11,5,11,5,4,22,18.2,18,12,2,10,7,28,2,0
Valentin Carboni,ARG,"MF,FW",Marseille,19,2005,1.1,2,2,0,1,1,0,1,0.0,1,1,0,1,1,3,1,0
Irvin Cardona,FRA,FW,Saint-Étienne,26,1997,11.8,6,5,3,3,0,2,14,14.3,12,16,3,13,4,10,6,2
Josué Casimir,FRA,"FW,MF",Le Havre,22,2001,22.2,37,26,15,15,7,9,18,50.0,9,19,0,19,7,44,35,1
Cristian Cásseres Jr.,VEN,MF,Toulouse,24,2000,30.0,96,61,41,43,12,46,88,52.3,42,35,9,26,42,138,36,1
Enzo Caumont,FRA,MF,Angers,20,2004,0.4,1,1,0,1,0,1,2,50.0,1,1,1,0,1,2,1,0
Fabien Centonze,FRA,DF,Nantes,28,1996,2.9,8,4,5,2,1,4,6,66.7,2,4,1,3,2,10,17,0
Brendan Chardonnet,FRA,DF,Brest,29,1994,26.8,45,33,28,14,3,25,40,62.5,15,45,28,17,29,74,169,2
Théo Chennahi,FRA,DF,Montpellier,19,2005,2.0,6,3,3,3,0,4,7,57.1,3,3,0,3,2,8,6,0
Sidiki Cherif,FRA,FW,Angers,17,2006,3.6,5,5,1,3,1,3,4,75.0,1,4,1,3,0,5,0,1
Rayan Cherki,FRA,"FW,MF",Lyon,20,2003,22.7,15,12,3,8,4,6,28,21.4,22,6,0,6,7,22,6,0
Lucas Chevalier,FRA,GK,Lille,22,2001,34.0,3,2,3,0,0,3,4,75.0,1,0,0,0,0,3,13,4
Pedro Chirivella,ESP,MF,Nantes,27,1997,26.1,44,29,23,16,5,19,42,45.2,23,25,4,21,19,63,45,0
Joris Chotard,FRA,MF,Montpellier,22,2001,21.0,39,27,17,20,2,20,46,43.5,26,28,10,18,19,58,52,1
Djaoui Cissé,FRA,MF,Rennes,20,2004,12.5,33,18,12,15,6,16,26,61.5,10,29,4,25,13,46,11,1
Marcus Coco,FRA,DF,Nantes,28,1996,10.6,27,21,15,9,3,16,31,51.6,15,16,5,11,11,38,46,0
Francis Coquelin,FRA,MF,Nantes,33,1991,2.5,9,5,5,3,1,3,4,75.0,1,3,1,2,6,15,3,0
Derek Cornelius,CAN,DF,Marseille,26,1997,15.8,24,17,15,8,1,17,22,77.3,5,16,10,6,14,38,51,0
Pierre Cornud,FRA,DF,Saint-Étienne,27,1996,6.4,12,10,6,4,2,8,17,47.1,9,9,4,5,9,21,28,1
David Costa,POR,"MF,FW",Lens,23,2001,3.9,2,0,1,1,0,1,4,25.0,3,5,1,4,1,3,0,0
Logan Costa,CPV,DF,Toulouse,23,2001,1.0,2,1,0,2,0,1,1,100.0,0,2,2,0,2,4,4,0
Soumaïla Coulibaly,FRA,DF,Brest,20,2003,4.9,4,2,2,2,0,1,1,100.0,0,7,2,5,5,9,26,0
Tanguy Coulibaly,FRA,"FW,MF",Montpellier,23,2001,16.5,32,24,13,15,4,14,33,42.4,19,18,2,16,11,43,3,1
Marius Courcoul,FRA,"MF,DF",Angers,17,2007,3.4,5,2,3,2,0,2,5,40.0,3,4,0,4,5,10,9,0
Charlie Cresswell,ENG,DF,Toulouse,21,2002,28.8,35,23,19,15,1,28,46,60.9,18,44,28,16,28,63,191,3
Kévin Danois,FRA,MF,Auxerre,20,2004,16.2,49,30,20,22,7,20,46,43.5,26,17,3,14,20,69,20,0
Kevin Danso,AUT,DF,Lens,25,1998,12.0,19,7,12,5,2,12,16,75.0,4,25,19,6,20,39,62,1
Dante,BRA,DF,Nice,40,1983,21.8,32,15,17,13,2,15,29,51.7,14,29,14,15,34,66,74,1
Jonathan David,CAN,FW,Lille,24,2000,28.4,24,8,3,12,9,9,21,42.9,12,13,2,11,7,31,10,1
Zuriko Davitashvili,GEO,"FW,MF",Saint-Étienne,23,2001,30.9,22,14,9,7,6,15,49,30.6,34,20,0,20,14,36,14,0
Théo De Percin,MTQ,GK,Auxerre,23,2001,2.0,0,0,0,0,0,0,1,0.0,1,0,0,0,0,0,3,0
Thibault De Smet,BEL,DF,Reims,26,1998,2.1,6,4,5,1,0,4,4,100.0,0,5,3,2,4,10,12,0
Amar Dedić,BIH,DF,Marseille,21,2002,3.5,5,4,2,2,1,3,10,30.0,7,0,0,0,3,8,12,1
Romain Del Castillo,FRA,FW,Brest,28,1996,14.0,31,22,9,13,9,19,32,59.4,13,16,0,16,6,37,5,0
Thomas Delaine,FRA,DF,Strasbourg,32,1992,0.1,1,1,1,0,0,1,1,100.0,0,0,0,0,1,2,1,0
Andy Delort,ALG,FW,Montpellier,32,1991,6.7,4,3,1,2,1,1,2,50.0,1,3,1,2,0,4,3,0
Ousmane Dembélé,FRA,FW,Paris S-G,27,1997,19.2,11,5,0,7,4,4,12,33.3,8,3,0,3,9,20,2,1
Arthur Desmas,FRA,GK,Le Havre,30,1994,18.0,0,0,0,0,0,0,1,0.0,1,0,0,0,0,0,9,1
Mamadou Diakhon,FRA,"FW,MF",Reims,18,2005,9.5,12,8,4,3,5,9,18,50.0,9,5,1,4,4,16,5,0
Bafodé Diakité,FRA,DF,Lille,23,2001,30.7,31,18,17,11,3,18,26,69.2,8,30,17,13,27,58,99,5
Oumar Diakité,CIV,FW,Reims,20,2003,18.1,20,13,7,8,5,9,19,47.4,10,13,2,11,3,23,9,0
Habib Diarra,SEN,"MF,FW",Strasbourg,20,2004,26.1,22,13,6,13,3,8,20,40.0,12,22,6,16,13,35,46,3
Mahamadou Diawara,FRA,MF,Le Havre,19,2005,6.5,20,12,10,8,2,8,13,61.5,5,13,6,7,13,33,11,1
Mahamadou Diawara,FRA,MF,Lyon,19,2005,0.2,1,0,0,1,0,1,3,33.3,2,2,0,2,0,1,0,0
Bamba Dieng,SEN,FW,Angers,24,2000,5.9,4,1,1,2,1,0,2,0.0,2,2,0,2,0,4,3,0
Sinaly Diomande,CIV,DF,Auxerre,23,2001,21.6,39,19,20,18,1,28,40,70.0,12,37,18,19,30,69,100,2
Sofiane Diop,FRA,"MF,FW",Nice,24,2000,11.8,23,16,16,3,4,9,22,40.9,13,19,2,17,17,40,7,1
Andy Diouf,FRA,MF,Lens,21,2003,24.7,37,26,10,22,5,16,40,40.0,24,24,1,23,15,52,18,2
Yehvann Diouf,SEN,GK,Reims,24,1999,34.0,2,1,2,0,0,1,3,33.3,2,0,0,0,1,3,22,4
Assane Dioussé,SEN,MF,Auxerre,26,1997,7.4,15,7,9,5,1,5,14,35.7,9,6,2,4,12,27,15,0
Gianluigi Donnarumma,ITA,GK,Paris S-G,25,1999,23.2,1,1,1,0,0,1,2,50.0,1,0,0,0,0,1,14,0
Désiré Doué,FRA,"FW,MF",Paris S-G,19,2005,19.2,48,30,15,19,14,24,51,47.1,27,26,0,26,13,61,7,0
Guela Doué,CIV,DF,Strasbourg,21,2002,30.2,65,45,40,15,10,37,54,68.5,17,38,6,32,34,99,154,1
Douglas,BRA,MF,Nantes,27,1997,25.6,69,42,29,31,9,26,44,59.1,18,51,11,40,32,101,47,0
Kamory Doumbia,MLI,"MF,FW",Brest,21,2003,14.7,41,29,17,17,7,14,31,45.2,17,17,1,16,28,69,13,1
Amidou Doumbouya,FRA,DF,Nice,16,2007,0.5,1,1,0,0,1,1,1,100.0,0,3,1,2,1,2,1,0
Jean-Kevin Duverne,HAI,DF,Nantes,27,1997,6.0,21,12,13,4,4,15,27,55.6,12,10,3,7,8,29,23,0
Noah Edjouma,FRA,"MF,FW",Toulouse,18,2005,1.9,2,2,0,1,1,1,2,50.0,1,1,1,0,2,4,2,0
Pierre Ekwah Elimby,FRA,MF,Saint-Étienne,22,2002,28.6,54,33,18,30,6,34,56,60.7,22,26,12,14,47,101,72,1
Meschak Elia,COD,FW,Nantes,26,1997,1.9,7,5,3,2,2,1,1,100.0,0,3,0,3,0,7,2,0
Breel Embolo,SUI,"FW,MF",Monaco,27,1997,20.5,22,17,7,7,8,5,16,31.3,11,11,0,11,3,25,10,1
Emanuel Emegha,NED,FW,Strasbourg,21,2003,25.5,6,6,1,2,3,2,6,33.3,4,18,5,13,1,7,30,0
Romain Faivre,FRA,"MF,FW",Brest,26,1998,10.0,13,10,4,5,4,5,10,50.0,5,8,0,8,4,17,3,1
Khalil Fayad,FRA,"MF,FW",Montpellier,20,2004,11.4,31,16,12,17,2,15,28,53.6,13,18,1,17,10,41,15,1
Luiz Felipe,ITA,DF,Marseille,27,1997,1.4,4,3,3,1,0,1,2,50.0,1,3,2,1,3,7,5,0
Zinedine Ferhat,ALG,"FW,MF",Angers,31,1993,9.4,9,7,1,5,3,4,13,30.8,9,9,0,9,10,19,12,0
Edimilson Fernandes,SUI,"MF,DF",Brest,28,1996,12.3,9,7,3,6,0,7,13,53.8,6,14,6,8,20,29,38,1
Matias Fernandez-Pardo,BEL,"FW,MF",Lille,19,2005,11.8,12,9,3,6,3,6,12,50.0,6,9,0,9,3,15,6,0
Jordan Ferri,FRA,MF,Montpellier,32,1992,19.7,42,23,18,22,2,18,44,40.9,26,20,3,17,9,51,20,0
Malick Fofana,BEL,FW,Lyon,19,2005,17.7,22,11,8,11,3,8,17,47.1,9,12,0,12,8,30,6,0
Seko Fofana,CIV,MF,Rennes,29,1995,9.4,11,7,4,6,1,2,7,28.6,5,7,1,6,7,18,7,0
Yahia Fofana,CIV,GK,Angers,23,2000,33.0,0,0,0,0,0,0,2,0.0,2,0,0,0,1,1,25,2
Lamine Fomba,FRA,MF,Saint-Étienne,26,1998,2.4,8,6,2,5,1,2,7,28.6,5,7,1,6,4,12,5,1
Przemysław Frankowski,POL,DF,Lens,29,1995,15.4,32,21,17,10,5,19,30,63.3,11,10,2,8,19,51,28,0
Angelo Fulgini,FRA,"MF,FW",Lens,27,1996,11.6,14,10,6,4,4,6,16,37.5,10,11,1,10,2,16,3,0
Kyogo Furuhashi,JPN,FW,Rennes,29,1995,1.4,2,2,1,1,0,1,1,100.0,0,0,0,0,0,2,0,0
Ignatius Ganago,CMR,"FW,MF",Nantes,25,1999,2.7,1,1,0,1,0,1,2,50.0,1,3,1,2,4,5,2,0
Ulisses Garcia,SUI,DF,Marseille,28,1996,10.3,14,11,7,5,2,4,14,28.6,10,5,1,4,8,22,18,0
Jean-Philippe Gbamin,CIV,MF,Nantes,28,1995,2.4,2,1,0,2,0,1,4,25.0,3,5,2,3,3,5,2,0
Yann Gboho,FRA,"MF,FW",Toulouse,23,2001,25.9,31,18,7,15,9,14,35,40.0,21,20,0,20,6,37,4,1
Denis Genreau,AUS,MF,Toulouse,25,1999,2.5,7,5,4,1,2,4,8,50.0,4,3,0,3,3,10,4,0
Aleksandr Golovin,RUS,"MF,FW",Monaco,28,1996,12.8,38,24,9,20,9,17,39,43.6,22,16,4,12,12,50,7,0
André Gomes,POR,MF,Lille,31,1993,14.2,27,13,9,11,7,11,31,35.5,20,7,1,6,6,33,11,2
Angel Gomes,ENG,MF,Lille,23,2000,8.2,10,6,4,4,2,2,12,16.7,10,0,0,0,0,10,2,0
Carlos Gómez,COL,"MF,DF",Rennes,21,2002,4.2,8,6,3,4,1,3,9,33.3,6,6,0,6,2,10,2,0
Mathieu Gorgelin,FRA,GK,Le Havre,33,1990,16.0,2,2,2,0,0,2,3,66.7,1,0,0,0,0,2,8,2
Amine Gouiri,ALG,"FW,MF",Marseille,24,2000,11.6,5,5,0,1,4,2,3,66.7,1,9,0,9,1,6,1,0
Amine Gouiri,ALG,"MF,FW",Rennes,24,2000,11.5,9,6,4,4,1,2,8,25.0,6,8,0,8,2,11,5,0
Jonathan Gradit,FRA,DF,Lens,31,1992,23.5,44,23,22,19,3,23,40,57.5,17,27,12,15,25,69,122,2
Samuel Grandsir,FRA,"MF,FW",Le Havre,27,1996,0.9,5,5,0,3,2,2,3,66.7,1,2,0,2,0,5,0,0
Mason Greenwood,ENG,"FW,MF",Marseille,22,2001,31.2,35,18,10,14,11,16,39,41.0,23,7,0,7,12,47,5,2
Albert Grønbaek,DEN,"MF,FW",Rennes,23,2001,9.0,21,11,10,7,4,10,28,35.7,18,9,1,8,4,25,6,0
Gabriel Gudmundsson,SWE,DF,Lille,25,1999,19.8,36,25,15,15,6,23,36,63.9,13,19,7,12,17,53,41,3
Axel Gueguin,FRA,FW,Montpellier,19,2005,0.3,1,1,0,1,0,1,1,100.0,0,0,0,0,0,1,0,0
Evann Guessand,CIV,"FW,MF",Nice,23,2001,28.5,44,29,12,15,17,6,14,42.9,8,27,3,24,15,59,16,0
Bahereba Guirassy,FRA,"FW,MF",Nantes,17,2006,3.9,12,8,6,3,3,7,13,53.8,6,10,0,10,1,13,4,0
Massadio Haïdara,MLI,DF,Brest,31,1992,18.6,27,16,16,9,2,13,29,44.8,16,18,2,16,26,53,73,0
Achraf Hakimi,MAR,DF,Paris S-G,25,1998,23.0,48,36,18,20,10,27,55,49.1,28,25,2,23,31,79,18,3
Florent Hanin,ALG,DF,Angers,34,1990,29.7,69,48,45,17,7,39,71,54.9,32,31,10,21,47,116,99,2
Amine Harit,MAR,MF,Marseille,27,1997,5.8,8,7,0,6,2,1,2,50.0,1,6,0,6,3,11,1,1
Hans Hateboer,NED,DF,Rennes,30,1994,18.7,31,16,14,12,5,18,36,50.0,18,19,6,13,29,60,64,2
Lucas Hernández,FRA,DF,Paris S-G,28,1996,9.7,24,18,13,9,2,14,23,60.9,9,12,5,7,7,31,37,2
Ki-Jana Hoever,NED,DF,Auxerre,22,2002,23.6,51,38,26,16,9,30,54,55.6,24,33,3,30,21,72,70,1
Cédric Hountondji,BEN,DF,Angers,30,1994,3.0,6,4,4,2,0,3,7,42.9,4,3,3,0,4,10,14,0
Ilyes Housni,FRA,"FW,MF",Le Havre,19,2005,2.6,7,5,2,3,2,2,4,50.0,2,2,0,2,1,8,2,0
Pierre Højbjerg,DEN,MF,Marseille,28,1995,29.6,64,45,25,32,7,37,69,53.6,32,28,4,24,42,106,33,2
Hafiz Ibrahim,NGA,FW,Reims,18,2005,4.3,3,2,0,1,2,0,5,0.0,5,4,2,2,2,5,6,0
George Ilenikhena,NGA,FW,Monaco,17,2006,8.0,4,2,0,3,1,1,2,50.0,1,0,0,0,2,6,0,0
Rareş Ilie,ROU,MF,Nice,21,2003,0.1,1,1,1,0,0,1,1,100.0,0,0,0,0,0,1,0,0
Ismaily,BRA,DF,Lille,34,1990,10.0,33,17,17,12,4,17,26,65.4,9,15,1,14,13,46,49,0
Yanis Issoufou,FRA,"MF,FW",Montpellier,17,2006,0.9,6,4,4,1,1,3,5,60.0,2,1,0,1,0,6,1,0
Junya Ito,JPN,"FW,MF",Reims,31,1993,29.9,45,30,19,16,10,17,60,28.3,43,33,3,30,13,58,15,2
Jérémy Jacquet,FRA,DF,Rennes,19,2005,10.3,26,17,11,8,7,14,22,63.6,8,9,3,6,27,53,45,1
Ismail Jakobs,SEN,DF,Monaco,24,1999,2.0,5,5,3,0,2,3,5,60.0,2,0,0,0,2,7,6,0
Jordan James,WAL,MF,Rennes,20,2004,13.1,30,19,8,18,4,16,30,53.3,14,14,1,13,14,44,17,1
John Joe,IRL,MF,Reims,20,2003,6.1,24,15,11,10,3,7,19,36.8,12,11,2,9,6,30,9,0
Karl-Johan Johnsson,SWE,GK,Strasbourg,34,1990,3.0,0,0,0,0,0,0,1,0.0,1,0,0,0,0,0,3,0
Paul Joly,FRA,DF,Auxerre,24,2000,11.2,49,32,30,17,2,27,45,60.0,18,19,1,18,25,74,32,5
Jota,POR,"FW,MF",Rennes,25,1999,3.7,5,2,2,3,0,4,7,57.1,3,1,0,1,3,8,2,0
Antoine Joujou,FRA,"MF,FW",Le Havre,21,2003,10.5,16,11,10,4,2,9,15,60.0,6,15,3,12,9,25,19,0
Jubal,BRA,DF,Auxerre,30,1993,29.3,60,39,46,13,1,28,40,70.0,12,61,36,25,25,85,201,1
Hamed Junior Traorè,CIV,MF,Auxerre,24,2000,23.3,41,20,11,17,13,16,54,29.6,38,14,0,14,8,49,11,0
Yaya Kader Fofana,MLI,"MF,FW",Reims,20,2004,7.0,17,11,8,5,4,4,12,33.3,8,11,2,9,3,20,2,0
Tino Kadewere,ZIM,"MF,FW",Nantes,28,1996,5.7,14,8,5,3,6,6,13,46.2,7,3,0,3,6,20,8,0
Arnaud Kalimuendo,FRA,"FW,MF",Rennes,22,2002,28.6,19,12,6,9,4,7,15,46.7,8,9,2,7,4,23,16,1
Glen Kamara,FIN,MF,Rennes,28,1995,7.4,23,11,10,11,2,11,17,64.7,6,7,0,7,7,30,7,0
Lee Kang-in,KOR,"FW,MF",Paris S-G,23,2001,18.5,25,17,7,11,7,19,35,54.3,16,11,1,10,3,28,3,1
Yassine Kechta,MAR,"MF,FW",Le Havre,22,2002,23.3,60,36,32,21,7,33,78,42.3,45,25,2,23,26,86,32,2
Thilo Kehrer,GER,DF,Monaco,27,1996,26.5,37,23,26,11,0,22,38,57.9,16,18,10,8,36,73,113,1
Reda Khadra,GER,"MF,FW",Reims,23,2001,0.9,1,1,1,0,0,0,1,0.0,1,0,0,0,0,1,1,0
Wahbi Khazri,TUN,"FW,MF",Montpellier,33,1991,12.4,25,18,5,16,4,8,21,38.1,13,13,1,12,5,30,7,0
Abdukodir Khusanov,UZB,DF,Lens,20,2004,10.8,15,11,9,5,1,7,11,63.6,4,17,11,6,26,41,57,0
Joshua King,NOR,"FW,MF",Toulouse,32,1992,18.6,11,11,4,4,3,5,12,41.7,7,10,3,7,6,17,19,0
Cédric Kipré,CIV,DF,Reims,27,1996,24.3,42,30,30,11,1,29,39,74.4,10,42,27,15,32,74,162,2
Hervé Koffi,BFA,GK,Lens,27,1996,5.0,1,1,1,0,0,1,1,100.0,0,0,0,0,0,1,5,0
Philipp Köhn,SUI,GK,Monaco,26,1998,19.0,0,0,0,0,0,0,1,0.0,1,0,0,0,0,0,11,2
Koka,EGY,FW,Le,Havre 31,1993,9.5,4,1,1,3,0,0,4,0.0,4,3,0,3,4,8,6,1
Randal Kolo Muani,FRA,FW,Paris S-G,25,1998,4.0,4,4,1,1,2,0,2,0.0,2,1,0,1,0,4,5,0
Abdoul Koné,FRA,DF,Reims,19,2005,1.5,5,3,4,1,0,3,5,60.0,2,2,1,1,1,6,5,0
Amadou Koné,MLI,MF,Reims,19,2005,14.4,49,32,32,16,1,22,35,62.9,13,18,4,14,19,68,38,2
Ismaël Koné,CAN,"MF,FW",Marseille,22,2002,4.0,8,4,3,3,2,3,4,75.0,1,4,1,3,4,12,2,1
Ismaël Koné,CAN,MF,Rennes,22,2002,5.2,9,6,4,4,1,5,7,71.4,2,9,2,7,4,13,5,0
Boubakar Kouyaté,MLI,DF,Montpellier,27,1997,8.4,22,17,16,6,0,11,19,57.9,8,17,11,6,12,34,54,0
Goduine Koyalipou,CTA,FW,Lens,24,2000,9.8,3,2,0,3,0,1,1,100.0,0,4,0,4,1,4,8,0
Sael Kumbedi,FRA,DF,Lyon,19,2005,10.6,28,14,11,13,4,14,20,70.0,6,11,3,8,8,36,32,1
Daler Kuzyaev,RUS,MF,Le Havre,31,1993,6.3,13,8,7,4,2,2,9,22.2,7,7,4,3,9,22,8,0
Khvicha Kvaratskhelia,GEO,FW,Paris S-G,23,2001,10.2,19,13,4,12,3,13,23,56.5,10,7,0,7,2,21,4,0
Rémy Labeau Lascary,GLP,"FW,MF",Lens,21,2003,7.1,16,10,7,6,3,5,11,45.5,6,5,0,5,1,17,7,0
Gaëtan Laborde,FRA,FW,Nice,30,1994,20.3,19,13,9,8,2,9,22,40.9,13,16,4,12,6,25,20,0
Alexandre Lacazette,FRA,FW,Lyon,33,1991,22.8,13,6,3,7,3,5,16,31.3,11,13,3,10,8,21,7,0
Younes Lachaab,FRA,"MF,FW",Lille,19,2005,0.1,1,1,0,0,1,1,1,100.0,0,0,0,0,1,2,0,0
Alban Lafont,FRA,GK,Nantes,25,1999,12.0,1,1,1,0,0,1,1,100.0,0,2,0,2,0,1,8,1
Kenny Lala,MAD,DF,Brest,32,1991,29.8,66,42,36,23,7,38,57,66.7,19,25,9,16,25,91,75,2
Mohamed Lamine Bayo,GUI,FW,Lille,26,1998,3.4,1,1,0,0,1,1,1,100.0,0,0,0,0,0,1,4,0
Gautier Larsonneur,FRA,GK,Saint-Étienne,27,1997,34.0,1,0,1,0,0,0,2,0.0,2,1,0,1,0,1,25,1
Julien Le Cardinal,FRA,DF,Brest,26,1997,15.3,27,15,16,8,3,11,16,68.8,5,18,14,4,33,60,75,0
Jérémy Le Douaron,FRA,FW,Brest,26,1998,1.1,1,0,0,0,1,0,1,0.0,1,1,0,1,0,1,0,0
Pierre Lees-Melou,FRA,MF,Brest,31,1993,17.0,48,33,20,19,9,25,54,46.3,29,19,3,16,12,60,23,0
Jordan Lefort,FRA,DF,Angers,30,1993,34.0,52,30,42,9,1,30,44,68.2,14,56,37,19,32,84,206,3
Félix Lemaréchal,FRA,"MF,FW",Strasbourg,20,2003,19.8,35,24,13,17,5,14,29,48.3,15,35,4,31,14,49,19,0
Donovan Léon,GUF,GK,Auxerre,31,1992,32.0,0,0,0,0,0,0,3,0.0,3,2,0,2,0,0,26,1
Esteban Lepaul,FRA,FW,Angers,24,2000,18.1,11,6,2,6,3,4,16,25.0,12,15,2,13,4,15,10,0
Johann Lepenant,FRA,MF,Nantes,21,2002,22.8,68,33,30,27,11,32,71,45.1,39,35,3,32,18,86,25,0
Louis Leroux,FRA,"MF,DF",Nantes,18,2006,9.1,25,18,10,12,3,16,22,72.7,6,22,2,20,8,33,19,1
Pol Lirola,ESP,DF,Marseille,26,1997,7.6,13,9,5,8,0,5,13,38.5,8,7,2,5,4,17,12,0
Gautier Lloris,FRA,DF,Le Havre,29,1995,30.8,68,43,52,16,0,38,53,71.7,15,33,21,12,34,102,192,0
Bradley Locko,FRA,DF,Brest,22,2002,1.1,2,2,1,1,0,1,1,100.0,0,3,2,1,1,3,3,0
Anthony Lopes,POR,GK,Nantes,33,1990,17.4,1,0,1,0,0,1,1,100.0,0,0,0,0,1,2,7,1
Othmane Maamma,MAR,"FW,MF",Montpellier,18,2005,4.0,3,1,2,1,0,1,4,25.0,3,4,0,4,1,4,2,1
Yvann Macon,FRA,DF,Saint-Étienne,25,1998,8.8,19,11,9,7,3,10,21,47.6,11,14,4,10,2,21,10,1
Soungoutou Magassa,FRA,MF,Monaco,20,2003,11.4,47,25,14,27,6,25,46,54.3,21,16,3,13,21,68,19,1
Hugo Magnetti,FRA,MF,Brest,26,1998,25.8,52,32,21,27,4,23,51,45.1,28,20,3,17,18,70,37,0
Frank Magri,CMR,"FW,MF",Toulouse,24,1999,16.8,8,2,1,6,1,3,8,37.5,5,16,2,14,4,12,11,0
Ainsley Maitland-Niles,ENG,DF,Lyon,26,1997,22.1,71,44,30,26,15,48,76,63.2,28,28,4,24,25,96,61,6
Radosław Majecki,POL,GK,Monaco,24,1999,15.0,0,0,0,0,0,0,2,0.0,2,0,0,0,0,0,8,1
Nikola Maksimović,SRB,DF,Montpellier,32,1991,6.5,9,5,6,3,0,6,7,85.7,1,5,4,1,6,15,30,1
Steve Mandanda,FRA,GK,Rennes,39,1985,16.5,0,0,0,0,0,0,1,0.0,1,0,0,0,0,0,6,2
Aïssa Mandi,ALG,DF,Lille,32,1991,19.3,31,17,12,15,4,16,22,72.7,6,23,11,12,15,46,54,0
Orel Mangala,BEL,MF,Lyon,26,1998,0.7,1,0,0,0,1,0,1,0.0,1,2,0,2,0,1,1,0
Sekou Mara,FRA,"FW,MF",Strasbourg,22,2002,8.5,9,6,0,5,4,3,9,33.3,6,11,0,11,3,12,3,0
Marquinhos,BRA,DF,Paris,S-G 30,1994,19.2,30,19,8,16,6,25,33,75.8,8,27,15,12,11,41,64,0
Ange Martial Tia,MLI,"MF,DF",Reims,17,2006,1.9,4,3,1,2,1,2,6,33.3,4,3,0,3,2,6,4,0
Jonas Martin,FRA,MF,Brest,34,1990,5.5,13,7,10,2,1,6,11,54.5,5,4,1,3,8,21,12,1
Han-Noah Massengo,FRA,MF,Auxerre,23,2001,11.6,17,11,5,8,4,8,12,66.7,4,12,4,8,17,34,10,2
Clinton Mata,ANG,DF,Lyon,31,1992,26.3,41,29,23,14,4,28,36,77.8,8,26,17,9,46,87,72,3
Nemanja Matić,SRB,MF,Lyon,35,1988,22.3,42,29,15,21,6,23,41,56.1,18,21,9,12,18,60,31,1
Rudy Matondo,FRA,MF,Auxerre,16,2008,0.7,1,1,1,0,0,0,1,0.0,1,0,0,0,0,1,2,0
Azor Matusiwa,NED,MF,Rennes,26,1998,23.1,64,39,32,30,2,32,43,74.4,11,29,10,19,34,98,52,0
Neal Maupay,FRA,FW,Marseille,27,1996,11.6,9,4,1,6,2,3,6,50.0,3,5,0,5,2,11,0,0
Christian Mawissa,FRA,DF,Monaco,19,2005,16.7,42,29,27,13,2,26,44,59.1,18,25,6,19,26,68,48,1
Senny Mayulu,FRA,MF,Paris S-G,18,2006,9.0,25,16,8,14,3,8,14,57.1,6,8,3,5,5,30,12,0
Ethan Mbappé,FRA,"MF,FW",Lille,17,2006,2.5,6,2,3,2,1,0,4,0.0,4,6,0,6,1,7,0,0
Ibrahim Mbaye,FRA,"FW,MF",Paris S-G,16,2008,3.8,4,2,1,2,1,3,8,37.5,5,2,0,2,2,6,2,0
Mark McKenzie,USA,DF,Toulouse,25,1999,27.7,52,31,31,20,1,33,45,73.3,12,31,18,13,22,74,141,1
Facundo Medina,ARG,DF,Lens,25,1999,28.3,44,29,22,18,4,24,42,57.1,18,30,10,20,32,76,70,0
Bamo Meïté,CIV,DF,Montpellier,22,2001,4.7,5,3,2,1,2,1,2,50.0,1,3,3,0,4,9,14,3
Mohamed Meité,FRA,FW,Rennes,16,2007,6.0,2,0,0,2,0,1,1,100.0,0,1,0,1,0,2,5,0
Farid El Melali,ALG,FW,Angers,27,1997,21.0,28,16,15,6,7,13,35,37.1,22,19,1,18,16,44,12,1
Nuno Mendes,POR,DF,Paris S-G,22,2002,18.6,30,19,15,12,3,23,39,59.0,16,25,8,17,18,48,37,2
Antoine Mendy,SEN,DF,Nice,20,2004,9.2,30,21,16,14,0,19,29,65.5,10,9,5,4,8,38,29,1
Nampalys Mendy,SEN,MF,Lens,32,1992,6.5,15,8,4,7,4,6,14,42.9,8,8,2,6,9,24,8,0
Gideon Mensah,GHA,DF,Auxerre,26,1998,25.3,68,45,37,21,10,33,66,50.0,33,27,4,23,50,118,83,0
Quentin Merlin,FRA,DF,Marseille,22,2002,17.7,22,17,12,5,5,9,16,56.3,7,20,4,16,14,36,17,1
Rafik Messali,FRA,DF,Toulouse,21,2003,5.1,15,8,6,6,3,7,8,87.5,1,9,1,8,10,25,12,0
Thomas Meunier,BEL,DF,Lille,32,1991,21.4,53,38,32,15,6,33,49,67.3,16,21,8,13,34,87,64,0
Lucas Michal,FRA,"FW,MF",Monaco,19,2005,1.3,5,3,3,2,0,2,4,50.0,2,2,0,2,1,6,2,0
Georges Mikautadze,GEO,FW,Lyon,23,2000,16.1,7,6,1,3,3,3,9,33.3,6,11,0,11,4,11,6,0
Takumi Minamino,JPN,"MF,FW",Monaco,29,1995,24.8,33,19,7,14,12,15,42,35.7,27,26,1,25,10,43,20,0
Lucas Mincarelli,FRA,DF,Montpellier,20,2004,7.9,17,10,6,9,2,6,13,46.2,7,8,5,3,9,26,27,0
Mostafa Mohamed,EGY,FW,Nantes,26,1997,13.9,18,9,6,8,4,4,12,33.3,8,10,2,8,10,28,27,0
Florent Mollet,FRA,"MF,FW",Nantes,32,1991,2.7,2,2,1,1,0,1,1,100.0,0,2,0,2,1,3,4,0
Gabriel Moscardo,BRA,"MF,DF",Reims,18,2005,0.9,3,1,2,1,0,1,3,33.3,2,3,1,2,0,3,1,0
Yael Mouanga,FRA,DF,Montpellier,19,2005,10.5,14,8,9,3,2,7,9,77.8,2,16,8,8,10,24,50,0
Aimen Moueffek,FRA,MF,Saint-Étienne,23,2001,11.5,20,12,3,11,6,10,23,43.5,13,20,7,13,5,25,26,1
Youssoufa Moukoko,GER,"FW,MF",Nice,19,2004,2.3,3,2,2,1,0,1,2,50.0,1,2,0,2,0,3,0,0
Louis Mouton,FRA,MF,Saint-Étienne,22,2002,11.6,49,25,14,25,10,22,37,59.5,15,17,3,14,10,59,19,0
Ngal'Ayel Mukau,COD,MF,Lille,19,2004,13.2,33,18,9,22,2,17,29,58.6,12,14,0,14,15,48,22,0
Marshall Munetsi,ZIM,MF,Reims,28,1996,18.8,36,18,22,9,5,22,38,57.9,16,27,3,24,17,53,35,0
Almoatasem Al Musrati,LBY,MF,Monaco,28,1996,4.3,14,11,5,8,1,7,11,63.6,4,3,1,2,5,19,9,0
Junior Mwanga,FRA,MF,Le Havre,21,2003,10.6,26,16,10,13,3,11,19,57.9,8,10,3,7,8,34,18,2
Junior Mwanga,FRA,MF,Strasbourg,21,2003,3.3,17,9,9,7,1,5,9,55.6,4,2,0,2,2,19,2,0
Loïc N'Gatta,FRA,DF,Auxerre,20,2003,0.1,1,1,0,1,0,1,2,50.0,1,1,0,1,0,1,1,0
Djylian N'Guessan,FRA,FW,Saint-Étienne,15,2008,2.0,6,4,5,1,0,2,5,40.0,3,1,0,1,0,6,1,0
Mickael Nade,FRA,DF,Saint-Étienne,25,1999,25.6,59,43,40,19,0,28,36,77.8,8,37,19,18,33,92,132,8
Bilal Nadir,MAR,MF,Marseille,20,2003,4.3,10,3,4,6,0,4,6,66.7,2,6,1,5,4,14,7,0
Mahamadou Nagida,CMR,DF,Rennes,19,2005,4.8,8,6,4,3,1,4,5,80.0,1,3,0,3,9,17,6,0
Keito Nakamura,JPN,"FW,MF",Reims,24,2000,29.4,24,16,7,10,7,11,31,35.5,20,21,1,20,13,37,19,0
Sebastian Nanasi,SWE,"MF,FW",Strasbourg,22,2002,23.4,20,13,6,12,2,8,22,36.4,14,24,3,21,7,27,18,0
Yael Nandjou,FRA,DF,Nice,19,2005,1.7,4,1,2,1,1,4,8,50.0,4,4,1,3,4,8,7,0
Youssouf Ndayishimiye,BDI,DF,Nice,25,1998,21.5,40,21,25,14,1,16,27,59.3,11,35,19,16,21,61,117,4
Junior Ndiaye,FRA,FW,Montpellier,19,2005,4.9,3,2,2,1,0,1,4,25.0,3,2,1,1,0,3,2,0
Rassoul Ndiaye,SEN,MF,Le Havre,22,2001,11.8,35,25,19,12,4,11,25,44.0,14,15,4,11,12,47,24,0
Wilfried Ndollo,CMR,DF,Montpellier,19,2005,4.5,6,5,4,1,1,4,8,50.0,4,9,1,8,7,13,11,0
Tanguy Ndombele,FRA,MF,Nice,27,1996,12.6,35,23,10,21,4,12,20,60.0,8,9,0,9,14,49,9,0
João Neves,POR,"MF,DF",Paris S-G,19,2004,20.5,63,31,20,26,17,27,45,60.0,18,29,9,20,23,86,22,1
Mikayil Ngor Faye,SEN,DF,Rennes,20,2004,7.6,15,12,10,3,2,7,9,77.8,2,9,4,5,12,27,30,0
Steve Ngoura,FRA,FW,Le Havre,19,2005,3.2,4,2,1,1,2,3,3,100.0,0,2,1,1,0,4,2,0
Moussa Niakhate,SEN,DF,Lyon,28,1996,30.3,47,27,37,8,2,24,32,75.0,8,26,17,9,25,72,143,3
Abdoulaye Niakhate Ndiaye,SEN,DF,Brest,22,2002,19.0,49,33,36,12,1,25,37,67.6,12,29,17,12,11,60,144,3
Ibrahima Niane,SEN,FW,Angers,25,1999,10.5,7,3,3,2,2,3,3,100.0,0,6,1,5,2,9,6,2
Rasmus Nicolaisen,DEN,DF,Toulouse,27,1997,6.9,6,3,4,2,0,3,5,60.0,2,10,5,5,10,16,25,0
Arnaud Nordin,FRA,FW,Montpellier,26,1998,13.0,24,15,6,16,2,11,21,52.4,10,12,0,12,5,29,7,0
Ernest Nuamah,GHA,"FW,MF",Lyon,20,2003,11.7,21,11,15,4,2,12,27,44.4,15,9,1,8,8,29,8,1
Rabby Nzingoula,CGO,MF,Montpellier,18,2005,18.8,64,42,26,31,7,27,58,46.6,31,27,5,22,29,93,23,0
M'Bala Nzola,ANG,FW,Lens,27,1996,16.2,5,4,0,1,4,3,9,33.3,6,9,1,8,5,10,7,0
Marwann Nzuzi,FRA,DF,Saint-Étienne,20,2004,1.4,2,2,1,0,1,1,2,50.0,1,0,0,0,2,4,6,0
Hamzat Ojediran,NGA,"MF,FW",Lens,20,2003,4.6,28,15,12,13,3,7,19,36.8,12,10,2,8,10,38,7,0
Joseph Okumu,KEN,DF,Reims,27,1997,18.8,30,15,21,9,0,15,24,62.5,9,33,21,12,25,55,137,2
Kazeem Olaigbe,BEL,"MF,FW",Rennes,21,2003,3.3,6,4,3,3,0,3,6,50.0,3,3,1,2,0,6,0,0
Ben Old,NZL,"FW,MF",Saint-Étienne,21,2002,5.9,7,5,3,3,1,3,11,27.3,8,8,1,7,2,9,2,0
Becir Omeragic,SUI,DF,Montpellier,22,2002,20.0,32,16,19,12,1,16,21,76.2,5,32,21,11,13,45,78,0
Andrew Omobamidele,IRL,DF,Strasbourg,22,2002,6.0,7,4,4,3,0,2,5,40.0,3,12,8,4,8,15,41,0
Ado Onaiwu,JPN,"MF,FW",Auxerre,28,1995,10.6,11,7,2,6,3,4,14,28.6,10,12,0,12,3,14,12,0
Fredrik Oppegard,NOR,DF,Auxerre,21,2002,3.0,6,4,4,1,1,3,7,42.9,4,2,1,1,2,8,12,1
Gift Orban,NGA,"FW,DF",Lyon,22,2002,2.1,0,0,0,0,0,0,1,0.0,1,0,0,0,0,0,0,0
Gabriel Osho,NGA,DF,Auxerre,25,1998,18.4,23,15,17,3,3,13,20,65.0,7,32,19,13,12,35,87,0
Zinédine Ould Khaled,FRA,MF,Angers,24,2000,3.8,9,7,5,3,1,2,13,15.4,11,6,1,5,2,11,12,0
Beres Owusu,FRA,DF,Saint-Étienne,20,2003,1.0,2,2,1,1,0,2,2,100.0,0,2,2,0,0,2,5,0
Elisha Owusu,GHA,MF,Auxerre,26,1997,26.0,73,41,29,39,5,31,48,64.6,17,33,9,24,42,115,35,1
Willian Pacho,ECU,DF,Paris S-G,22,2001,23.7,56,32,34,22,0,23,32,71.9,9,35,22,13,40,96,91,1
Nicolas Pallois,FRA,DF,Nantes,36,1987,22.4,61,27,44,13,4,37,63,58.7,26,48,18,30,28,89,164,3
Nicolas Pays,FRA,"FW,MF",Montpellier,20,2003,5.0,13,6,3,4,6,4,8,50.0,4,1,0,1,4,17,2,0
Kévin Pedro,FRA,DF,Saint-Étienne,18,2006,0.1,3,0,2,1,0,3,3,100.0,0,1,0,1,2,5,1,0
Jordan Pefok,USA,FW,Reims,28,1996,4.2,3,2,0,3,0,2,3,66.7,1,3,1,2,2,5,5,0
Théo Pellenard,FRA,DF,Auxerre,30,1994,0.5,3,2,2,1,0,1,3,33.3,2,1,0,1,0,3,3,0
Timothee Pembele,FRA,DF,Le Havre,21,2002,12.4,30,22,17,9,4,14,23,60.9,9,16,5,11,11,41,42,0
Mathias Pereira Lage,POR,"FW,MF",Brest,27,1996,17.5,37,24,16,13,8,18,39,46.2,21,17,2,15,20,57,20,2
Lucas Perri,BRA,GK,Lyon,26,1997,33.0,1,1,1,0,0,0,4,0.0,4,1,0,1,0,1,22,1
Gaëtan Perrin,FRA,"MF,FW",Auxerre,28,1996,29.9,49,26,22,12,15,21,48,43.8,27,10,0,10,12,61,4,1
Léo Pétrot,FRA,DF,Saint-Étienne,27,1997,29.3,62,39,38,19,5,34,51,66.7,17,50,27,23,42,104,103,1
Adrien Rabiot,FRA,MF,Marseille,29,1995,27.6,49,31,17,21,11,19,32,59.4,13,21,2,19,21,70,32,0
Gonçalo Ramos,POR,FW,Paris S-G,23,2001,11.8,11,6,5,5,1,3,6,50.0,3,5,1,4,0,11,5,0
Rayan Raveloson,MAD,"MF,DF",Auxerre,27,1997,8.0,6,5,2,4,0,5,15,33.3,10,8,7,1,5,11,22,0
Guillaume Restes,FRA,GK,Toulouse,19,2005,28.3,2,1,2,0,0,2,3,66.7,1,0,0,0,1,3,16,1
Alexsandro Ribeiro,BRA,DF,Lille,24,1999,30.0,32,19,18,13,1,20,30,66.7,10,23,13,10,27,59,143,3
Valentin Rongier,FRA,"MF,DF",Marseille,29,1994,17.4,50,28,14,31,5,27,43,62.8,16,30,9,21,33,83,28,5
Pablo Rosario,DOM,"MF,DF",Nice,27,1997,19.7,30,20,6,19,5,11,20,55.0,9,19,11,8,31,61,43,2
Anthony Rouault,FRA,DF,Rennes,23,2001,10.8,12,8,10,2,0,4,4,100.0,0,13,11,2,8,20,65,0
Jon Rowe,ENG,"FW,MF",Marseille,21,2003,9.0,15,11,5,4,6,6,14,42.9,8,4,1,3,2,17,4,0
Fabián Ruiz Peña,ESP,MF,Paris S-G,28,1996,21.4,37,24,13,15,9,21,47,44.7,26,25,3,22,16,53,27,1
Gerónimo Rulli,ARG,GK,Marseille,32,1992,34.0,4,3,4,0,0,4,8,50.0,4,1,0,1,1,5,25,3
Mathew Ryan,AUS,GK,Lens,32,1992,14.0,1,0,1,0,0,1,2,50.0,1,0,0,0,1,2,2,2
Emmanuel Sabbi,USA,"FW,MF",Le Havre,26,1997,7.3,14,7,7,4,3,5,8,62.5,3,2,0,2,3,17,4,0
Falaye Sacko,MLI,DF,Montpellier,29,1995,13.7,14,8,9,4,1,9,19,47.4,10,17,7,10,13,27,21,0
Modibo Sagnan,MLI,DF,Montpellier,25,1999,23.8,57,35,38,16,3,26,44,59.1,18,24,13,11,29,86,110,5
Osame Sahraoui,MAR,"FW,MF",Lille,23,2001,14.4,13,9,4,4,5,3,8,37.5,5,14,1,13,7,20,8,1
Wesley Saïd,FRA,FW,Lens,29,1995,10.1,16,11,3,10,3,6,13,46.2,7,6,0,6,2,18,2,0
Théo Sainte-Luce,FRA,DF,Montpellier,25,1998,11.3,24,11,16,4,4,16,33,48.5,17,16,4,12,12,36,33,1
Ibrahim Salah,MAR,FW,Brest,22,2001,4.0,4,2,1,1,2,1,6,16.7,5,2,0,2,2,6,0,0
Amine Salama,FRA,FW,Reims,24,2000,4.1,3,2,0,2,1,0,3,0.0,3,2,1,1,1,4,0,0
Mohammed Salisu,GHA,DF,Monaco,25,1999,11.4,28,18,16,11,1,13,16,81.3,3,10,8,2,16,44,54,2
Yoann Salmier,GUF,DF,Le Havre,31,1992,8.9,14,7,9,4,1,10,13,76.9,3,12,8,4,10,24,59,0
Mama Samba Baldé,GNB,FW,Brest,28,1995,12.8,13,9,4,4,5,3,14,21.4,11,8,0,8,6,19,14,0
Brice Samba,FRA,GK,Rennes,30,1994,17.0,2,1,2,0,0,1,2,50.0,1,0,0,0,0,2,12,3
Arouna Sangante,SEN,DF,Le Havre,22,2002,13.8,25,16,11,14,0,10,17,58.8,7,11,5,6,21,46,65,3
Morgan Sanson,FRA,MF,Nice,29,1994,2.6,6,3,2,4,0,1,3,33.3,2,3,0,3,4,10,2,0
Baptiste Santamaria,FRA,MF,Nice,29,1995,10.3,20,10,10,7,3,13,22,59.1,9,14,3,11,18,38,19,1
Baptiste Santamaria,FRA,MF,Rennes,29,1995,5.4,11,4,7,3,1,6,11,54.5,5,10,4,6,12,23,7,0
Andrey Santos,BRA,MF,Strasbourg,20,2004,31.7,110,74,47,51,12,51,87,58.6,36,46,14,32,32,142,67,1
Tiago Santos,POR,DF,Lille,22,2002,4.5,12,7,4,5,3,6,9,66.7,3,2,0,2,2,14,4,0
Malang Sarr,FRA,DF,Lens,25,1999,15.4,21,13,12,6,3,16,27,59.3,11,18,9,9,22,43,63,3
Mamadou Sarr,FRA,DF,Strasbourg,18,2005,26.3,37,21,24,11,2,16,24,66.7,8,26,20,6,25,62,117,3
Martin Satriano,URU,"FW,DF",Lens,23,2001,1.0,3,1,1,1,1,3,3,100.0,0,0,0,0,0,3,2,0
Téji Savanier,FRA,MF,Montpellier,32,1991,26.3,29,25,7,16,6,18,43,41.9,25,16,1,15,15,44,21,4
Niklas Schmidt,GER,MF,Toulouse,26,1998,2.3,6,4,1,5,0,4,7,57.1,3,0,0,0,1,7,4,0
Jérémy Sebas,MTQ,"FW,MF",Strasbourg,21,2003,2.1,3,2,1,1,1,2,3,66.7,1,2,0,2,0,3,4,0
Alidu Seidu,GHA,DF,Rennes,24,2000,8.9,22,18,14,6,2,12,15,80.0,3,13,6,7,14,36,17,0
Hiroki Sekine,JPN,DF,Reims,21,2002,9.9,9,7,6,2,1,7,17,41.2,10,22,11,11,5,14,51,1
Marvin Senaya,TOG,DF,Strasbourg,23,2001,2.5,8,3,5,2,1,6,12,50.0,6,6,2,4,7,15,12,0
Djibril Sidibé,FRA,DF,Toulouse,32,1992,23.3,65,36,34,22,9,31,50,62.0,19,11,3,8,20,85,64,1
Vincent Sierro,SUI,MF,Toulouse,28,1995,26.7,44,27,15,23,6,27,56,48.2,29,34,9,25,16,60,44,1
Abdallah Sima,SEN,"FW,MF",Brest,23,2001,13.8,15,11,2,5,8,4,11,36.4,7,9,1,8,1,16,9,0
Moses Simon,NGA,"FW,MF",Nantes,29,1995,29.0,20,14,4,7,9,7,22,31.8,15,11,0,11,12,32,13,0
Lassine Sinayoko,MLI,"FW,MF",Auxerre,24,1999,25.5,33,20,10,14,9,11,23,47.8,12,16,2,14,13,46,38,0
Wilfried Singo,CIV,DF,Monaco,23,2000,23.3,37,23,24,10,3,20,28,71.4,8,17,9,8,43,80,110,2
Ayanda Sishuba,BEL,FW,Rennes,19,2005,0.0,1,0,1,0,0,1,1,100.0,0,0,0,0,0,1,0,0
Ibrahim Sissoko,MLI,FW,Saint-Étienne,28,1995,9.1,11,9,5,3,3,2,5,40.0,3,10,2,8,2,13,13,0
Leo Skiri Østigård,NOR,DF,Rennes,24,1999,13.6,20,18,16,4,0,15,22,68.2,7,12,10,2,15,35,81,1
Milan Škriniar,SVK,DF,Paris S-G,29,1995,4.2,7,5,3,4,0,3,3,100.0,0,7,6,1,3,10,16,0
Eduard Sobol,UKR,DF,Strasbourg,29,1995,1.1,0,0,0,0,0,0,2,0.0,2,2,1,1,2,2,14,0
Florian Sotoca,FRA,"FW,MF",Lens,33,1990,19.9,22,13,3,8,11,12,22,54.5,10,12,2,10,14,36,25,0
Issa Soumaré,SEN,"FW,MF",Le Havre,23,2000,21.1,25,14,8,10,7,13,49,26.5,36,19,4,15,16,41,32,0
Saidou Sow,GUI,DF,Strasbourg,22,2002,11.3,9,5,6,3,0,6,12,50.0,6,15,9,6,15,24,37,2
Saidou Sow,GUI,DF,Nantes,22,2002,8.9,17,11,13,4,0,6,10,60.0,4,19,12,7,13,30,46,1
Lucas Stassin,BEL,FW,Saint-Étienne,19,2004,21.0,16,11,3,5,8,6,20,30.0,14,10,0,10,3,19,8,0
Gabriel Suazo,CHI,DF,Toulouse,26,1997,24.0,59,39,25,22,12,30,72,41.7,42,27,3,24,36,95,40,1
Abakar Sylla,CIV,DF,Strasbourg,21,2002,10.6,27,15,14,11,2,15,17,88.2,2,18,10,8,11,38,63,0
Issiaga Sylla,GUI,DF,Montpellier,30,1994,12.8,25,10,17,7,1,15,29,51.7,14,13,4,9,10,35,34,1
Musa Al-Taamari,JOR,"FW,MF",Montpellier,27,1997,12.4,14,10,4,5,5,8,15,53.3,7,2,0,2,3,17,3,2
Musa Al-Taamari,JOR,"FW,MF",Rennes,27,1997,6.3,4,1,1,1,2,0,4,0.0,4,5,0,5,2,6,2,0
Nicolás Tagliafico,ARG,DF,Lyon,31,1992,21.1,57,37,24,22,11,29,48,60.4,19,25,7,18,36,93,55,0
Florian Tardieu,FRA,MF,Saint-Étienne,32,1992,13.9,18,14,6,9,3,6,17,35.3,11,18,5,13,15,33,21,0
Oussama Targhalline,MAR,MF,Le Havre,22,2002,11.0,19,14,12,3,4,5,12,41.7,7,14,7,7,19,38,14,2
Enzo Tchato,CMR,DF,Montpellier,21,2002,21.1,48,26,26,18,4,26,44,59.1,18,30,10,20,22,70,59,0
Tanner Tessmann,USA,MF,Lyon,22,2001,13.7,25,15,11,10,4,12,25,48.0,13,13,7,6,19,44,29,1
Teddy Teuma,MLT,MF,Reims,30,1993,8.3,18,10,6,6,6,7,25,28.0,18,12,2,10,12,30,8,1
Jordan Teze,NED,DF,Monaco,24,1999,6.3,18,9,8,9,1,7,16,43.8,9,12,1,11,6,24,15,0
Sorba Thomas,WAL,"FW,MF",Nantes,24,1999,14.7,14,6,7,5,2,10,18,55.6,8,12,2,10,9,23,27,1
Adrien Thomasson,FRA,MF,Lens,30,1993,29.1,90,47,42,25,23,52,95,54.7,43,48,3,45,19,109,28,2
Corentin Tolisso,FRA,MF,Lyon,29,1994,25.9,57,25,21,26,10,34,65,52.3,31,52,13,39,22,79,41,1
Abdoulaye Touré,GUI,MF,Le Havre,30,1994,25.8,61,34,31,21,9,33,59,55.9,26,36,19,17,34,95,42,5
Birama Touré,MLI,"MF,DF",Montpellier,32,1992,3.3,8,5,5,2,1,4,6,66.7,2,3,2,1,6,14,7,0
Vanderson,BRA,DF,Monaco,23,2001,22.9,76,48,37,30,9,45,64,70.3,19,43,6,37,39,115,65,2
Robinio Vaz,FRA,FW,Marseille,17,2007,0.8,1,1,0,0,1,0,2,0.0,2,0,0,0,0,1,2,0
Jordan Veretout,FRA,MF,Lyon,31,1993,17.3,30,14,14,14,2,17,40,42.5,23,17,3,14,5,35,23,1
Vitinha,POR,MF,Paris,S-G 24,2000,22.7,43,23,13,27,3,25,48,52.1,23,26,7,19,14,57,19,2
Ibrahima Wadji,SEN,"FW,MF",Saint-Étienne,29,1995,3.9,7,6,3,3,1,3,7,42.9,4,1,0,1,1,8,0,0
Elye Wahi,FRA,FW,Marseille,21,2003,6.4,0,0,0,0,0,0,4,0.0,4,1,0,1,1,1,0,0
Christopher Wooh,CMR,DF,Rennes,22,2001,16.2,36,19,21,13,2,18,27,66.7,9,22,8,14,23,59,63,0
Etienne Youte Kinkoue,FRA,DF,Le Havre,22,2002,25.8,19,10,11,7,1,13,20,65.0,7,36,23,13,29,48,158,3
Wilfried Zaha,CIV,FW,Lyon,31,1992,0.8,1,1,1,0,0,1,2,50.0,1,3,0,3,1,2,0,0
Warren Zaïre-Emery,FRA,"MF,DF",Paris S-G,18,2006,22.8,51,26,17,21,13,23,45,51.1,22,35,6,29,23,74,20,2
Miha Zajc,SVN,MF,Toulouse,30,1994,2.9,4,4,1,2,1,3,5,60.0,2,2,1,1,3,7,7,0
Denis Zakaria,SUI,MF,Monaco,27,1996,23.8,41,26,15,19,7,24,33,72.7,9,31,8,23,34,75,39,1
Anass Zaroury,MAR,"FW,MF",Lens,23,2000,15.6,23,17,6,12,5,9,26,34.6,17,9,0,9,6,29,15,0
Nathan Zeze,FRA,DF,Nantes,19,2005,16.8,38,22,22,16,0,23,33,69.7,10,22,9,13,23,61,120,1
Edon Zhegrova,KVX,"FW,MF",Lille,25,1999,10.9,5,2,3,0,2,2,7,28.6,5,8,0,8,4,9,1,0
Luck Zogbé,CIV,DF,Brest,19,2005,7.1,32,18,17,11,4,18,26,69.2,8,11,2,9,14,46,22,1
