Player,Nation,Pos,Squad,Age,Born,90s,SCA,SCA90,SCA_PassLive,SCA_PassDead,SCA_TO,SCA_Sh,SCA_Fld,SCA_Def,GCA,GCA90,GCA_PassLive,GCA_PassDead,GCA_TO,GCA_Sh,GCA_Fld,GCA_Def
Max Aarons,ENG,DF,Bournemouth,24,2000,1.0,2,2.09,2,0,0,0,0,0,0,0.0,0,0,0,0,0,0
Joshua Acheampong,ENG,DF,Chelsea,18,2006,1.9,2,1.06,2,0,0,0,0,0,0,0.0,0,0,0,0,0,0
Tyler Adams,USA,MF,Bournemouth,25,1999,21.8,41,1.88,35,0,0,1,1,4,4,0.18,3,0,0,0,0,1
Tosin Adarabioyo,ENG,DF,Chelsea,26,1997,15.7,15,0.96,8,0,0,6,0,1,1,0.06,0,0,0,1,0,0
Simon Adingra,CIV,"FW,MF",Brighton,22,2002,12.2,47,3.86,33,0,6,8,0,0,7,0.57,5,0,1,1,0,0
Emmanuel Agbadou,CIV,DF,Wolves,27,1997,15.7,17,1.09,15,2,0,0,0,0,3,0.19,2,1,0,0,0,0
Asher Agbinone,ENG,MF,Crystal Palace,18,2005,0.1,1,15.0,1,0,0,0,0,0,0,0.0,0,0,0,0,0,0
Ola Aina,NGA,DF,Nott'ham Forest,27,1996,33.3,62,1.86,49,5,3,1,3,1,4,0.12,3,0,0,0,0,1
Rayan Aït-Nouri,ALG,DF,Wolves,23,2001,34.5,91,2.63,56,15,8,7,4,1,12,0.35,10,1,0,0,0,1
Kristoffer Ajer,NOR,DF,Brentford,26,1998,16.0,18,1.13,15,0,1,2,0,0,2,0.13,2,0,0,0,0,0
Manuel Akanji,SUI,DF,Manchester City,29,1995,22.4,37,1.65,37,0,0,0,0,0,3,0.13,3,0,0,0,0,0
Nathan Aké,NED,DF,Manchester City,29,1995,7.5,8,1.06,8,0,0,0,0,0,0,0.0,0,0,0,0,0,0
Carlos Alcaraz,ARG,MF,Southampton,21,2002,0.1,1,9.0,1,0,0,0,0,0,0,0.0,0,0,0,0,0,0
Carlos Alcaraz,ARG,"FW,MF",Everton,21,2002,8.5,33,3.89,24,2,3,3,1,0,6,0.71,5,0,0,1,0,0
Trent Alexander-Arnold,ENG,DF,Liverpool,25,1998,26.3,98,3.73,74,15,5,4,0,0,10,0.38,9,1,0,0,0,0
Alisson,BRA,GK,Liverpool,31,1992,27.9,7,0.25,7,0,0,0,0,0,1,0.04,1,0,0,0,0,0
Miguel Almirón,PAR,FW,Newcastle Utd,30,1994,1.7,8,4.59,6,0,1,1,0,0,0,0.0,0,0,0,0,0,0
Edson Álvarez,MEX,MF,West Ham,26,1997,19.7,28,1.42,24,0,2,1,1,0,2,0.1,2,0,0,0,0,0
Will Alves,ENG,FW,Leicester City,19,2005,0.0,0,0.0,0,0,0,0,0,0,0,0.0,0,0,0,0,0,0
Harry Amass,ENG,DF,Manchester Utd,17,2007,3.8,8,2.08,7,0,0,1,0,0,0,0.0,0,0,0,0,0,0
Samuel Amo-Ameyaw,ENG,"FW,DF",Southampton,18,2006,0.3,2,6.43,1,0,0,0,1,0,0,0.0,0,0,0,0,0,0
Mathis Amougou,FRA,MF,Chelsea,18,2006,0.1,0,0.0,0,0,0,0,0,0,0,0.0,0,0,0,0,0,0
Joachim Andersen,DEN,DF,Crystal Palace,28,1996,1.0,1,1.0,1,0,0,0,0,0,0,0.0,0,0,0,0,0,0
Joachim Andersen,DEN,DF,Fulham,28,1996,28.7,35,1.23,27,1,0,7,0,0,2,0.07,1,1,0,0,0,0
Elliot Anderson,ENG,MF,Nott'ham Forest,21,2002,30.3,87,2.87,43,20,7,8,4,5,10,0.33,4,3,0,1,1,1
André,BRA,MF,Wolves,23,2001,27.5,49,1.78,41,3,1,0,0,4,3,0.11,2,1,0,0,0,0
Michail Antonio,JAM,FW,West Ham,34,1990,9.3,22,2.37,14,0,1,5,1,1,4,0.43,0,0,0,4,0,0
Julian Araujo,MEX,DF,Bournemouth,22,2001,5.5,5,0.91,5,0,0,0,0,0,0,0.0,0,0,0,0,0,0
Cameron Archer,ENG,FW,Southampton,23,2001,16.0,20,1.25,10,0,4,5,1,0,0,0.0,0,0,0,0,0,0
Alphonse Areola,FRA,GK,West Ham,31,1993,25.1,3,0.12,2,1,0,0,0,0,0,0.0,0,0,0,0,0,0
Joe Aribo,NGA,"MF,DF",Southampton,28,1996,22.4,37,1.66,32,0,2,1,2,0,1,0.04,1,0,0,0,0,0
Adam Armstrong,ENG,"FW,MF",Southampton,27,1997,13.9,19,1.37,12,1,2,4,0,0,4,0.29,1,0,0,3,0,0
Harrison Armstrong,ENG,MF,Everton,17,2007,0.5,1,1.87,1,0,0,0,0,0,0,0.0,0,0,0,0,0,0
Kepa Arrizabalaga,ESP,GK,Bournemouth,29,1994,31.0,4,0.13,2,2,0,0,0,0,0,0.0,0,0,0,0,0,0
Marco Asensio,ESP,MF,Aston Villa,28,1996,8.3,35,4.24,22,7,1,1,3,1,3,0.36,2,0,0,1,0,0
Brandon Austin,ENG,GK,Tottenham,25,1999,1.0,0,0.0,0,0,0,0,0,0,0,0.0,0,0,0,0,0,0
Taiwo Awoniyi,NGA,FW,Nott'ham Forest,26,1997,4.6,9,1.95,5,0,1,2,1,0,1,0.22,0,0,0,1,0,0
Yasin Ayari,SWE,MF,Brighton,20,2003,21.8,61,2.79,36,13,3,3,4,2,6,0.27,4,2,0,0,0,0
Jordan Ayew,GHA,"FW,MF",Crystal Palace,32,1991,0.2,1,4.29,1,0,0,0,0,0,0,0.0,0,0,0,0,0,0
Jordan Ayew,GHA,"FW,MF",Leicester City,32,1991,18.2,41,2.25,24,8,3,4,1,1,2,0.11,1,0,0,1,0,0
Benoît Badiashile,FRA,DF,Chelsea,23,2001,3.7,0,0.0,0,0,0,0,0,0,0,0.0,0,0,0,0,0,0
Leon Bailey,JAM,"FW,MF",Aston Villa,26,1997,12.7,38,3.01,23,1,8,3,3,0,4,0.32,4,0,0,0,0,0
Carlos Baleba,CMR,MF,Brighton,20,2004,29.6,66,2.23,55,0,2,5,1,3,4,0.14,2,0,0,0,1,1
Ross Barkley,ENG,MF,Aston Villa,30,1993,6.5,18,2.78,15,1,2,0,0,0,3,0.46,3,0,0,0,0,0
Harvey Barnes,ENG,FW,Newcastle Utd,26,1997,19.5,64,3.27,44,1,7,6,6,0,9,0.46,6,0,1,1,1,0
Calvin Bassey,NGA,DF,Fulham,24,1999,34.2,23,0.67,19,1,2,0,0,1,3,0.09,2,0,0,0,0,1
Altay Bayındır,TUR,GK,Manchester Utd,26,1998,4.0,0,0.0,0,0,0,0,0,0,0,0.0,0,0,0,0,0,0
Jan Bednarek,POL,DF,Southampton,28,1996,28.1,16,0.57,15,0,0,1,0,0,0,0.0,0,0,0,0,0,0
Jean-Ricner Bellegarde,FRA,"MF,FW",Wolves,26,1998,18.6,57,3.06,35,5,4,4,7,2,11,0.59,8,1,0,0,1,1
Rodrigo Bentancur,URU,MF,Tottenham,27,1997,18.3,45,2.46,36,0,1,5,1,2,3,0.16,3,0,0,0,0,0
Daniel Bentley,ENG,GK,Wolves,31,1993,2.0,0,0.0,0,0,0,0,0,0,0,0.0,0,0,0,0,0,0
Sander Berge,NOR,MF,Fulham,26,1998,24.7,48,1.94,43,1,1,1,0,2,2,0.08,2,0,0,0,0,0
Lucas Bergvall,SWE,MF,Tottenham,18,2006,13.5,22,1.63,16,4,0,2,0,0,4,0.3,3,0,0,1,0,0
Victor Bernth Kristiansen,DEN,DF,Leicester City,21,2002,27.6,42,1.52,33,6,1,0,2,0,3,0.11,3,0,0,0,0,0
Beto,GNB,FW,Everton,26,1998,17.0,26,1.52,16,0,3,3,4,0,1,0.06,1,0,0,0,0,0
Philip Billing,DEN,MF,Bournemouth,28,1996,2.0,16,7.83,13,0,0,1,0,2,0,0.0,0,0,0,0,0,0
Yves Bissouma,MLI,MF,Tottenham,27,1996,15.6,16,1.02,15,0,0,0,0,1,0,0.0,0,0,0,0,0,0
Oscar Bobb,NOR,FW,Manchester City,21,2003,0.2,2,11.25,1,0,1,0,0,0,0,0.0,0,0,0,0,0,0
Willy Boly,CIV,DF,Nott'ham Forest,33,1991,1.7,0,0.0,0,0,0,0,0,0,0,0.0,0,0,0,0,0,0
Sven Botman,NED,DF,Newcastle Utd,24,2000,4.6,4,0.87,1,0,0,3,0,0,0,0.0,0,0,0,0,0,0
Jarrod Bowen,ENG,"FW,MF",West Ham,27,1996,33.0,113,3.42,70,13,6,13,9,2,15,0.45,11,2,1,1,0,0
Conor Bradley,NIR,DF,Liverpool,21,2003,8.4,19,2.27,13,0,5,0,1,0,4,0.48,3,0,1,0,0,0
Jarrad Branthwaite,ENG,DF,Everton,22,2002,27.9,13,0.47,11,1,0,0,1,0,2,0.07,1,1,0,0,0,0
James Bree,ENG,DF,Southampton,26,1997,11.9,16,1.34,13,2,0,1,0,0,1,0.08,1,0,0,0,0,0
Ben Brereton,CHI,FW,Southampton,25,1999,5.0,9,1.8,7,0,0,0,2,0,0,0.0,0,0,0,0,0,0
Nathan Broadhead,WAL,"MF,FW",Ipswich Town,26,1998,7.8,22,2.82,15,0,6,1,0,0,2,0.26,1,0,1,0,0,0
Armando Broja,ALB,FW,Everton,22,2001,3.7,7,1.89,7,0,0,0,0,0,0,0.0,0,0,0,0,0,0
David Brooks,WAL,"FW,MF",Bournemouth,27,1997,10.7,46,4.31,36,6,2,2,0,0,2,0.19,1,0,0,1,0,0
Emi Buendía,ARG,"MF,FW",Aston Villa,27,1996,1.1,3,2.76,2,0,0,1,0,0,0,0.0,0,0,0,0,0,0
Santiago Bueno,URU,DF,Wolves,25,1998,18.7,12,0.64,10,1,0,0,0,1,4,0.21,3,0,0,0,0,1
Facundo Buonanotte,ARG,"FW,MF",Leicester City,19,2004,16.9,51,3.01,27,11,9,1,3,0,5,0.3,1,2,2,0,0,0
Cameron Burgess,AUS,DF,Ipswich Town,28,1995,17.1,14,0.82,14,0,0,0,0,0,3,0.18,3,0,0,0,0,0
Dan Burn,ENG,DF,Newcastle Utd,32,1992,37.0,27,0.73,21,1,0,4,1,0,4,0.11,3,1,0,0,0,0
Wes Burns,WAL,"FW,DF",Ipswich Town,29,1994,10.3,16,1.55,12,0,1,1,2,0,1,0.1,1,0,0,0,0,0
Nathan Butler-Oyedeji,ENG,FW,Arsenal,21,2003,0.1,0,0.0,0,0,0,0,0,0,0,0.0,0,0,0,0,0,0
Moisés Caicedo,ECU,"MF,DF",Chelsea,22,2001,37.2,98,2.63,86,0,2,0,3,7,9,0.24,6,0,0,0,2,1
Tom Cairney,SCO,MF,Fulham,33,1991,7.0,33,4.71,28,2,0,2,1,0,3,0.43,3,0,0,0,0,0
Jens Cajuste,SWE,MF,Ipswich Town,24,1999,21.8,36,1.65,28,2,4,0,1,1,2,0.09,1,0,1,0,0,0
Riccardo Calafiori,ITA,DF,Arsenal,22,2002,10.9,13,1.19,11,0,1,1,0,0,2,0.18,2,0,0,0,0,0
Dominic Calvert-Lewin,ENG,FW,Everton,27,1997,17.9,26,1.46,14,0,4,3,3,2,4,0.22,1,0,2,0,1,0
Diego Carlos,BRA,DF,Aston Villa,31,1993,9.2,4,0.43,3,0,0,1,0,0,0,0.0,0,0,0,0,0,0
Fabio Carvalho,POR,"FW,MF",Brentford,21,2002,5.1,10,1.97,7,0,1,2,0,0,1,0.2,1,0,0,0,0,0
Casemiro,BRA,MF,Manchester,Utd 32,1992,16.6,53,3.19,49,1,0,3,0,0,4,0.24,4,0,0,0,0,0
Kaelan Casey,ENG,DF,West Ham,19,2004,0.0,0,0.0,0,0,0,0,0,0,0,0.0,0,0,0,0,0,0
Matty Cash,POL,DF,Aston Villa,26,1997,23.0,25,1.09,22,1,1,0,0,1,4,0.17,3,0,0,0,0,1
Eiran Cashin,IRL,DF,Brighton,22,2001,0.2,1,4.5,1,0,0,0,0,0,0,0.0,0,0,0,0,0,0
Timothy Castagne,BEL,DF,Fulham,28,1995,18.3,25,1.36,21,0,1,2,1,0,3,0.16,2,0,0,1,0,0
Trevoh Chalobah,ENG,DF,Crystal Palace,25,1999,11.8,11,0.93,10,0,1,0,0,0,0,0.0,0,0,0,0,0,0
Trevoh Chalobah,ENG,DF,Chelsea,25,1999,10.1,13,1.29,10,0,0,2,0,1,3,0.3,1,0,0,1,0,1
Conor Chaplin,ENG,"MF,FW",Ipswich Town,27,1997,9.5,22,2.32,19,3,0,0,0,0,1,0.11,1,0,0,0,0,0
Youssef Chermiti,POR,"FW,MF",Everton,20,2004,0.5,0,0.0,0,0,0,0,0,0,0,0.0,0,0,0,0,0,0
Federico Chiesa,ITA,FW,Liverpool,26,1997,1.2,6,5.0,6,0,0,0,0,0,1,0.83,1,0,0,0,0,0
Ben Chilwell,ENG,DF,Crystal Palace,27,1996,2.9,8,2.77,6,1,0,1,0,0,0,0.0,0,0,0,0,0,0
Chiquinho,POR,MF,Wolves,24,2000,0.1,2,25.71,2,0,0,0,0,0,0,0.0,0,0,0,0,0,0
Hamza Choudhury,BAN,"MF,DF",Leicester City,26,1997,1.5,3,2.05,2,0,1,0,0,0,0,0.0,0,0,0,0,0,0
Ryan Christie,SCO,MF,Bournemouth,29,1995,23.5,85,3.62,72,7,0,3,2,1,9,0.38,8,1,0,0,0,0
Harry Clarke,ENG,DF,Ipswich Town,23,2001,4.2,1,0.24,1,0,0,0,0,0,0,0.0,0,0,0,0,0,0
Jack Clarke,ENG,"FW,MF",Ipswich Town,23,2000,13.1,50,3.81,42,2,3,0,0,3,5,0.38,4,1,0,0,0,0
Conor Coady,ENG,DF,Leicester City,31,1993,19.0,6,0.32,6,0,0,0,0,0,0,0.0,0,0,0,0,0,0
Séamus Coleman,IRL,DF,Everton,35,1988,2.4,2,0.84,1,0,1,0,0,0,1,0.42,1,0,0,0,0,0
Nathan Collins,IRL,DF,Brentford,23,2001,38.0,30,0.79,22,2,1,3,2,0,8,0.21,4,1,0,1,2,0
Toby Collyer,ENG,MF,Manchester Utd,20,2004,2.0,5,2.5,4,0,0,1,0,0,0,0.0,0,0,0,0,0,0
Levi Colwill,ENG,DF,Chelsea,21,2003,35.0,38,1.09,34,2,0,1,0,1,3,0.09,2,0,0,0,0,1
Lewis Cook,ENG,"MF,DF",Bournemouth,27,1997,33.1,89,2.69,69,18,0,2,0,0,5,0.15,2,1,0,2,0,0
Maxwel Cornet,CIV,FW,Southampton,27,1996,0.8,0,0.0,0,0,0,0,0,0,0,0.0,0,0,0,0,0,0
Vladimír Coufal,CZE,DF,West Ham,31,1992,11.9,18,1.52,14,4,0,0,0,0,1,0.08,0,1,0,0,0,0
Woyo Coulibaly,MLI,DF,Leicester City,25,1999,1.2,0,0.0,0,0,0,0,0,0,0,0.0,0,0,0,0,0,0
Aaron Cresswell,ENG,DF,West Ham,34,1989,9.2,15,1.64,7,8,0,0,0,0,0,0.0,0,0,0,0,0,0
Marc Cucurella,ESP,DF,Chelsea,26,1998,33.2,51,1.54,44,4,0,2,1,0,5,0.15,4,1,0,0,0,0
Jorge Cuenca,ESP,DF,Fulham,24,1999,3.9,1,0.26,1,0,0,0,0,0,0,0.0,0,0,0,0,0,0
Matheus Cunha,BRA,"MF,FW",Wolves,25,1999,28.9,132,4.57,75,14,19,9,12,3,16,0.55,10,0,4,0,1,1
Patson Daka,ZAM,"FW,MF",Leicester City,25,1998,8.2,10,1.23,7,0,2,1,0,0,1,0.12,0,0,1,0,0,0
Diogo Dalot,POR,DF,Manchester Utd,25,1999,31.3,74,2.37,57,5,7,4,0,1,5,0.16,3,0,1,1,0,0
Mikkel Damsgaard,DEN,"MF,FW",Brentford,24,2000,32.3,120,3.71,92,14,6,2,1,5,21,0.65,15,3,1,0,1,1
Danilo,BRA,"MF,FW",Nott'ham,Forest 23,2001,3.1,7,2.31,7,0,0,0,0,0,2,0.66,2,0,0,0,0,0
Jayden Danns,ENG,MF,Liverpool,18,2006,0.1,0,0.0,0,0,0,0,0,0,0,0.0,0,0,0,0,0,0
Kevin Danso,AUT,DF,Tottenham,25,1998,9.4,9,0.96,8,0,0,1,0,0,2,0.21,2,0,0,0,0,0
Ben Davies,WAL,DF,Tottenham,31,1993,14.8,8,0.54,7,0,0,0,0,1,0,0.0,0,0,0,0,0,0
Leif Davis,ENG,DF,Ipswich Town,24,2000,30.5,93,3.05,46,39,3,3,1,1,4,0.13,3,0,1,0,0,0
Craig Dawson,ENG,DF,Wolves,34,1990,10.8,7,0.65,6,0,0,1,0,0,2,0.19,1,0,0,1,0,0
Kevin De Bruyne,BEL,"MF,FW",Manchester City,33,1991,18.9,113,5.97,73,26,3,6,3,2,11,0.58,9,1,0,1,0,0
Bobby De Cordova-Reid,JAM,FW,Leicester City,31,1993,8.3,13,1.57,8,0,0,3,2,0,3,0.36,1,0,0,1,1,0
Liam Delap,ENG,FW,Ipswich Town,21,2003,28.8,62,2.15,28,0,12,7,13,2,7,0.24,3,0,2,0,2,0
Justin Devenny,NIR,MF,Crystal Palace,20,2003,5.6,15,2.66,12,2,0,1,0,0,1,0.18,1,0,0,0,0,0
Kiernan Dewsbury-Hall,ENG,"MF,FW",Chelsea,25,1998,2.9,5,1.7,5,0,0,0,0,0,1,0.34,1,0,0,0,0,0
Amad Diallo,CIV,"MF,FW",Manchester Utd,22,2002,21.1,97,4.59,65,9,10,3,6,4,18,0.85,7,0,4,1,2,4
Rúben Dias,POR,DF,Manchester City,27,1997,25.2,26,1.03,17,0,0,7,0,2,1,0.04,1,0,0,0,0,0
Luis Díaz,COL,FW,Liverpool,27,1997,26.7,117,4.39,88,0,16,9,4,0,16,0.6,13,0,1,0,2,0
Tyler Dibling,ENG,"FW,MF",Southampton,18,2006,20.8,56,2.69,34,1,11,5,5,0,4,0.19,2,0,1,1,0,0
Lucas Digne,FRA,DF,Aston Villa,31,1993,26.1,66,2.53,42,18,1,4,0,1,5,0.19,5,0,0,0,0,0
Issa Diop,FRA,DF,Fulham,27,1997,14.9,6,0.4,5,0,0,1,0,0,0,0.0,0,0,0,0,0,0
Axel Disasi,FRA,DF,Aston Villa,26,1998,5.4,9,1.65,7,0,1,0,0,1,0,0.0,0,0,0,0,0,0
Axel Disasi,FRA,DF,Chelsea,26,1998,4.0,2,0.49,2,0,0,0,0,0,0,0.0,0,0,0,0,0,0
Roman Dixon,ENG,DF,Everton,19,2004,1.0,0,0.0,0,0,0,0,0,0,0,0.0,0,0,0,0,0,0
Nasser Djiga,BFA,DF,Wolves,21,2002,0.7,0,0.0,0,0,0,0,0,0,0,0.0,0,0,0,0,0,0
Matt Doherty,IRL,DF,Wolves,32,1992,23.4,25,1.07,19,3,1,1,1,0,3,0.13,3,0,0,0,0,0
Jeremy Doku,BEL,"FW,MF",Manchester City,22,2002,16.8,79,4.69,60,1,13,1,3,1,14,0.83,11,0,3,0,0,0
Nicolás Domínguez,ARG,"MF,FW",Nott'ham Forest,26,1998,21.8,38,1.74,29,1,0,3,3,2,0,0.0,0,0,0,0,0,0
Patrick Dorgu,DEN,DF,Manchester Utd,19,2004,9.4,24,2.57,21,0,0,0,2,1,1,0.11,0,0,0,0,1,0
Alfie Dorrington,ENG,DF,Tottenham,19,2005,0.2,0,0.0,0,0,0,0,0,0,0,0.0,0,0,0,0,0,0
Abdoulaye Doucouré,MLI,MF,Everton,31,1993,28.5,58,2.04,52,0,3,2,0,1,3,0.11,2,0,0,0,0,1
Cheick Doucouré,MLI,MF,Crystal Palace,24,2000,5.0,9,1.79,5,0,0,2,1,1,3,0.6,1,0,0,1,1,0
Flynn Downes,ENG,MF,Southampton,25,1999,23.9,31,1.3,27,2,0,1,0,1,2,0.08,1,1,0,0,0,0
Tommy Doyle,ENG,MF,Wolves,22,2001,5.4,17,3.13,11,4,1,1,0,0,3,0.55,2,0,1,0,0,0
Radu Drăgușin,ROU,DF,Tottenham,22,2002,13.9,8,0.58,8,0,0,0,0,0,1,0.07,1,0,0,0,0,0
Martin Dúbravka,SVK,GK,Newcastle Utd,35,1989,10.0,0,0.0,0,0,0,0,0,0,0,0.0,0,0,0,0,0,0
Lewis Dunk,ENG,DF,Brighton,32,1991,23.1,19,0.82,17,0,0,2,0,0,3,0.13,2,0,0,1,0,0
Jáder Durán,COL,FW,Aston Villa,20,2003,7.1,18,2.54,9,0,0,4,3,2,1,0.14,0,0,0,0,0,1
Claudio Echeverri,ARG,FW,Manchester City,18,2006,0.1,0,0.0,0,0,0,0,0,0,0,0.0,0,0,0,0,0,0
Ederson,BRA,GK,Manchester,City 30,1993,25.8,6,0.23,6,0,0,0,0,0,4,0.16,4,0,0,0,0,0
George Edmundson,ENG,DF,Ipswich Town,26,1997,0.0,0,0.0,0,0,0,0,0,0,0,0.0,0,0,0,0,0,0
Odsonne Édouard,FRA,"MF,FW",Crystal Palace,26,1998,1.3,1,0.78,1,0,0,0,0,0,0,0.0,0,0,0,0,0,0
Odsonne Édouard,FRA,FW,Leicester City,26,1998,0.3,2,6.21,2,0,0,0,0,0,0,0.0,0,0,0,0,0,0
Ronnie Edwards,ENG,DF,Southampton,21,2003,0.1,0,0.0,0,0,0,0,0,0,0,0.0,0,0,0,0,0,0
Anthony Elanga,SWE,"FW,MF",Nott'ham Forest,22,2002,27.8,102,3.67,56,23,5,7,11,0,18,0.65,10,4,1,0,3,0
Harvey Elliott,ENG,MF,Liverpool,21,2003,4.1,21,5.11,17,3,1,0,0,0,3,0.73,3,0,0,0,0,0
Julio Enciso,PAR,"MF,FW",Ipswich Town,20,2004,9.7,29,3.0,16,4,6,2,0,1,4,0.41,2,1,1,0,0,0
Julio Enciso,PAR,"MF,FW",Brighton,20,2004,3.3,12,3.69,5,1,3,1,2,0,0,0.0,0,0,0,0,0,0
Wataru Endo,JPN,"MF,DF",Liverpool,31,1993,3.0,6,1.96,6,0,0,0,0,0,0,0.0,0,0,0,0,0,0
Christian Eriksen,DEN,MF,Manchester Utd,32,1992,11.8,56,4.74,38,15,0,3,0,0,7,0.59,5,2,0,0,0,0
Romain Esse,ENG,MF,Crystal Palace,19,2005,1.5,8,5.18,6,0,1,0,1,0,3,1.94,1,0,1,0,1,0
Pervis Estupiñán,ECU,DF,Brighton,26,1998,26.7,58,2.17,39,13,0,2,4,0,4,0.15,3,0,0,0,1,0
Evanilson,BRA,FW,Bournemouth,24,1999,25.8,61,2.37,39,0,3,10,9,0,8,0.31,2,0,1,1,4,0
Jonny Evans,NIR,DF,Manchester Utd,36,1988,3.5,2,0.57,2,0,0,0,0,0,0,0.0,0,0,0,0,0,0
Eberechi Eze,ENG,"MF,FW",Crystal Palace,26,1998,28.8,135,4.69,72,29,11,13,9,1,10,0.35,9,1,0,0,0,0
Łukasz Fabiański,POL,GK,West Ham,39,1985,12.9,3,0.23,2,1,0,0,0,0,0,0.0,0,0,0,0,0,0
Wout Faes,BEL,DF,Leicester City,26,1998,31.3,17,0.54,15,0,0,1,0,1,0,0.0,0,0,0,0,0,0
Abdul Fatawu Issahaku,GHA,FW,Leicester City,20,2004,6.4,17,2.64,10,0,2,1,4,0,3,0.47,2,0,0,1,0,0
João Félix,POR,"FW,MF",Chelsea,24,1999,4.1,18,4.38,12,0,2,3,1,0,3,0.73,1,0,1,0,1,0
Evan Ferguson,IRL,FW,West Ham,19,2004,1.7,4,2.31,2,0,1,1,0,0,0,0.0,0,0,0,0,0,0
Evan Ferguson,IRL,FW,Brighton,19,2004,2.7,4,1.47,3,0,1,0,0,0,0,0.0,0,0,0,0,0,0
Bruno Fernandes,POR,MF,Manchester Utd,29,1994,33.5,193,5.76,136,37,5,6,7,2,13,0.39,10,2,0,1,0,0
Mateus Fernandes,POR,MF,Southampton,20,2004,32.3,78,2.41,44,14,6,6,6,2,7,0.22,4,2,0,0,0,1
Enzo Fernández,ARG,MF,Chelsea,23,2001,32.7,147,4.49,116,16,2,4,4,5,16,0.49,13,2,0,1,0,0
Mark Flekken,NED,GK,Brentford,31,1993,36.4,10,0.27,6,4,0,0,0,0,2,0.05,0,2,0,0,0,0
Phil Foden,ENG,"MF,FW",Manchester City,24,2000,19.7,88,4.46,58,18,3,6,3,0,9,0.46,5,1,0,3,0,0
Wesley Fofana,FRA,DF,Chelsea,23,2000,13.0,15,1.15,12,1,1,1,0,0,0,0.0,0,0,0,0,0,0
Carlos Forbs,POR,"MF,FW",Wolves,20,2004,2.7,5,1.89,3,0,2,0,0,0,1,0.38,1,0,0,0,0,0
Fraser Forster,ENG,GK,Tottenham,36,1988,7.0,0,0.0,0,0,0,0,0,0,0,0.0,0,0,0,0,0,0
Matheus França,BRA,"MF,FW",Crystal Palace,20,2004,0.6,3,4.91,2,0,0,1,0,0,0,0.0,0,0,0,0,0,0
Ryan Fraser,SCO,"FW,DF",Southampton,30,1994,3.4,5,1.47,5,0,0,0,0,0,0,0.0,0,0,0,0,0,0
Tyler Fredricson,ENG,DF,Manchester Utd,19,2005,1.8,3,1.63,3,0,0,0,0,0,0,0.0,0,0,0,0,0,0
Niclas Füllkrug,GER,FW,West Ham,31,1993,8.8,22,2.5,20,0,0,2,0,0,2,0.23,1,0,0,1,0,0
Cody Gakpo,NED,FW,Liverpool,25,1999,21.5,80,3.72,57,0,9,7,5,2,8,0.37,3,0,3,1,1,0
Alejandro Garnacho,ARG,"MF,FW",Manchester Utd,20,2004,24.4,83,3.4,64,1,3,9,6,0,6,0.25,4,0,0,1,1,0
James Garner,ENG,"MF,DF",Everton,23,2001,17.7,39,2.2,27,11,0,0,0,1,5,0.28,4,1,0,0,0,0
Tyrique George,ENG,FW,Chelsea,18,2006,2.0,7,3.44,6,0,1,0,0,0,1,0.49,1,0,0,0,0,0
Morgan Gibbs-White,ENG,MF,Nott'ham Forest,24,2000,31.1,115,3.69,94,0,3,8,5,5,19,0.61,13,0,0,4,1,1
Billy Gilmour,SCO,MF,Brighton,23,2001,1.1,3,2.76,3,0,0,0,0,0,0,0.0,0,0,0,0,0,0
Ben Godfrey,ENG,DF,Ipswich Town,26,1998,1.8,1,0.57,1,0,0,0,0,0,0,0.0,0,0,0,0,0,0
Martial Godo,ENG,"FW,DF",Fulham,21,2003,0.3,1,3.91,1,0,0,0,0,0,0,0.0,0,0,0,0,0,0
Michael Golding,ENG,MF,Leicester City,18,2006,0.0,0,0.0,0,0,0,0,0,0,0,0.0,0,0,0,0,0,0
João Gomes,BRA,MF,Wolves,23,2001,33.0,67,2.03,53,1,5,2,2,4,4,0.12,4,0,0,0,0,0
Toti Gomes,POR,DF,Wolves,25,1999,29.0,21,0.72,20,0,0,1,0,0,1,0.03,1,0,0,0,0,0
Diego Gómez,PAR,MF,Brighton,21,2003,5.7,19,3.32,14,3,0,1,1,0,4,0.7,2,1,0,0,1,0
Joe Gomez,ENG,DF,Liverpool,27,1997,5.8,5,0.87,5,0,0,0,0,0,1,0.17,1,0,0,0,0,0
Nicolás González,ESP,MF,Manchester City,22,2002,8.4,15,1.77,13,0,0,1,1,0,3,0.35,2,0,0,0,1,0
Anthony Gordon,ENG,"FW,MF",Newcastle Utd,23,2001,27.0,101,3.74,73,10,7,3,8,0,12,0.44,9,1,1,0,1,0
Ryan Gravenberch,NED,MF,Liverpool,22,2002,35.1,68,1.94,60,0,5,2,0,1,6,0.17,6,0,0,0,0,0
Jack Grealish,ENG,"FW,MF",Manchester City,28,1995,8.0,47,5.86,41,1,3,0,1,1,2,0.25,1,0,0,0,0,1
Jacob Greaves,ENG,DF,Ipswich Town,23,2000,24.5,20,0.82,16,1,0,1,1,1,1,0.04,1,0,0,0,0,0
Brajan Gruda,GER,"MF,FW",Brighton,20,2004,7.6,39,5.1,29,6,3,0,1,0,6,0.78,4,2,0,0,0,0
Albert Grønbaek,DEN,"FW,MF",Southampton,23,2001,1.6,2,1.26,1,0,0,1,0,0,0,0.0,0,0,0,0,0,0
Gonçalo Guedes,POR,"MF,FW",Wolves,27,1996,11.1,30,2.71,27,0,2,0,1,0,8,0.72,7,0,1,0,0,0
Marc Guéhi,ENG,DF,Crystal Palace,24,2000,34.0,44,1.29,36,0,0,4,2,2,5,0.15,4,0,0,0,0,1
Luis Guilherme,BRA,"MF,FW",West Ham,18,2006,1.7,10,6.0,6,1,1,1,1,0,0,0.0,0,0,0,0,0,0
Bruno Guimarães,BRA,MF,Newcastle Utd,26,1997,36.3,133,3.66,119,3,3,1,4,3,18,0.5,17,1,0,0,0,0
Marc Guiu,ESP,FW,Chelsea,18,2006,0.8,1,1.22,1,0,0,0,0,0,0,0.0,0,0,0,0,0,0
İlkay Gündoğan,GER,MF,Manchester City,33,1990,24.7,88,3.56,67,11,5,4,1,0,13,0.53,10,1,0,1,1,0
Malo Gusto,FRA,DF,Chelsea,21,2003,20.7,58,2.8,57,0,0,1,0,0,4,0.19,4,0,0,0,0,0
Joško Gvardiol,CRO,DF,Manchester City,22,2002,36.4,76,2.09,69,1,2,3,1,0,7,0.19,6,0,1,0,0,0
Erling Haaland,NOR,FW,Manchester City,24,2000,30.4,71,2.34,51,0,8,10,2,0,9,0.3,6,0,2,1,0,0
Lewis Hall,ENG,DF,Newcastle Utd,19,2004,24.3,63,2.59,44,18,0,0,1,0,6,0.25,5,1,0,0,0,0
Ali Al Hamadi,IRQ,FW,Ipswich Town,22,2002,1.5,8,5.37,4,0,3,0,1,0,0,0.0,0,0,0,0,0,0
Marcus Harness,ENG,MF,Ipswich Town,28,1996,0.5,2,4.0,2,0,0,0,0,0,0,0.0,0,0,0,0,0,0
Jack Harrison,ENG,FW,Everton,27,1996,23.1,57,2.47,38,9,4,2,4,0,4,0.17,1,0,0,1,2,0
Taylor Harwood-Bellis,ENG,DF,Southampton,22,2002,31.4,37,1.18,32,0,0,3,1,1,2,0.06,1,0,0,1,0,0
Kai Havertz,GER,"FW,MF",Arsenal,25,1999,20.8,42,2.02,35,0,1,6,0,0,3,0.14,2,0,0,1,0,0
Ayden Heaven,ENG,DF,Manchester Utd,17,2006,1.9,4,2.12,0,0,1,2,1,0,0,0.0,0,0,0,0,0,0
Hwang Hee-chan,KOR,"MF,FW",Wolves,28,1996,7.3,9,1.22,8,0,0,1,0,0,1,0.14,1,0,0,0,0,0
Dean Henderson,ENG,GK,Crystal Palace,27,1997,38.0,4,0.11,3,1,0,0,0,0,0,0.0,0,0,0,0,0,0
Rico Henry,ENG,DF,Brentford,27,1997,1.1,2,1.84,2,0,0,0,0,0,1,0.92,1,0,0,0,0,0
Mads Hermansen,DEN,GK,Leicester City,24,2000,26.5,3,0.11,3,0,0,0,0,0,0,0.0,0,0,0,0,0,0
Son Heung-min,KOR,FW,Tottenham,32,1992,23.4,117,4.99,87,8,10,7,5,0,15,0.64,13,0,0,1,1,0
James Hill,ENG,DF,Bournemouth,22,2002,5.0,8,1.61,5,2,0,0,0,1,1,0.2,1,0,0,0,0,0
Jack Hinshelwood,ENG,"MF,DF",Brighton,19,2005,20.5,35,1.71,28,4,0,2,1,0,3,0.15,3,0,0,0,0,0
George Hirst,SCO,FW,Ipswich Town,25,1999,7.3,9,1.22,7,0,0,1,1,0,3,0.41,2,0,0,1,0,0
Mason Holgate,JAM,"FW,DF",Everton,27,1996,0.1,0,0.0,0,0,0,0,0,0,0,0.0,0,0,0,0,0,0
Harry Howell,ENG,FW,Brighton,15,2008,0.1,0,0.0,0,0,0,0,0,0,0,0.0,0,0,0,0,0,0
Callum Hudson-Odoi,ENG,"FW,MF",Nott'ham Forest,23,2000,24.4,94,3.86,74,3,10,3,4,0,11,0.45,7,0,2,0,2,0
Will Hughes,ENG,MF,Crystal Palace,29,1995,23.4,67,2.86,42,17,1,2,5,0,6,0.26,2,3,0,1,0,0
Dean Huijsen,ESP,DF,Bournemouth,19,2005,27.0,43,1.59,40,1,0,1,1,0,3,0.11,3,0,0,0,0,0
Omari Hutchinson,ENG,"MF,FW",Ipswich Town,20,2003,28.7,81,2.82,59,0,9,6,5,2,6,0.21,6,0,0,0,0,0
Rasmus Højlund,DEN,FW,Manchester Utd,21,2003,22.3,34,1.53,22,0,3,5,4,0,1,0.04,0,0,0,0,1,0
Igor,BRA,DF,Brighton,26,1998,10.7,14,1.31,12,0,1,0,1,0,0,0.0,0,0,0,0,0,0
Danny Ings,ENG,"FW,MF",West Ham,32,1992,3.2,12,3.8,7,0,1,3,1,0,2,0.63,0,0,0,1,1,0
Tim Iroegbunam,ENG,MF,Everton,21,2003,6.4,10,1.57,6,0,1,0,1,2,1,0.16,1,0,0,0,0,0
Andy Irving,SCO,MF,West Ham,24,2000,1.8,5,2.68,4,0,1,0,0,0,0,0.0,0,0,0,0,0,0
Alexander Isak,SWE,FW,Newcastle Utd,24,1999,30.6,92,3.01,70,1,8,9,2,2,14,0.46,11,0,1,0,1,1
Alex Iwobi,NGA,"FW,MF",Fulham,28,1996,33.1,122,3.68,106,0,8,6,2,0,16,0.48,13,0,2,1,0,0
Nicolas Jackson,SEN,FW,Chelsea,23,2001,24.7,69,2.8,42,0,9,7,9,2,10,0.41,7,0,2,1,0,0
Vitaly Janelt,GER,MF,Brentford,26,1998,25.0,32,1.28,31,1,0,0,0,0,3,0.12,3,0,0,0,0,0
Vitezslav Jaros,CZE,GK,Liverpool,23,2001,0.1,0,0.0,0,0,0,0,0,0,0,0.0,0,0,0,0,0,0
Daniel Jebbison,CAN,FW,Bournemouth,20,2003,1.3,6,4.54,4,0,1,0,1,0,0,0.0,0,0,0,0,0,0
Mathias Jensen,DEN,MF,Brentford,28,1996,9.6,41,4.28,29,11,1,0,0,0,5,0.52,2,2,1,0,0,0
Gabriel Jesus,BRA,FW,Arsenal,27,1997,6.8,18,2.66,10,0,1,5,1,1,4,0.59,1,0,0,3,0,0
Raúl Jiménez,MEX,FW,Fulham,33,1991,27.7,66,2.38,48,1,2,9,5,1,7,0.25,4,0,0,1,1,1
Kim Jisoo,KOR,DF,Brentford,19,2004,0.3,0,0.0,0,0,0,0,0,0,0,0.0,0,0,0,0,0,0
João Pedro,BRA,"FW,MF",Brighton,22,2001,21.6,72,3.32,56,0,3,2,10,1,9,0.42,6,0,0,0,3,0
Joelinton,BRA,"MF,FW",Newcastle,Utd 27,1996,26.6,61,2.29,46,2,1,5,1,6,9,0.34,7,0,0,1,0,1
Brennan Johnson,WAL,FW,Tottenham,23,2001,24.2,46,1.9,30,0,6,4,5,1,7,0.29,5,0,1,0,1,0
Sam Johnstone,ENG,GK,Wolves,31,1993,7.0,2,0.29,2,0,0,0,0,0,0,0.0,0,0,0,0,0,0
Curtis Jones,ENG,"MF,DF",Liverpool,23,2001,19.0,52,2.74,45,1,0,4,2,0,8,0.42,5,1,0,1,1,0
Jorginho,ITA,MF,Arsenal,32,1991,7.8,12,1.54,10,0,0,0,2,0,0,0.0,0,0,0,0,0,0
Diogo Jota,POR,FW,Liverpool,27,1996,13.3,37,2.79,24,0,6,5,1,1,9,0.68,5,0,2,1,1,0
James Justin,ENG,DF,Leicester City,26,1998,32.4,33,1.02,21,2,1,4,5,0,2,0.06,2,0,0,0,0,0
Filip Jørgensen,DEN,GK,Chelsea,22,2002,6.0,1,0.17,1,0,0,0,0,0,0,0.0,0,0,0,0,0,0
Daichi Kamada,JPN,MF,Crystal Palace,27,1996,17.4,52,2.99,37,6,1,3,2,3,3,0.17,2,1,0,0,0,0
Boubacar Kamara,FRA,MF,Aston Villa,24,1999,19.2,27,1.41,20,1,1,2,1,2,2,0.1,2,0,0,0,0,0
Michael Kayode,ITA,DF,Brentford,20,2004,5.9,19,3.24,9,7,1,1,1,0,3,0.51,3,0,0,0,0,0
Michael Keane,ENG,DF,Everton,31,1993,11.7,6,0.51,6,0,0,0,0,0,0,0.0,0,0,0,0,0,0
Caoimhín Kelleher,IRL,GK,Liverpool,25,1998,10.0,3,0.3,3,0,0,0,0,0,1,0.1,1,0,0,0,0,0
Lloyd Kelly,ENG,DF,Newcastle Utd,25,1998,3.4,2,0.59,2,0,0,0,0,0,1,0.3,1,0,0,0,0,0
Milos Kerkez,HUN,DF,Bournemouth,20,2003,37.1,83,2.24,67,4,2,2,5,3,9,0.24,7,0,1,0,0,1
Bilal El Khannouss,MAR,"MF,FW",Leicester City,20,2004,24.2,78,3.22,54,9,8,4,3,0,7,0.29,5,1,0,1,0,0
Abdukodir Khusanov,UZB,DF,Manchester City,20,2004,5.6,5,0.89,5,0,0,0,0,0,0,0.0,0,0,0,0,0,0
Max Kilman,ENG,DF,West Ham,27,1997,37.2,32,0.86,28,0,2,0,0,2,5,0.13,3,0,1,0,0,1
Joshua King,ENG,MF,Fulham,17,2007,1.4,8,5.54,6,0,1,1,0,0,2,1.38,2,0,0,0,0,0
Tom King,WAL,GK,Wolves,29,1995,0.0,0,0.0,0,0,0,0,0,0,0,0.0,0,0,0,0,0,0
Antonín Kinský,CZE,GK,Tottenham,21,2003,6.0,1,0.17,1,0,0,0,0,0,0,0.0,0,0,0,0,0,0
Jakub Kiwior,POL,DF,Arsenal,24,2000,12.5,8,0.64,7,0,1,0,0,0,0,0.0,0,0,0,0,0,0
Justin Kluivert,NED,MF,Bournemouth,25,1999,26.0,101,3.88,73,8,7,7,5,1,12,0.46,11,0,0,0,1,0
Ibrahima Konaté,FRA,DF,Liverpool,25,1999,28.4,31,1.09,26,0,0,4,0,1,7,0.25,6,0,0,0,0,1
Ezri Konsa,ENG,DF,Aston Villa,26,1997,32.6,24,0.74,19,2,1,2,0,0,3,0.09,3,0,0,0,0,0
Mateo Kovačić,CRO,MF,Manchester City,30,1994,24.4,73,2.99,59,0,4,5,4,1,8,0.33,6,0,1,1,0,0
Caleb Kporha,ENG,DF,Crystal Palace,18,2006,0.1,0,0.0,0,0,0,0,0,0,0,0.0,0,0,0,0,0,0
Emil Krafth,SWE,DF,Newcastle Utd,29,1994,3.8,3,0.79,2,0,0,1,0,0,0,0.0,0,0,0,0,0,0
Mohammed Kudus,GHA,"FW,MF",West Ham,23,2000,28.8,107,3.72,74,1,16,12,2,2,10,0.35,6,0,1,3,0,0
Dejan Kulusevski,SWE,"MF,FW",Tottenham,24,2000,26.5,128,4.82,95,12,15,3,3,0,9,0.34,7,1,1,0,0,0
Maxence Lacroix,FRA,DF,Crystal Palace,24,2000,34.6,28,0.81,23,1,0,4,0,0,4,0.12,2,1,0,1,0,0
Adam Lallana,ENG,MF,Southampton,36,1988,4.0,9,2.24,8,0,0,0,1,0,2,0.5,2,0,0,0,0,0
Tariq Lamptey,GHA,DF,Brighton,23,2000,9.6,17,1.78,14,1,0,0,1,1,3,0.31,2,0,0,0,0,1
Will Lankshear,ENG,"FW,MF",Tottenham,19,2005,0.1,0,0.0,0,0,0,0,0,0,0,0.0,0,0,0,0,0,0
Roméo Lavia,BEL,MF,Chelsea,20,2004,8.9,14,1.58,13,0,0,0,0,1,2,0.23,2,0,0,0,0,0
Mario Lemina,GAB,"MF,DF",Wolves,30,1993,15.2,26,1.71,21,0,2,2,0,1,5,0.33,5,0,0,0,0,0
Bernd Leno,GER,GK,Fulham,32,1992,38.0,6,0.16,6,0,0,0,0,0,2,0.05,2,0,0,0,0,0
Jefferson Lerma,COL,"MF,DF",Crystal Palace,29,1994,25.3,47,1.86,37,5,1,3,0,1,3,0.12,3,0,0,0,0,0
Myles Lewis-Skelly,ENG,DF,Arsenal,17,2006,15.2,29,1.91,21,0,1,1,6,0,0,0.0,0,0,0,0,0,0
Matthijs de Ligt,NED,DF,Manchester Utd,24,1999,23.6,14,0.59,12,0,0,2,0,0,1,0.04,1,0,0,0,0,0
Pedro Lima,BRA,DF,Wolves,18,2006,0.8,4,5.14,2,0,0,0,0,2,0,0.0,0,0,0,0,0,0
Victor Lindelöf,SWE,DF,Manchester Utd,30,1994,7.8,4,0.51,4,0,0,0,0,0,0,0.0,0,0,0,0,0,0
Jesper Lindstrøm,DEN,FW,Everton,24,2000,13.8,46,3.35,30,7,2,3,3,1,1,0.07,1,0,0,0,0,0
Valentino Livramento,ENG,DF,Newcastle Utd,21,2002,31.6,45,1.43,43,0,0,1,1,0,2,0.06,2,0,0,0,0,0
Sean Longstaff,ENG,MF,Newcastle Utd,26,1997,8.9,14,1.58,12,0,1,1,0,0,2,0.23,1,0,0,1,0,0
Saša Lukić,SRB,MF,Fulham,27,1996,26.0,55,2.11,36,12,0,5,1,1,4,0.15,3,0,0,1,0,0
Joe Lumley,ENG,GK,Southampton,29,1995,3.0,0,0.0,0,0,0,0,0,0,0,0.0,0,0,0,0,0,0
Massimo Luongo,AUS,MF,Ipswich Town,31,1992,2.2,0,0.0,0,0,0,0,0,0,0,0.0,0,0,0,0,0,0
Ian Maatsen,NED,DF,Aston Villa,22,2002,12.7,52,4.11,38,3,5,5,0,1,7,0.55,6,0,1,0,0,0
James Maddison,ENG,MF,Tottenham,27,1996,20.1,95,4.73,66,13,7,3,6,0,18,0.9,12,2,3,1,0,0
Noni Madueke,ENG,FW,Chelsea,22,2002,22.6,79,3.5,57,0,10,7,4,1,8,0.35,5,0,0,1,1,1
Gabriel Magalhães,BRA,DF,Arsenal,26,1997,26.3,35,1.33,31,0,0,3,1,0,6,0.23,4,0,0,1,1,0
Edmond-Paris Maghoma,ENG,"MF,FW",Brentford,23,2001,1.3,4,3.03,4,0,0,0,0,0,1,0.76,1,0,0,0,0,0
Harry Maguire,ENG,DF,Manchester Utd,31,1993,19.5,20,1.02,14,1,0,5,0,0,0,0.0,0,0,0,0,0,0
Kobbie Mainoo,ENG,MF,Manchester Utd,19,2005,18.3,34,1.85,29,0,4,0,1,0,3,0.16,3,0,0,0,0,0
Tyrell Malacia,NED,DF,Manchester Utd,24,1999,1.1,2,1.8,1,0,0,0,1,0,0,0.0,0,0,0,0,0,0
Donyell Malen,NED,FW,Aston Villa,25,1999,3.4,6,1.76,5,0,1,0,0,0,0,0.0,0,0,0,0,0,0
Orel Mangala,BEL,MF,Everton,26,1998,14.0,24,1.72,17,1,2,3,1,0,1,0.07,0,0,0,0,1,0
Solly March,ENG,"FW,MF",Brighton,30,1994,1.9,7,3.77,6,1,0,0,0,0,2,1.08,2,0,0,0,0,0
Omar Marmoush,EGY,"FW,MF",Manchester City,25,1999,13.1,39,2.99,22,3,2,5,7,0,2,0.15,1,0,0,0,1,0
Gabriel Martinelli,BRA,"FW,MF",Arsenal,23,2001,25.4,74,2.91,55,1,8,7,3,0,7,0.27,4,0,1,1,1,0
Emiliano Martínez,ARG,GK,Aston Villa,31,1992,35.5,6,0.17,5,1,0,0,0,0,1,0.03,1,0,0,0,0,0
Lisandro Martínez,ARG,DF,Manchester Utd,26,1998,19.5,26,1.34,23,0,0,2,0,1,2,0.1,2,0,0,0,0,0
Jean-Philippe Mateta,FRA,FW,Crystal Palace,27,1997,29.4,65,2.21,44,0,5,11,5,0,10,0.34,5,0,3,2,0,0
Stephy Mavididi,ENG,FW,Leicester City,26,1998,17.9,50,2.78,39,2,4,2,2,1,7,0.39,6,0,1,0,0,0
Konstantinos Mavropanos,GRE,DF,West Ham,26,1997,22.7,16,0.7,12,0,1,2,0,1,0,0.0,0,0,0,0,0,0
Noussair Mazraoui,MAR,DF,Manchester Utd,26,1997,31.5,56,1.78,46,2,1,2,3,2,1,0.03,1,0,0,0,0,0
Bryan Mbeumo,CMR,FW,Brentford,24,1999,37.9,144,3.8,98,23,11,8,4,0,20,0.53,11,3,2,3,1,0
James Mcatee,ENG,"MF,FW",Manchester City,21,2002,3.9,4,1.03,3,0,1,0,0,0,1,0.26,0,0,1,0,0,0
Kasey McAteer,IRL,FW,Leicester City,22,2001,9.5,20,2.11,18,0,0,0,2,0,2,0.21,1,0,0,0,1,0
Alex McCarthy,ENG,GK,Southampton,34,1989,5.0,0,0.0,0,0,0,0,0,0,0,0.0,0,0,0,0,0,0
John McGinn,SCO,"MF,FW",Aston Villa,29,1994,24.7,76,3.08,56,9,1,4,5,1,8,0.32,6,2,0,0,0,0
Dwight McNeil,ENG,"MF,FW",Everton,24,1999,15.2,72,4.73,39,22,6,2,2,1,10,0.66,5,2,2,0,0,1
Scott McTominay,SCO,MF,Manchester Utd,27,1996,0.2,1,4.74,0,0,0,1,0,0,0,0.0,0,0,0,0,0,0
Ben Mee,ENG,DF,Brentford,34,1989,2.0,0,0.0,0,0,0,0,0,0,0,0.0,0,0,0,0,0,0
Jayden Meghoma,ENG,DF,Brentford,18,2006,0.1,0,0.0,0,0,0,0,0,0,0,0.0,0,0,0,0,0,0
Mikel Merino,ESP,"MF,FW",Arsenal,28,1996,17.6,43,2.44,35,0,0,6,2,0,4,0.23,3,0,0,1,0,0
Shumaira Mheuka,ENG,MF,Chelsea,16,2007,0.0,0,0.0,0,0,0,0,0,0,0,0.0,0,0,0,0,0,0
Nikola Milenković,SRB,DF,Nott'ham Forest,26,1997,37.0,21,0.57,16,0,0,4,0,1,3,0.08,3,0,0,0,0,0
Lewis Miley,ENG,MF,Newcastle Utd,18,2006,3.5,4,1.15,3,0,0,0,0,1,0,0.0,0,0,0,0,0,0
James Milner,ENG,MF,Brighton,38,1986,1.9,8,4.24,5,2,0,0,1,0,0,0.0,0,0,0,0,0,0
Tyrone Mings,ENG,DF,Aston Villa,31,1993,12.4,18,1.45,15,0,0,1,1,1,2,0.16,1,0,0,1,0,0
Yankuba Minteh,GAM,"FW,MF",Brighton,20,2004,20.4,64,3.14,37,8,13,3,2,1,13,0.64,6,0,6,1,0,0
Tyrick Mitchell,ENG,DF,Crystal Palace,24,1999,34.4,72,2.1,65,1,0,3,2,1,7,0.2,6,0,0,0,1,0
Kaoru Mitoma,JPN,"FW,MF",Brighton,27,1997,28.9,87,3.01,73,0,6,3,4,1,10,0.35,9,0,0,0,1,0
Jakub Moder,POL,MF,Brighton,25,1999,0.1,4,32.73,4,0,0,0,0,0,0,0.0,0,0,0,0,0,0
Mikey Moore,ENG,FW,Tottenham,16,2007,4.1,12,2.95,7,2,0,1,2,0,2,0.49,1,0,0,1,0,0
Morato,BRA,DF,Nott'ham,Forest 23,2001,10.1,3,0.3,3,0,0,0,0,0,0,0.0,0,0,0,0,0,0
Sam Morsy,EGY,MF,Ipswich Town,32,1991,30.6,51,1.67,46,4,0,0,1,0,2,0.07,2,0,0,0,0,0
Yerson Mosquera,COL,DF,Wolves,23,2001,4.9,5,1.02,5,0,0,0,0,0,0,0.0,0,0,0,0,0,0
Mason Mount,ENG,MF,Manchester Utd,25,1999,6.9,22,3.18,15,3,0,3,1,0,0,0.0,0,0,0,0,0,0
Divin Mubama,ENG,FW,Manchester City,19,2004,0.3,0,0.0,0,0,0,0,0,0,0,0.0,0,0,0,0,0,0
Mykhailo Mudryk,UKR,FW,Chelsea,23,2001,1.7,6,3.6,4,1,0,0,1,0,0,0.0,0,0,0,0,0,0
Marshall Munetsi,ZIM,"MF,FW",Wolves,28,1996,12.0,21,1.75,16,0,0,2,2,1,1,0.08,1,0,0,0,0,0
Rodrigo Muniz,BRA,FW,Fulham,23,2001,10.7,17,1.59,10,0,2,2,2,1,2,0.19,1,0,1,0,0,0
Daniel Muñoz,COL,DF,Crystal Palace,28,1996,35.9,85,2.37,69,2,2,6,1,5,11,0.31,9,0,1,1,0,0
Arijanet Muric,KVX,GK,Ipswich Town,25,1998,18.0,1,0.06,0,1,0,0,0,0,0,0.0,0,0,0,0,0,0
Murillo,BRA,DF,Nott'ham,Forest 22,2002,35.4,44,1.24,30,7,0,4,1,2,2,0.06,1,1,0,0,0,0
Jacob Murphy,ENG,FW,Newcastle Utd,29,1995,26.2,82,3.13,65,5,4,3,3,2,15,0.57,14,0,0,0,1,0
Vitaliy Mykolenko,UKR,DF,Everton,25,1999,34.2,43,1.26,40,0,1,2,0,0,4,0.12,3,0,0,1,0,0
Iliman Ndiaye,SEN,FW,Everton,24,2000,27.0,65,2.41,49,0,9,1,6,0,8,0.3,5,0,2,0,1,0
Wilfred Ndidi,NGA,MF,Leicester City,27,1996,25.8,31,1.2,29,0,1,1,0,0,4,0.15,4,0,0,0,0,0
Kosta Nedeljković,SRB,DF,Aston Villa,18,2005,1.4,0,0.0,0,0,0,0,0,0,0,0.0,0,0,0,0,0,0
Reiss Nelson,ENG,FW,Arsenal,24,1999,0.0,0,0.0,0,0,0,0,0,0,0,0.0,0,0,0,0,0,0
Reiss Nelson,ENG,FW,Fulham,24,1999,5.4,31,5.73,21,2,3,4,0,1,1,0.18,1,0,0,0,0,0
Neto,BRA,GK,Bournemouth,35,1989,2.0,0,0.0,0,0,0,0,0,0,0,0.0,0,0,0,0,0,0
Pedro Neto,POR,FW,Chelsea,24,2000,25.2,90,3.57,64,9,6,7,4,0,9,0.36,5,1,2,1,0,0
Eddie Nketiah,ENG,"FW,MF",Crystal Palace,25,1999,11.5,31,2.69,20,0,3,3,5,0,3,0.26,2,0,0,0,1,0
Christopher Nkunku,FRA,FW,Chelsea,26,1997,10.2,34,3.32,21,0,5,5,1,2,4,0.39,1,0,1,1,1,0
Gustavo Nunes,BRA,"FW,MF",Brentford,18,2005,0.1,0,0.0,0,0,0,0,0,0,0,0.0,0,0,0,0,0,0
Darwin Núñez,URU,FW,Liverpool,25,1999,12.6,31,2.46,21,0,4,1,2,3,4,0.32,3,0,0,0,1,0
Ethan Nwaneri,ENG,"FW,MF",Arsenal,17,2007,9.9,29,2.91,15,6,5,2,1,0,3,0.3,3,0,0,0,0,0
Christian Nørgaard,DEN,MF,Brentford,30,1994,31.3,58,1.85,48,0,0,7,2,1,13,0.42,11,0,0,1,1,0
Jake O'Brien,IRL,DF,Everton,23,2001,17.5,16,0.92,14,0,2,0,0,0,0,0.0,0,0,0,0,0,0
Matt O'Riley,DEN,MF,Brighton,23,2000,10.4,40,3.84,23,11,1,2,1,2,5,0.48,4,0,0,0,1,0
Dara O'Shea,IRL,DF,Ipswich Town,25,1999,34.7,24,0.69,19,0,0,2,2,1,4,0.12,4,0,0,0,0,0
Chidozie Obi-Martin,DEN,FW,Manchester Utd,16,2007,1.8,2,1.09,0,0,1,1,0,0,0,0.0,0,0,0,0,0,0
Wilson Odobert,FRA,"FW,MF",Tottenham,19,2004,9.4,16,1.7,14,0,0,2,0,0,1,0.11,1,0,0,0,0,0
Chiedozie Ogbene,IRL,FW,Ipswich Town,27,1997,2.6,3,1.13,2,0,0,0,1,0,0,0.0,0,0,0,0,0,0
Caleb Okoli,ITA,DF,Leicester City,23,2001,12.5,4,0.32,4,0,0,0,0,0,0,0.0,0,0,0,0,0,0
Robin Olsen,SWE,GK,Aston Villa,34,1990,2.5,2,0.8,0,2,0,0,0,0,1,0.4,0,1,0,0,0,0
Amadou Onana,BEL,MF,Aston Villa,22,2001,18.0,32,1.78,25,2,1,4,0,0,4,0.22,2,1,0,1,0,0
André Onana,CMR,GK,Manchester Utd,28,1996,34.0,4,0.12,3,1,0,0,0,0,0,0.0,0,0,0,0,0,0
Paul Onuachu,NGA,FW,Southampton,30,1994,11.7,9,0.77,8,0,0,1,0,0,1,0.09,1,0,0,0,0,0
Frank Onyeka,NGA,MF,Brentford,26,1998,0.3,0,0.0,0,0,0,0,0,0,0,0.0,0,0,0,0,0,0
Lewis Orford,ENG,MF,West Ham,18,2006,0.5,2,3.67,2,0,0,0,0,0,0,0.0,0,0,0,0,0,0
Stefan Ortega,GER,GK,Manchester City,31,1992,12.2,0,0.0,0,0,0,0,0,0,0,0.0,0,0,0,0,0,0
William Osula,DEN,FW,Newcastle Utd,20,2003,1.5,4,2.69,3,0,0,0,0,1,0,0.0,0,0,0,0,0,0
Dango Ouattara,BFA,FW,Bournemouth,22,2002,22.3,72,3.23,57,0,3,10,1,1,6,0.27,4,0,1,1,0,0
Nico O’Reilly,ENG,DF,Manchester City,19,2005,5.9,12,2.05,9,1,1,0,1,0,2,0.34,2,0,0,0,0,0
Alex Palmer,ENG,GK,Ipswich Town,27,1996,13.0,3,0.23,3,0,0,0,0,0,0,0.0,0,0,0,0,0,0
Cole Palmer,ENG,"MF,FW",Chelsea,22,2002,35.5,202,5.7,134,21,16,21,8,2,15,0.42,11,0,2,1,1,0
Emerson Palmieri,ITA,DF,West Ham,29,1994,23.5,41,1.75,25,11,0,2,2,1,2,0.09,1,1,0,0,0,0
Lucas Paquetá,BRA,"MF,FW",West Ham,26,1997,26.4,82,3.1,68,2,2,4,5,1,6,0.23,3,0,0,2,1,0
Thomas Partey,GHA,"MF,DF",Arsenal,31,1993,31.1,62,2.0,52,2,1,2,1,4,13,0.42,8,2,0,1,1,1
Nathan Patterson,SCO,DF,Everton,22,2001,3.9,11,2.85,8,1,2,0,0,0,1,0.26,1,0,0,0,0,0
Andreas Pereira,BRA,MF,Fulham,28,1996,22.4,104,4.65,54,41,0,4,4,1,8,0.36,4,2,0,0,2,0
Ricardo Pereira,POR,DF,Leicester City,30,1993,4.3,3,0.7,3,0,0,0,0,0,0,0.0,0,0,0,0,0,0
Kalvin Phillips,ENG,MF,Ipswich Town,28,1995,13.7,17,1.24,13,3,0,1,0,0,3,0.22,3,0,0,0,0,0
Jaden Philogene Bidace,ENG,"FW,MF",Aston Villa,22,2002,3.7,5,1.36,3,0,0,0,1,1,0,0.0,0,0,0,0,0,0
Jaden Philogene Bidace,ENG,"FW,DF",Ipswich Town,22,2002,5.3,9,1.71,6,0,1,1,1,0,0,0.0,0,0,0,0,0,0
Jordan Pickford,ENG,GK,Everton,30,1994,38.0,13,0.34,12,1,0,0,0,0,2,0.05,2,0,0,0,0,0
Ethan Pinnock,JAM,DF,Brentford,31,1993,21.3,21,0.99,13,5,0,2,1,0,0,0.0,0,0,0,0,0,0
Daniel Podence,POR,"MF,FW",Wolves,28,1995,0.5,0,0.0,0,0,0,0,0,0,0,0.0,0,0,0,0,0,0
Alfie Pond,ENG,DF,Wolves,20,2004,0.0,0,0.0,0,0,0,0,0,0,0,0.0,0,0,0,0,0,0
Nick Pope,ENG,GK,Newcastle Utd,32,1992,28.0,7,0.25,6,1,0,0,0,0,0,0.0,0,0,0,0,0,0
Pedro Porro,ESP,DF,Tottenham,24,1999,29.0,108,3.72,72,23,3,5,4,1,8,0.28,4,3,1,0,0,0
Jarell Quansah,ENG,DF,Liverpool,21,2003,5.5,3,0.55,3,0,0,0,0,0,0,0.0,0,0,0,0,0,0
Aaron Ramsdale,ENG,GK,Southampton,26,1998,30.0,3,0.1,2,1,0,0,0,0,0,0.0,0,0,0,0,0,0
Jacob Ramsey,ENG,"FW,MF",Aston Villa,23,2001,18.0,51,2.83,40,0,4,1,6,0,8,0.44,7,0,0,0,1,0
Marcus Rashford,ENG,"FW,MF",Manchester Utd,26,1997,10.9,29,2.67,24,1,2,2,0,0,1,0.09,1,0,0,0,0,0
Marcus Rashford,ENG,FW,Aston Villa,26,1997,4.9,27,5.49,14,5,3,2,3,0,3,0.61,2,0,0,1,0,0
David Raya,ESP,GK,Arsenal,28,1995,38.0,5,0.13,4,1,0,0,0,0,1,0.03,1,0,0,0,0,0
Harrison Reed,ENG,MF,Fulham,29,1995,1.2,1,0.89,0,1,0,0,0,0,0,0.0,0,0,0,0,0,0
Remy Rees-Dottin,ENG,FW,Bournemouth,18,2006,0.0,0,0.0,0,0,0,0,0,0,0,0.0,0,0,0,0,0,0
Sergio Reguilón,ESP,DF,Tottenham,27,1996,2.2,1,0.46,1,0,0,0,0,0,0,0.0,0,0,0,0,0,0
Vitor Reis,BRA,DF,Manchester City,18,2006,0.0,0,0.0,0,0,0,0,0,0,0,0.0,0,0,0,0,0,0
Chadi Riad,MAR,DF,Crystal Palace,21,2003,1.0,0,0.0,0,0,0,0,0,0,0,0.0,0,0,0,0,0,0
Declan Rice,ENG,MF,Arsenal,25,1999,31.4,111,3.54,62,33,4,5,5,2,10,0.32,6,2,1,1,0,0
Chris Richards,USA,DF,Crystal Palace,24,2000,21.4,9,0.42,5,0,0,2,1,1,2,0.09,0,0,0,2,0,0
Richarlison,BRA,FW,Tottenham,27,1997,5.6,8,1.43,5,0,0,2,1,0,1,0.18,1,0,0,0,0,0
Andrew Robertson,SCO,DF,Liverpool,30,1994,27.6,80,2.9,68,9,1,1,0,1,4,0.14,4,0,0,0,0,0
Antonee Robinson,USA,DF,Fulham,26,1997,35.2,80,2.27,74,1,2,2,0,1,11,0.31,11,0,0,0,0,0
Jay Robinson,ENG,"MF,FW",Southampton,17,2007,1.5,8,5.26,4,0,3,1,0,0,1,0.66,0,0,0,1,0,0
Rodri,ESP,MF,Manchester,City 28,1996,0.8,2,2.47,2,0,0,0,0,0,0,0.0,0,0,0,0,0,0
Guido Rodríguez,ARG,MF,West Ham,30,1994,12.8,12,0.94,10,0,0,2,0,0,1,0.08,1,0,0,0,0,0
Mads Roerslev,DEN,DF,Brentford,25,1999,12.2,21,1.72,18,0,1,1,1,0,2,0.16,2,0,0,0,0,0
Morgan Rogers,ENG,"FW,MF",Aston Villa,22,2002,34.6,105,3.04,80,0,13,7,5,0,16,0.46,14,0,1,0,1,0
Cristian Romero,ARG,DF,Tottenham,26,1998,15.7,20,1.27,16,0,0,4,0,0,4,0.25,3,0,0,1,0,0
Georginio Rutter,FRA,"MF,FW",Brighton,22,2002,18.4,64,3.47,37,0,9,7,9,2,8,0.43,3,0,3,1,1,0
José Sá,POR,GK,Wolves,31,1993,29.0,5,0.17,5,0,0,0,0,0,0,0.0,0,0,0,0,0,0
Bukayo Saka,ENG,"FW,MF",Arsenal,22,2001,19.2,117,6.09,71,20,12,10,4,0,23,1.2,14,5,2,1,1,0
Mohamed Salah,EGY,FW,Liverpool,32,1992,37.5,169,4.51,123,2,22,14,5,3,27,0.72,20,0,5,2,0,0
William Saliba,FRA,DF,Arsenal,23,2001,33.8,27,0.8,25,0,0,1,0,1,1,0.03,1,0,0,0,0,0
Robert Sánchez,ESP,GK,Chelsea,26,1997,32.0,7,0.22,6,1,0,0,0,0,2,0.06,1,1,0,0,0,0
Jadon Sancho,ENG,FW,Chelsea,24,2000,19.6,70,3.57,63,0,3,1,3,0,10,0.51,9,0,0,0,1,0
Ibrahim Sangaré,CIV,MF,Nott'ham Forest,26,1997,6.6,8,1.22,7,0,0,1,0,0,0,0.0,0,0,0,0,0,0
Pablo Sarabia,ESP,"MF,FW",Wolves,32,1992,9.0,28,3.1,20,6,2,0,0,0,5,0.55,4,0,1,0,0,0
Jeremy Sarmiento,ECU,MF,Brighton,22,2002,0.1,0,0.0,0,0,0,0,0,0,0,0.0,0,0,0,0,0,0
Ismaila Sarr,SEN,MF,Crystal Palace,26,1998,30.1,110,3.65,81,0,6,9,14,0,12,0.4,9,0,1,0,2,0
Sávio,BRA,"FW,MF",Manchester,City 20,2004,19.6,111,5.66,80,2,15,4,7,3,15,0.76,10,0,2,1,1,1
Dane Scarlett,ENG,"FW,MF",Tottenham,20,2004,0.4,1,2.65,1,0,0,0,0,0,1,2.65,1,0,0,0,0,0
Kevin Schade,GER,FW,Brentford,22,2001,25.5,57,2.24,35,6,6,4,5,1,9,0.35,5,0,1,3,0,0
Fabian Schär,SUI,DF,Newcastle Utd,32,1991,32.6,37,1.13,26,1,1,3,2,4,4,0.12,2,0,0,2,0,0
Jeffrey Schlupp,GHA,"MF,DF",Crystal Palace,31,1992,1.1,7,6.06,5,0,1,1,0,0,0,0.0,0,0,0,0,0,0
Alex Scott,ENG,MF,Bournemouth,20,2003,8.4,29,3.45,19,2,0,2,3,3,2,0.24,2,0,0,0,0,0
Matz Sels,BEL,GK,Nott'ham Forest,32,1992,38.0,6,0.16,3,3,0,0,0,0,0,0.0,0,0,0,0,0,0
Nélson Semedo,POR,DF,Wolves,30,1993,32.1,60,1.87,44,1,8,1,3,3,6,0.19,6,0,0,0,0,0
Antoine Semenyo,GHA,FW,Bournemouth,24,2000,35.6,132,3.71,85,4,21,15,5,2,13,0.37,7,1,2,1,2,0
Marcos Senesi,ARG,DF,Bournemouth,27,1997,12.3,16,1.3,16,0,0,0,0,0,1,0.08,1,0,0,0,0,0
Ryan Sessegnon,ENG,"FW,DF",Fulham,24,2000,6.4,24,3.72,20,0,1,2,1,0,4,0.62,4,0,0,0,0,0
Luke Shaw,ENG,DF,Manchester Utd,29,1995,3.9,10,2.58,8,2,0,0,0,0,0,0.0,0,0,0,0,0,0
Zain Silcott-Duberry,MSR,FW,Bournemouth,19,2005,0.0,0,0.0,0,0,0,0,0,0,0,0.0,0,0,0,0,0,0
Bernardo Silva,POR,"MF,FW",Manchester City,29,1994,29.7,92,3.1,81,3,4,1,3,0,8,0.27,8,0,0,0,0,0
Jota Silva,POR,"FW,MF",Nott'ham Forest,24,1999,9.5,29,3.06,22,0,1,3,3,0,3,0.32,2,0,0,0,1,0
Jahmai Simpson-Pusey,ENG,DF,Manchester City,18,2005,1.1,0,0.0,0,0,0,0,0,0,0,0.0,0,0,0,0,0,0
Luis Sinisterra,COL,"FW,MF",Bournemouth,25,1999,2.6,14,5.29,11,0,1,2,0,0,1,0.38,1,0,0,0,0,0
Oliver Skipp,ENG,MF,Leicester City,23,2000,12.5,15,1.2,13,1,0,0,1,0,0,0.0,0,0,0,0,0,0
William Smallbone,IRL,MF,Southampton,24,2000,7.7,16,2.09,12,3,0,1,0,0,0,0.0,0,0,0,0,0,0
Adam Smith,ENG,DF,Bournemouth,33,1991,17.7,23,1.3,17,1,1,0,3,1,2,0.11,1,0,0,0,1,0
Dominic Solanke,ENG,FW,Tottenham,26,1997,24.5,37,1.51,25,0,0,9,2,1,8,0.33,6,0,0,1,1,0
Carlos Soler,ESP,"MF,FW",West Ham,27,1997,15.7,51,3.26,31,9,2,5,3,1,2,0.13,2,0,0,0,0,0
Ramón Sosa,PAR,"FW,MF",Nott'ham Forest,24,1999,3.3,14,4.23,11,0,2,1,0,0,0,0.0,0,0,0,0,0,0
Tomáš Souček,CZE,MF,West Ham,29,1995,28.5,44,1.54,35,0,0,6,2,1,3,0.11,2,0,0,0,1,0
Boubakary Soumaré,FRA,MF,Leicester City,25,1999,24.1,35,1.45,27,0,5,1,2,0,3,0.12,3,0,0,0,0,0
Djed Spence,ENG,DF,Tottenham,23,2000,19.9,29,1.46,23,1,4,1,0,0,5,0.25,3,1,1,0,0,0
Jay Stansfield,ENG,MF,Fulham,21,2002,0.0,0,0.0,0,0,0,0,0,0,0,0.0,0,0,0,0,0,0
Jason Steele,ENG,GK,Brighton,33,1990,2.0,0,0.0,0,0,0,0,0,0,0,0.0,0,0,0,0,0,0
Jack Stephens,ENG,DF,Southampton,30,1994,15.4,13,0.84,13,0,0,0,0,0,0,0.0,0,0,0,0,0,0
Raheem Sterling,ENG,"FW,MF",Arsenal,29,1994,5.5,19,3.43,14,0,3,2,0,0,3,0.54,3,0,0,0,0,0
Ross Stewart,SCO,FW,Southampton,28,1996,4.3,5,1.16,1,0,1,2,1,0,0,0.0,0,0,0,0,0,0
Jakub Stolarczyk,POL,GK,Leicester City,23,2000,10.0,0,0.0,0,0,0,0,0,0,0,0.0,0,0,0,0,0,0
Kamaldeen Sulemana,GHA,"FW,MF",Southampton,22,2002,15.6,30,1.93,15,1,10,3,1,0,3,0.19,1,0,1,1,0,0
Crysencio Summerville,NED,"FW,MF",West Ham,22,2001,8.7,35,4.01,21,3,5,0,5,1,1,0.11,1,0,0,0,0,0
Sammie Szmodics,IRL,"FW,MF",Ipswich Town,28,1995,11.0,10,0.91,8,0,1,1,0,0,0,0.0,0,0,0,0,0,0
Dominik Szoboszlai,HUN,MF,Liverpool,23,2000,27.7,119,4.3,90,7,5,13,3,1,16,0.58,12,1,0,3,0,0
Matt Targett,ENG,DF,Newcastle Utd,28,1995,0.2,0,0.0,0,0,0,0,0,0,0,0.0,0,0,0,0,0,0
James Tarkowski,ENG,DF,Everton,31,1992,32.5,38,1.17,32,2,0,4,0,0,4,0.12,4,0,0,0,0,0
Marcus Tavernier,ENG,"FW,MF",Bournemouth,25,1999,21.5,98,4.55,68,12,3,10,5,0,11,0.51,5,3,0,2,1,0
Charlie Taylor,ENG,DF,Southampton,30,1993,4.0,2,0.51,2,0,0,0,0,0,1,0.25,1,0,0,0,0,0
Jack Taylor,IRL,MF,Ipswich Town,26,1998,9.6,22,2.3,15,1,2,2,0,2,2,0.21,2,0,0,0,0,0
Mathys Tel,FRA,FW,Tottenham,19,2005,10.1,28,2.77,18,1,3,2,4,0,2,0.2,1,0,0,0,1,0
Kenny Tete,NED,DF,Fulham,28,1995,19.7,36,1.83,28,0,2,3,2,1,4,0.2,4,0,0,0,0,0
Thiago,BRA,"FW,MF",Brentford,23,2001,1.9,3,1.55,2,0,0,0,0,1,0,0.0,0,0,0,0,0,0
Luke Thomas,ENG,DF,Leicester City,23,2001,12.3,16,1.3,12,3,0,0,0,1,1,0.08,1,0,0,0,0,0
Youri Tielemans,BEL,MF,Aston Villa,27,1997,33.6,122,3.63,79,31,3,6,2,1,12,0.36,9,3,0,0,0,0
Jurriën Timber,NED,DF,Arsenal,23,2001,26.9,52,1.94,46,1,3,0,1,1,9,0.34,8,0,1,0,0,0
Jean-Clair Todibo,FRA,DF,West Ham,24,1999,20.3,5,0.25,4,0,0,0,0,1,0,0.0,0,0,0,0,0,0
Harry Toffolo,ENG,DF,Nott'ham Forest,28,1995,1.5,0,0.0,0,0,0,0,0,0,0,0.0,0,0,0,0,0,0
Takehiro Tomiyasu,JPN,DF,Arsenal,25,1998,0.1,1,12.86,1,0,0,0,0,0,0,0.0,0,0,0,0,0,0
Sandro Tonali,ITA,MF,Newcastle Utd,24,2000,29.2,78,2.67,50,10,3,6,6,3,9,0.31,8,1,0,0,0,0
Pau Torres,ESP,DF,Aston Villa,27,1997,22.4,14,0.62,11,0,0,3,0,0,2,0.09,1,0,0,1,0,0
Conor Townsend,ENG,DF,Ipswich Town,31,1993,3.7,5,1.34,4,1,0,0,0,0,1,0.27,1,0,0,0,0,0
Adama Traoré,ESP,"FW,MF",Fulham,28,1996,19.7,82,4.16,66,0,9,4,1,2,10,0.51,9,0,1,0,0,0
Boubacar Traoré,MLI,MF,Wolves,22,2001,0.0,0,0.0,0,0,0,0,0,0,0,0.0,0,0,0,0,0,0
Mark Travers,IRL,GK,Bournemouth,25,1999,5.0,0,0.0,0,0,0,0,0,0,0,0.0,0,0,0,0,0,0
Ryan Trevitt,ENG,MF,Brentford,21,2003,0.0,0,0.0,0,0,0,0,0,0,0,0.0,0,0,0,0,0,0
Kieran Trippier,ENG,DF,Newcastle Utd,33,1990,14.5,54,3.71,32,20,0,2,0,0,6,0.41,4,2,0,0,0,0
Leandro Trossard,BEL,FW,Arsenal,29,1994,28.3,93,3.29,72,2,7,6,4,2,8,0.28,8,0,0,0,0,0
Kostas Tsimikas,GRE,DF,Liverpool,28,1996,9.3,31,3.33,21,9,0,0,1,0,2,0.21,1,1,0,0,0,0
Axel Tuanzebe,COD,DF,Ipswich Town,26,1997,19.0,19,1.0,17,1,0,0,1,0,2,0.11,2,0,0,0,0,0
Destiny Udogie,ITA,DF,Tottenham,21,2002,21.4,36,1.68,31,0,0,1,1,3,3,0.14,2,0,0,0,0,1
Manuel Ugarte Ribeiro,URU,MF,Manchester Utd,23,2001,19.8,31,1.56,24,0,0,2,2,3,4,0.2,3,0,0,1,0,0
Lesley Ugochukwu,FRA,MF,Southampton,20,2004,18.4,24,1.3,20,0,1,1,2,0,1,0.05,0,0,0,1,0,0
Enes Ünal,TUR,"FW,MF",Bournemouth,27,1997,3.8,9,2.35,6,0,0,2,1,0,3,0.78,2,0,0,0,1,0
Jamie Vardy,ENG,FW,Leicester City,37,1987,31.4,47,1.5,33,0,6,2,6,0,10,0.32,5,0,2,1,2,0
Joël Veltman,NED,DF,Brighton,32,1992,18.9,23,1.22,16,2,2,1,2,0,2,0.11,1,1,0,0,0,0
Bart Verbruggen,NED,GK,Brighton,21,2002,36.0,5,0.14,5,0,0,0,0,0,1,0.03,1,0,0,0,0,0
Jannik Vestergaard,DEN,DF,Leicester City,31,1992,15.5,7,0.45,6,0,0,0,0,1,0,0.0,0,0,0,0,0,0
Guglielmo Vicario,ITA,GK,Tottenham,27,1996,24.0,4,0.17,4,0,0,0,0,0,0,0.0,0,0,0,0,0,0
Carlos Vinícius,BRA,"MF,FW",Fulham,29,1995,0.2,2,11.25,0,0,1,0,1,0,0,0.0,0,0,0,0,0,0
Kyle Walker,ENG,DF,Manchester City,34,1990,10.8,17,1.58,17,0,0,0,0,0,0,0.0,0,0,0,0,0,0
Kyle Walker-Peters,ENG,DF,Southampton,27,1997,32.4,63,1.94,40,3,10,5,3,2,7,0.22,5,0,1,1,0,0
Christian Walton,ENG,GK,Ipswich Town,28,1995,7.0,2,0.29,1,1,0,0,0,0,0,0.0,0,0,0,0,0,0
Aaron Wan-Bissaka,ENG,DF,West Ham,26,1997,35.0,93,2.65,75,4,7,3,2,2,10,0.29,9,0,0,1,0,0
Danny Ward,WAL,GK,Leicester City,31,1993,1.5,0,0.0,0,0,0,0,0,0,0,0.0,0,0,0,0,0,0
Joel Ward,ENG,DF,Crystal Palace,34,1989,0.8,1,1.27,1,0,0,0,0,0,0,0.0,0,0,0,0,0,0
James Ward-Prowse,ENG,MF,West Ham,29,1994,11.5,34,2.95,19,11,0,3,0,1,1,0.09,0,1,0,0,0,0
James Ward-Prowse,ENG,MF,Nott'ham Forest,29,1994,4.4,10,2.25,6,4,0,0,0,0,2,0.45,1,1,0,0,0,0
Ollie Watkins,ENG,FW,Aston Villa,28,1995,28.9,53,1.84,36,0,4,7,6,0,12,0.42,8,0,1,1,2,0
Adam Webster,ENG,DF,Brighton,29,1995,9.9,14,1.42,10,2,0,2,0,0,4,0.41,2,1,0,1,0,0
Danny Welbeck,ENG,FW,Brighton,33,1990,23.5,53,2.26,39,1,3,4,6,0,8,0.34,7,0,0,1,0,0
Welington,BRA,DF,Southampton,23,2001,5.4,7,1.31,6,1,0,0,0,0,1,0.19,1,0,0,0,0,0
Timo Werner,GER,"FW,MF",Tottenham,28,1996,5.7,18,3.13,14,0,2,1,1,0,3,0.52,3,0,0,0,0,0
Adam Wharton,ENG,MF,Crystal Palace,20,2004,14.6,59,4.03,45,11,0,2,0,1,6,0.41,4,2,0,0,0,0
Ben White,ENG,DF,Arsenal,26,1997,13.3,23,1.73,22,1,0,0,0,0,2,0.15,2,0,0,0,0,0
Neco Williams,WAL,DF,Nott'ham Forest,23,2001,28.8,51,1.77,37,6,0,5,3,0,6,0.21,4,1,0,1,0,0
Willian,BRA,"FW,MF",Fulham,35,1988,2.9,17,5.93,11,4,0,2,0,0,0,0.0,0,0,0,0,0,0
Joe Willock,ENG,"MF,FW",Newcastle Utd,24,1999,12.1,45,3.73,36,0,3,3,1,2,4,0.33,4,0,0,0,0,0
Callum Wilson,ENG,FW,Newcastle Utd,32,1992,4.1,10,2.43,7,0,0,1,1,1,0,0.0,0,0,0,0,0,0
Harry Wilson,WAL,"FW,MF",Fulham,27,1997,12.9,44,3.41,30,6,0,5,2,1,3,0.23,2,0,0,0,1,0
Harry Winks,ENG,MF,Leicester City,28,1996,17.1,39,2.28,29,7,1,1,1,0,3,0.18,2,1,0,0,0,0
Ben Winterburn,ENG,"MF,FW",Bournemouth,19,2004,0.3,0,0.0,0,0,0,0,0,0,0,0.0,0,0,0,0,0,0
Yoane Wissa,COD,FW,Brentford,27,1996,32.4,69,2.13,40,1,4,13,10,1,10,0.31,8,0,0,1,1,0
Chris Wood,NZL,FW,Nott'ham Forest,32,1991,32.9,44,1.34,36,0,2,4,0,2,5,0.15,4,0,0,0,0,1
Nathan Wood-Gordon,ENG,DF,Southampton,22,2002,8.6,3,0.35,3,0,0,0,0,0,0,0.0,0,0,0,0,0,0
Luke Woolfenden,ENG,DF,Ipswich Town,25,1998,13.2,2,0.15,2,0,0,0,0,0,0,0.0,0,0,0,0,0,0
Yehor Yarmoliuk,UKR,MF,Brentford,20,2004,16.1,26,1.62,21,0,2,1,1,1,2,0.12,2,0,0,0,0,0
Ryan Yates,ENG,MF,Nott'ham Forest,26,1997,21.3,38,1.78,26,1,1,6,2,2,3,0.14,2,0,0,1,0,0
Leny Yoro,FRA,DF,Manchester Utd,18,2005,12.9,9,0.7,6,0,0,2,0,1,0,0.0,0,0,0,0,0,0
Ashley Young,ENG,DF,Everton,39,1985,20.8,47,2.25,34,8,0,1,2,2,6,0.29,4,0,0,1,0,1
Illia Zabarnyi,UKR,DF,Bournemouth,21,2002,34.5,29,0.84,26,1,0,0,0,2,1,0.03,1,0,0,0,0,0
Joshua Zirkzee,NED,"FW,MF",Manchester Utd,23,2001,15.6,31,1.99,28,0,0,2,1,0,3,0.19,1,0,0,1,1,0
Martin Ødegaard,NOR,MF,Arsenal,25,1998,25.8,124,4.8,101,13,3,5,2,0,18,0.7,14,2,1,1,0,0
Rodrigo Abajas,ESP,DF,Valencia,21,2003,0.7,0,0.0,0,0,0,0,0,0,0,0.0,0,0,0,0,0,0
Abel,ESP,DF,Osasuna,23,2000,23.0,39,1.69,29,2,5,0,1,2,4,0.17,2,0,1,0,0,1
Nabil Aberdin,FRA,MF,Getafe,21,2002,2.9,3,1.03,3,0,0,0,0,0,0,0.0,0,0,0,0,0,0
Abdel Abqar,MAR,DF,Alavés,25,1999,27.4,25,0.91,20,0,0,2,1,2,3,0.11,2,0,0,0,1,0
Akor Adams,NGA,FW,Sevilla,24,2000,1.5,0,0.0,0,0,0,0,0,0,0,0.0,0,0,0,0,0,0
Adrián,ESP,GK,Betis,37,1987,19.0,0,0.0,0,0,0,0,0,0,0,0.0,0,0,0,0,0,0
Julen Agirrezabala,ESP,GK,Athletic Club,23,2000,13.4,3,0.22,3,0,0,0,0,0,0,0.0,0,0,0,0,0,0
Lucien Agoume,FRA,MF,Sevilla,22,2002,23.5,60,2.55,57,0,1,1,0,1,5,0.21,4,0,0,1,0,0
Álvaro Aguado,ESP,MF,Espanyol,28,1996,4.9,16,3.25,13,1,1,1,0,0,1,0.2,1,0,0,0,0,0
Lorenzo Aguado,ESP,DF,Real Madrid,21,2002,0.1,0,0.0,0,0,0,0,0,0,0,0.0,0,0,0,0,0,0
Nayef Aguerd,MAR,DF,Real Sociedad,28,1996,19.6,16,0.82,13,1,0,2,0,0,1,0.05,1,0,0,0,0,0
Joseph Aidoo,GHA,DF,Valladolid,28,1995,6.5,1,0.15,1,0,0,0,0,0,0,0.0,0,0,0,0,0,0
Joseph Aidoo,GHA,DF,Celta Vigo,28,1995,0.0,0,0.0,0,0,0,0,0,0,0,0.0,0,0,0,0,0,0
Ilias Akhomach,MAR,"MF,FW",Villarreal,20,2004,6.5,29,4.38,17,0,5,1,6,0,1,0.15,0,0,0,0,1,0
David Alaba,AUT,DF,Real Madrid,32,1992,3.5,2,0.57,2,0,0,0,0,0,0,0.0,0,0,0,0,0,0
Ibrahim Alani,NGA,MF,Valladolid,18,2006,1.8,0,0.0,0,0,0,0,0,0,0,0.0,0,0,0,0,0,0
Raúl Albiol,ESP,DF,Villarreal,38,1985,13.2,5,0.38,4,0,0,1,0,0,3,0.23,3,0,0,0,0,0
Omar Alderete,PAR,DF,Getafe,27,1996,33.0,37,1.12,28,1,1,5,1,1,4,0.12,2,0,0,1,1,0
Carles Aleñá,ESP,"MF,FW",Getafe,26,1998,5.0,8,1.6,7,0,0,0,1,0,0,0.0,0,0,0,0,0,0
Carles Aleñá,ESP,"MF,FW",Alavés,26,1998,12.1,44,3.64,27,7,3,3,4,0,4,0.33,2,1,0,0,1,0
Alfon,ESP,"FW,MF",Celta,Vigo 25,1999,15.2,59,3.87,32,0,12,9,6,0,7,0.46,4,0,0,2,1,0
Tadeo Allende,ARG,FW,Celta Vigo,25,1999,0.0,0,0.0,0,0,0,0,0,0,0,0.0,0,0,0,0,0,0
Iker Almena,ESP,"FW,DF",Girona,20,2004,0.5,3,5.63,2,0,1,0,0,0,2,3.75,1,0,1,0,0,0
Marcos Alonso,ESP,DF,Celta Vigo,33,1990,29.4,46,1.56,38,3,1,3,0,1,6,0.2,6,0,0,0,0,0
Sergi Altimira,ESP,MF,Betis,22,2001,21.9,52,2.37,40,0,3,2,1,6,1,0.05,1,0,0,0,0,0
Hugo Álvarez,ESP,"MF,DF",Celta Vigo,21,2003,17.5,46,2.63,38,0,5,3,0,0,9,0.52,7,0,2,0,0,0
Julián Álvarez,ARG,FW,Atlético Madrid,24,2000,27.9,108,3.87,76,9,9,9,2,3,15,0.54,10,1,0,3,0,1
Yeray Álvarez,ESP,DF,Athletic Club,29,1995,19.8,18,0.91,15,0,0,0,0,3,2,0.1,2,0,0,0,0,0
Selim Amallah,MAR,MF,Valladolid,27,1996,15.3,32,2.09,16,8,6,1,0,1,1,0.07,1,0,0,0,0,0
Amath,SEN,"FW,DF",Valladolid,28,1996,4.2,13,3.11,10,0,2,1,0,0,1,0.24,1,0,0,0,0,0
Marcos André,BRA,FW,Valladolid,27,1996,13.2,19,1.44,15,0,3,0,1,0,1,0.08,1,0,0,0,0,0
Leandro Antonetti,PUR,FW,Sevilla,21,2003,0.3,0,0.0,0,0,0,0,0,0,0,0.0,0,0,0,0,0,0
Antoniu,ESP,"FW,MF",Espanyol,21,2002,11.4,24,2.11,11,0,6,0,5,2,1,0.09,1,0,0,0,0,0
Antony,BRA,FW,Betis,24,2000,15.1,77,5.09,61,4,5,4,3,0,9,0.6,6,0,1,2,0,0
Anuar,MAR,"MF,FW",Valladolid,29,1995,19.1,25,1.31,17,1,2,0,5,0,4,0.21,1,0,2,0,1,0
Aritz Arambarri,ESP,DF,Leganés,26,1998,2.0,1,0.51,1,0,0,0,0,0,0,0.0,0,0,0,0,0,0
Mauro Arambarri,URU,MF,Getafe,28,1995,29.6,54,1.83,34,0,3,6,9,2,3,0.1,1,0,0,2,0,0
Jon Aramburu,VEN,DF,Real Sociedad,22,2002,27.3,33,1.21,26,3,1,0,1,2,2,0.07,2,0,0,0,0,0
Ronald Araújo,URU,DF,Barcelona,25,1999,8.4,12,1.43,11,0,0,1,0,0,2,0.24,1,0,0,1,0,0
Adu Ares,ESP,FW,Athletic Club,22,2001,0.2,1,4.74,1,0,0,0,0,0,0,0.0,0,0,0,0,0,0
Jesús Areso,ESP,DF,Osasuna,25,1999,34.2,73,2.13,55,12,2,1,3,0,9,0.26,7,2,0,0,0,0
David Argüelles,ESP,MF,Getafe,22,2002,0.1,0,0.0,0,0,0,0,0,0,0,0.0,0,0,0,0,0,0
José Arnaiz,ESP,"FW,MF",Osasuna,29,1995,1.5,9,6.04,6,1,0,1,1,0,0,0.0,0,0,0,0,0,0
Sergio Arribas,ESP,DF,Betis,21,2003,1.0,0,0.0,0,0,0,0,0,0,0,0.0,0,0,0,0,0,0
Takuma Asano,JPN,"FW,MF",Mallorca,29,1994,11.7,22,1.88,16,0,2,2,2,0,2,0.17,2,0,0,0,0,0
Raúl Asencio,ESP,DF,Real Madrid,21,2003,18.6,12,0.65,11,0,1,0,0,0,1,0.05,1,0,0,0,0,0
Iago Aspas,ESP,"FW,MF",Celta Vigo,36,1987,19.4,74,3.82,66,1,2,3,2,0,13,0.67,11,0,0,1,1,0
Yaser Asprilla,COL,"FW,MF",Girona,20,2003,15.6,61,3.91,45,7,7,1,1,0,7,0.45,5,2,0,0,0,0
Ezequiel Ávila,ARG,FW,Betis,30,1994,7.5,31,4.12,24,0,1,2,4,0,3,0.4,3,0,0,0,0,0
Adam Aznou,MAR,DF,Valladolid,18,2006,9.7,16,1.64,11,3,2,0,0,0,0,0.0,0,0,0,0,0,0
César Azpilicueta,ESP,DF,Atlético Madrid,34,1989,9.7,8,0.82,5,2,0,0,0,1,1,0.1,1,0,0,0,0,0
Papa Ba,ESP,MF,Girona,19,2004,0.5,2,3.75,1,0,1,0,0,0,0,0.0,0,0,0,0,0,0
Loïc Bade,FRA,DF,Sevilla,24,2000,29.8,23,0.77,20,0,1,2,0,0,2,0.07,2,0,0,0,0,0
Alex Baena,ESP,"MF,FW",Villarreal,23,2001,28.8,169,5.86,108,41,4,11,4,1,21,0.73,17,2,1,0,1,0
Juma Bah,SLE,DF,Valladolid,18,2006,9.6,2,0.21,2,0,0,0,0,0,0,0.0,0,0,0,0,0,0
Eric Bailly,CIV,DF,Villarreal,30,1994,6.9,2,0.29,1,0,0,1,0,0,0,0.0,0,0,0,0,0,0
Stefan Bajcetic,ESP,"MF,DF",Las Palmas,19,2004,10.8,14,1.3,10,0,0,2,2,0,1,0.09,0,0,0,1,0,0
Cédric Bakambu,COD,FW,Betis,33,1991,7.9,11,1.39,9,0,0,1,1,0,3,0.38,2,0,0,0,1,0
Alejandro Balde,ESP,DF,Barcelona,20,2003,25.4,76,2.99,60,3,3,3,7,0,12,0.47,10,0,0,0,2,0
Iván Balliu,ALB,DF,Rayo Vallecano,32,1992,13.3,19,1.43,14,3,0,1,1,0,1,0.08,1,0,0,0,0,0
Jonathan Bamba,CIV,"FW,MF",Celta Vigo,28,1996,9.0,28,3.11,24,0,2,2,0,0,4,0.44,4,0,0,0,0,0
Adrian Baquerin,ESP,FW,Valladolid,17,2007,0.5,1,1.87,1,0,0,0,0,0,0,0.0,0,0,0,0,0,0
Borna Barišić,CRO,DF,Leganés,31,1992,0.1,0,0.0,0,0,0,0,0,0,0,0.0,0,0,0,0,0,0
Kike Barja,ESP,"FW,MF",Osasuna,27,1997,3.5,18,5.14,9,4,3,0,2,0,2,0.57,1,0,0,0,1,0
Enzo Barrenechea,ARG,MF,Valencia,23,2001,24.3,44,1.81,35,1,0,1,3,4,8,0.33,5,1,0,0,1,1
Ander Barrenetxea,ESP,"MF,FW",Real Sociedad,22,2001,14.0,42,2.99,31,1,2,5,1,2,6,0.43,4,0,0,2,0,0
Pablo Barrios,ESP,MF,Atlético Madrid,21,2003,25.9,66,2.55,58,1,1,3,1,2,11,0.43,11,0,0,0,0,0
Thierno Barry,FRA,FW,Villarreal,21,2002,25.8,46,1.78,32,0,3,6,3,2,6,0.23,5,0,1,0,0,0
Marc Bartra,ESP,DF,Betis,33,1991,23.3,13,0.56,10,0,1,2,0,0,3,0.13,1,0,0,2,0,0
Aboubacar Bassinga,CIV,MF,Las Palmas,19,2005,0.0,0,0.0,0,0,0,0,0,0,0,0.0,0,0,0,0,0,0
Augusto Batalla,ARG,GK,Rayo Vallecano,28,1996,32.0,7,0.22,6,1,0,0,0,0,0,0.0,0,0,0,0,0,0
Rafael Bauza,ESP,MF,Espanyol,19,2005,2.0,1,0.49,0,0,1,0,0,0,0,0.0,0,0,0,0,0,0
Sheraldo Becker,SUR,"FW,MF",Real Sociedad,29,1995,11.1,21,1.9,17,0,2,1,1,0,1,0.09,1,0,0,0,0,0
Luken Beitia,ESP,DF,Real Sociedad,20,2004,0.1,0,0.0,0,0,0,0,0,0,0,0.0,0,0,0,0,0,0
Ismael Bekhoucha,MAR,"MF,DF",Getafe,19,2004,0.8,1,1.3,1,0,0,0,0,0,0,0.0,0,0,0,0,0,0
Héctor Bellerín,ESP,DF,Betis,29,1995,6.4,12,1.86,11,0,1,0,0,0,2,0.31,2,0,0,0,0,0
Jude Bellingham,ENG,MF,Real Madrid,21,2003,27.6,105,3.8,85,1,5,8,3,3,13,0.47,11,0,0,1,1,0
Fran Beltrán,ESP,MF,Celta Vigo,25,1999,26.9,43,1.6,38,0,1,4,0,0,4,0.15,4,0,0,0,0,0
Carlos Benavídez,URU,MF,Alavés,26,1998,5.4,11,2.04,9,0,1,0,0,1,3,0.56,3,0,0,0,0,0
Iker Benito,ESP,"FW,MF",Osasuna,21,2002,0.4,1,2.43,1,0,0,0,0,0,0,0.0,0,0,0,0,0,0
Yuri Berchiche,ESP,DF,Athletic Club,34,1990,22.7,40,1.76,33,3,0,1,1,2,2,0.09,2,0,0,0,0,0
Álex Berenguer,ESP,"FW,MF",Athletic Club,29,1995,26.0,98,3.77,64,19,9,2,2,2,14,0.54,6,4,2,1,1,0
Marc Bernal,ESP,MF,Barcelona,17,2007,2.7,1,0.37,0,1,0,0,0,0,0,0.0,0,0,0,0,0,0
Juan Bernat,ESP,"MF,DF",Getafe,31,1993,7.8,10,1.29,10,0,0,0,0,0,1,0.13,1,0,0,0,0,0
Juan Berrocal,ESP,DF,Getafe,25,1999,11.8,6,0.51,4,1,0,0,0,1,1,0.08,1,0,0,0,0,0
Antonio Blanco,ESP,MF,Alavés,24,2000,30.3,45,1.49,38,3,0,1,1,2,1,0.03,1,0,0,0,0,0
Daley Blind,NED,DF,Girona,34,1990,30.9,47,1.52,43,2,0,0,0,2,7,0.23,6,0,0,0,0,1
Enzo Boyomo,CMR,DF,Osasuna,22,2001,33.2,13,0.39,12,0,0,1,0,0,1,0.03,1,0,0,0,0,0
Enzo Boyomo,CMR,DF,Valladolid,22,2001,3.0,1,0.33,1,0,0,0,0,0,0,0.0,0,0,0,0,0,0
Darko Brašanac,SRB,MF,Leganés,32,1992,18.0,34,1.89,28,0,1,3,2,0,2,0.11,2,0,0,0,0,0
Tajon Buchanan,CAN,MF,Villarreal,25,1999,4.6,13,2.8,9,1,1,1,1,0,2,0.43,2,0,0,0,0,0
Ante Budimir,CRO,FW,Osasuna,33,1991,32.8,46,1.4,25,0,3,9,9,0,14,0.43,3,0,1,2,8,0
Manu Bueno,ESP,"MF,FW",Sevilla,20,2004,1.6,1,0.64,1,0,0,0,0,0,0,0.0,0,0,0,0,0,0
Endika Buján,ESP,FW,Athletic Club,21,2003,0.1,0,0.0,0,0,0,0,0,0,0,0.0,0,0,0,0,0,0
Pau Cabanes,ESP,"MF,FW",Villarreal,19,2005,1.8,12,6.63,8,0,1,0,3,0,2,1.1,1,0,0,0,1,0
Pau Cabanes,ESP,"MF,FW",Alavés,19,2005,2.1,6,2.87,4,0,1,0,1,0,0,0.0,0,0,0,0,0,0
Leandro Cabrera,URU,DF,Espanyol,33,1991,31.9,21,0.66,17,0,0,2,1,1,7,0.22,4,0,0,2,1,0
Eduardo Camavinga,FRA,"MF,DF",Real Madrid,21,2002,12.2,31,2.54,25,1,2,0,3,0,2,0.16,2,0,0,0,0,0
Sergio Camello,ESP,FW,Rayo Vallecano,23,2001,12.6,38,3.02,27,0,7,2,1,1,5,0.4,2,0,2,0,0,1
José Campaña,ESP,MF,Las Palmas,31,1993,13.2,39,2.95,34,5,0,0,0,0,4,0.3,4,0,0,0,0,0
Peio Canales,ESP,"MF,FW",Athletic Club,19,2005,2.9,10,3.47,5,4,0,0,0,1,0,0.0,0,0,0,0,0,0
Antonio Candela,ITA,DF,Valladolid,24,2000,10.1,8,0.79,7,1,0,0,0,0,0,0.0,0,0,0,0,0,0
Sergi Canós,ESP,"MF,FW",Valencia,27,1997,4.1,19,4.6,13,1,0,4,1,0,1,0.24,1,0,0,0,0,0
Dani Cárdenas,ESP,GK,Rayo Vallecano,27,1997,6.0,1,0.17,0,1,0,0,0,0,0,0.0,0,0,0,0,0,0
Irvin Cardona,FRA,"FW,MF",Espanyol,26,1997,6.7,20,2.97,16,1,0,2,1,0,3,0.45,2,0,0,1,0,0
Marc Cardona,ESP,"FW,DF",Las Palmas,29,1995,1.5,4,2.73,2,0,0,2,0,0,0,0.0,0,0,0,0,0,0
Sergi Cardona,ESP,DF,Villarreal,25,1999,32.7,79,2.41,71,3,1,4,0,0,13,0.4,13,0,0,0,0,0
Johnny Cardoso,USA,MF,Betis,22,2001,23.8,35,1.47,29,0,5,0,0,1,1,0.04,1,0,0,0,0,0
José Carlos González,ESP,DF,Las Palmas,18,2006,0.1,0,0.0,0,0,0,0,0,0,0,0.0,0,0,0,0,0,0
Carmona,ESP,DF,Sevilla,22,2002,32.7,54,1.65,38,6,3,2,3,2,1,0.03,1,0,0,0,0,0
Sergio Carreira,ESP,"MF,DF",Celta Vigo,23,2000,18.4,36,1.96,32,1,3,0,0,0,4,0.22,4,0,0,0,0,0
Dani Carvajal,ESP,DF,Real Madrid,32,1992,6.8,12,1.77,10,2,0,0,0,0,2,0.3,1,1,0,0,0,0
William Carvalho,POR,MF,Betis,32,1992,5.4,14,2.6,14,0,0,0,0,0,0,0.0,0,0,0,0,0,0
Marc Casado,ESP,MF,Barcelona,20,2003,17.9,45,2.51,40,0,0,1,2,2,6,0.34,6,0,0,0,0,0
Catena,ESP,DF,Osasuna,29,1994,34.2,29,0.85,23,3,0,1,2,0,6,0.18,4,0,0,1,1,0
Maximiliano Caufriez,BEL,DF,Valencia,27,1997,1.0,0,0.0,0,0,0,0,0,0,0,0.0,0,0,0,0,0,0
Dani Ceballos,ESP,MF,Real Madrid,27,1996,13.5,57,4.22,50,5,1,0,1,0,5,0.37,4,1,0,0,0,0
Franco Cervi,ARG,"FW,MF",Celta Vigo,30,1994,3.0,5,1.65,5,0,0,0,0,0,0,0.0,0,0,0,0,0,0
Raúl Chasco,ESP,DF,Valladolid,20,2003,1.4,2,1.38,2,0,0,0,0,0,1,0.69,1,0,0,0,0,0
Walid Cheddira,MAR,FW,Espanyol,26,1998,7.1,20,2.81,10,0,2,4,4,0,5,0.7,1,0,1,1,2,0
Chema,ESP,MF,Real,Madrid 19,2005,0.1,0,0.0,0,0,0,0,0,0,0,0.0,0,0,0,0,0,0
Julián Chicco,ARG,"MF,DF",Leganés,26,1998,3.4,5,1.49,3,0,1,1,0,0,1,0.3,1,0,0,0,0,0
Chiquinho,POR,"MF,FW",Mallorca,24,2000,1.6,7,4.29,0,2,3,1,1,0,1,0.61,0,1,0,0,0,0
Andreas Christensen,DEN,DF,Barcelona,28,1996,2.8,1,0.35,1,0,0,0,0,0,0,0.0,0,0,0,0,0,0
Jasper Cillessen,NED,GK,Las Palmas,35,1989,25.9,1,0.04,1,0,0,0,0,0,0,0.0,0,0,0,0,0,0
Pathé Ciss,SEN,"MF,DF",Rayo Vallecano,30,1994,23.8,47,1.98,35,3,2,2,2,3,2,0.08,1,0,0,1,0,0
Seydouba Cissé,GUI,MF,Leganés,23,2001,27.1,47,1.74,38,1,1,2,5,0,5,0.18,3,0,0,0,2,0
Silvi Clúa,ESP,MF,Girona,19,2005,1.8,2,1.1,1,0,0,0,0,1,0,0.0,0,0,0,0,0,0
Santi Comesaña,ESP,MF,Villarreal,27,1996,28.4,78,2.74,69,2,1,2,0,4,11,0.39,9,0,0,1,0,1
Diego Conde,ESP,GK,Villarreal,25,1998,21.8,3,0.14,1,2,0,0,0,0,1,0.05,1,0,0,0,0,0
Tomás Conechny,ARG,"FW,MF",Alavés,26,1998,9.4,14,1.48,13,0,0,1,0,0,0,0.0,0,0,0,0,0,0
Copete,ESP,DF,Mallorca,24,1999,17.0,10,0.59,9,1,0,0,0,0,1,0.06,1,0,0,0,0,0
Iker Córdoba,ESP,DF,Valencia,18,2005,0.2,1,6.43,1,0,0,0,0,0,0,0.0,0,0,0,0,0,0
Ángel Correa,ARG,"FW,MF",Atlético Madrid,29,1995,8.9,35,3.92,21,1,4,4,3,2,5,0.56,3,0,2,0,0,0
Thierry Correia,POR,DF,Valencia,25,1999,8.5,16,1.87,12,1,2,0,1,0,0,0.0,0,0,0,0,0,0
Logan Costa,CPV,DF,Villarreal,23,2001,28.7,22,0.76,20,0,0,1,1,0,2,0.07,1,0,0,0,1,0
Samu Costa,POR,MF,Mallorca,23,2000,29.4,56,1.9,41,1,3,6,4,1,6,0.2,4,1,0,1,0,0
Thibaut Courtois,BEL,GK,Real Madrid,32,1992,30.0,4,0.13,3,1,0,0,0,0,0,0.0,0,0,0,0,0,0
Juan Cruz,ESP,"FW,MF",Leganés,24,2000,25.1,51,2.03,34,6,2,5,2,2,6,0.24,6,0,0,0,0,0
Pau Cubarsí,ESP,DF,Barcelona,17,2007,29.1,35,1.2,34,0,0,1,0,0,6,0.21,5,0,0,1,0,0
Cucho,COL,FW,Betis,25,1999,12.7,46,3.64,32,0,5,5,3,1,8,0.63,5,0,1,0,2,0
Arnaut Danjuma,NED,FW,Villarreal,27,1997,2.2,2,0.9,2,0,0,0,0,0,0,0.0,0,0,0,0,0,0
Arnaut Danjuma,NED,"FW,MF",Girona,27,1997,14.8,40,2.7,26,6,5,2,1,0,0,0.0,0,0,0,0,0,0
Sergi Darder,ESP,"MF,FW",Mallorca,30,1993,30.5,96,3.15,46,44,2,4,0,0,7,0.23,5,2,0,0,0,0
Rodrigo De Paul,ARG,MF,Atlético Madrid,30,1994,23.4,90,3.84,77,6,1,3,2,1,13,0.56,12,0,0,0,1,0
Mouctar Diakhaby,GUI,DF,Valencia,27,1996,7.3,4,0.55,2,0,0,2,0,0,1,0.14,1,0,0,0,0,0
Assane Diao,SEN,FW,Betis,18,2005,3.1,7,2.28,6,0,0,1,0,0,2,0.65,2,0,0,0,0,0
Moussa Diarra,MLI,DF,Alavés,23,2000,20.7,18,0.87,14,0,0,0,4,0,4,0.19,2,0,0,0,2,0
Brahim Díaz,MAR,"FW,MF",Real Madrid,24,1999,15.4,56,3.64,43,0,6,5,1,1,12,0.78,7,0,1,3,0,1
Daniel Díaz,ESP,MF,Real Sociedad,18,2006,0.1,0,0.0,0,0,0,0,0,0,0,0.0,0,0,0,0,0,0
Pedro Díaz,ESP,MF,Rayo Vallecano,26,1998,13.5,50,3.72,33,7,5,5,0,0,5,0.37,1,0,2,2,0,0
Diego,ESP,FW,Leganés,24,2000,13.3,12,0.9,7,0,0,2,3,0,1,0.08,0,0,0,0,1,0
Stole Dimitrievski,MKD,GK,Valencia,30,1993,4.0,0,0.0,0,0,0,0,0,0,0,0.0,0,0,0,0,0,0
Yan Diomandé,CIV,"MF,FW",Leganés,17,2006,6.1,37,6.11,25,0,8,2,1,1,5,0.83,2,0,3,0,0,0
Álvaro djaló,ESP,FW,Athletic Club,24,1999,7.3,12,1.64,5,0,1,1,5,0,1,0.14,0,0,0,0,1,0
Marko Dmitrović,SRB,GK,Leganés,32,1992,32.0,6,0.19,3,3,0,0,0,0,0,0.0,0,0,0,0,0,0
Marc Domenech,ESP,"FW,MF",Mallorca,18,2006,3.4,7,2.09,5,0,0,2,0,0,0,0.0,0,0,0,0,0,0
Carlos Dominguez,ESP,DF,Celta Vigo,23,2001,13.1,6,0.46,6,0,0,0,0,0,0,0.0,0,0,0,0,0,0
Israel Domínguez,ESP,FW,Sevilla,21,2003,0.2,0,0.0,0,0,0,0,0,0,0,0.0,0,0,0,0,0,0
Sergi Dominguez,ESP,DF,Barcelona,19,2005,1.9,0,0.0,0,0,0,0,0,0,0,0.0,0,0,0,0,0,0
Anastasios Douvikas,GRE,FW,Celta Vigo,24,1999,7.8,11,1.41,5,0,2,1,3,0,1,0.13,1,0,0,0,0,0
Domingos Duarte,POR,DF,Getafe,29,1995,20.7,9,0.44,9,0,0,0,0,0,0,0.0,0,0,0,0,0,0
Duk,CPV,"MF,FW",Leganés,24,2000,2.0,7,3.54,5,0,1,1,0,0,1,0.51,0,0,0,1,0,0
Pablo Durán,ESP,"FW,MF",Celta Vigo,23,2001,15.5,30,1.94,22,0,2,4,2,0,4,0.26,3,0,0,1,0,0
Hugo Duro,ESP,FW,Valencia,24,1999,24.1,29,1.2,19,0,1,4,5,0,5,0.21,1,0,0,1,3,0
Chidera Ejuke,NGA,FW,Sevilla,26,1998,10.7,45,4.19,28,5,9,0,3,0,2,0.19,2,0,0,0,0,0
Aritz Elustondo,ESP,DF,Real Sociedad,30,1994,16.2,11,0.68,11,0,0,0,0,0,1,0.06,1,0,0,0,0,0
Adri Embarba,ESP,"FW,MF",Rayo Vallecano,32,1992,17.9,46,2.58,28,10,1,1,6,0,2,0.11,2,0,0,0,0,0
Endrick,BRA,FW,Real,Madrid 18,2006,4.0,8,1.96,6,0,1,0,1,0,2,0.49,0,0,1,0,1,0
Alfonso Espino,URU,DF,Rayo Vallecano,32,1992,9.3,13,1.4,8,4,1,0,0,0,1,0.11,1,0,0,0,0,0
Dario Essugo,POR,MF,Las Palmas,19,2005,21.5,36,1.67,25,0,3,3,3,2,1,0.05,1,0,0,0,0,0
Etienne Eto'o,CMR,FW,Rayo Vallecano,21,2002,0.4,0,0.0,0,0,0,0,0,0,0,0.0,0,0,0,0,0,0
Karl Etta,CMR,"MF,FW",Villarreal,20,2003,0.4,1,2.43,0,0,0,0,1,0,0,0.0,0,0,0,0,0,0
Edu Expósito,ESP,MF,Espanyol,27,1996,11.6,44,3.79,22,15,2,2,3,0,2,0.17,0,2,0,0,0,0
Abde Ezzalzouli,MAR,"FW,MF",Betis,22,2001,22.0,66,2.99,43,0,10,8,4,1,7,0.32,4,0,0,2,1,0
Ansu Fati,ESP,FW,Barcelona,21,2002,2.6,11,4.25,9,0,0,2,0,0,0,0.0,0,0,0,0,0,0
Nabil Fekir,FRA,MF,Betis,31,1993,2.0,12,6.0,9,2,0,0,0,1,1,0.5,0,1,0,0,0,0
Kiko Femenía,ESP,DF,Villarreal,33,1991,24.7,43,1.74,35,3,2,0,0,3,5,0.2,5,0,0,0,0,0
Aitor Fernández,ESP,GK,Osasuna,33,1991,1.0,0,0.0,0,0,0,0,0,0,0,0.0,0,0,0,0,0,0
Álvaro Fernández,ESP,GK,Sevilla,26,1998,8.3,3,0.36,3,0,0,0,0,0,0,0.0,0,0,0,0,0,0
Pelayo Fernandez,ESP,DF,Rayo Vallecano,21,2003,1.1,0,0.0,0,0,0,0,0,0,0,0.0,0,0,0,0,0,0
Roberto Férnandez,ESP,FW,Espanyol,22,2002,16.6,28,1.68,18,0,3,2,4,1,3,0.18,0,0,0,0,2,1
Valery Fernández,ESP,"MF,FW",Mallorca,24,1999,3.4,5,1.45,4,0,0,0,0,1,3,0.87,2,0,0,0,0,1
André Ferreira,POR,GK,Valladolid,28,1996,6.0,1,0.17,0,1,0,0,0,0,0,0.0,0,0,0,0,0,0
Mateo Flores,ESP,MF,Betis,20,2004,1.7,2,1.18,2,0,0,0,0,0,0,0.0,0,0,0,0,0,0
Pablo Fornals,ESP,"MF,FW",Betis,28,1996,20.3,88,4.33,78,5,2,3,0,0,9,0.44,9,0,0,0,0,0
Héctor Fort,ESP,DF,Barcelona,17,2006,6.5,16,2.46,15,1,0,0,0,0,1,0.15,1,0,0,0,0,0
Dimitri Foulquier,FRA,DF,Valencia,31,1993,25.5,36,1.41,26,4,1,3,0,2,4,0.16,3,0,0,1,0,0
Juan Foyth,ARG,DF,Villarreal,26,1998,16.9,20,1.19,19,0,0,1,0,0,1,0.06,1,0,0,0,0,0
Fran,ESP,GK,Real,Madrid 19,2005,1.0,0,0.0,0,0,0,0,0,0,0,0.0,0,0,0,0,0,0
Alejandro Francés,ESP,DF,Girona,21,2002,13.0,16,1.23,15,0,0,1,0,0,1,0.08,1,0,0,0,0,0
Jorge de Frutos,ESP,"FW,MF",Rayo Vallecano,27,1997,27.7,62,2.24,48,0,6,2,4,2,10,0.36,5,0,3,0,1,1
Darío Fuentes,ESP,DF,Sevilla,21,2003,0.1,0,0.0,0,0,0,0,0,0,0,0.0,0,0,0,0,0,0
Manuel Fuster,ESP,"FW,MF",Las Palmas,26,1997,11.1,56,5.02,44,8,1,1,1,1,6,0.54,5,0,0,0,0,1
Javi Galán,ESP,DF,Atlético Madrid,29,1994,19.8,33,1.66,30,1,1,0,1,0,6,0.3,6,0,0,0,0,0
Conor Gallagher,ENG,MF,Atlético Madrid,24,2000,18.1,32,1.76,24,0,4,0,3,1,8,0.44,5,0,1,0,1,1
Facundo Garcés,MAS,DF,Alavés,24,1999,7.5,3,0.4,1,0,0,2,0,0,0,0.0,0,0,0,0,0,0
Álvaro García,ESP,"FW,MF",Rayo Vallecano,31,1992,28.4,104,3.66,82,0,2,13,5,2,7,0.25,6,0,0,1,0,0
Fran Garcia,ESP,DF,Real Madrid,24,1999,24.1,56,2.32,50,0,1,3,0,2,3,0.12,3,0,0,0,0,0
Gonzalo García,ESP,"FW,DF",Real Madrid,20,2004,0.6,2,3.21,2,0,0,0,0,0,1,1.61,1,0,0,0,0,0
Joan García,ESP,GK,Espanyol,23,2001,38.0,9,0.24,5,4,0,0,0,0,1,0.03,0,1,0,0,0,0
Pablo Garcia,ESP,FW,Betis,17,2006,0.4,2,4.62,1,0,1,0,0,0,0,0.0,0,0,0,0,0,0
Rubén García,ESP,"FW,MF",Osasuna,31,1993,26.8,104,3.88,62,32,2,4,4,0,12,0.45,8,1,0,1,2,0
Unai García,ESP,DF,Osasuna,32,1992,0.7,0,0.0,0,0,0,0,0,0,0,0.0,0,0,0,0,0,0
Yarek Gasiorowski,ESP,DF,Valencia,19,2005,10.5,7,0.67,5,1,0,0,1,0,0,0.0,0,0,0,0,0,0
Gavi,ESP,"MF,FW",Barcelona,19,2004,12.1,39,3.24,37,0,1,1,0,0,4,0.33,4,0,0,0,0,0
Paulo Gazzaniga,ARG,GK,Girona,32,1992,35.5,1,0.03,1,0,0,0,0,0,0,0.0,0,0,0,0,0,0
Bryan Gil,ESP,"FW,MF",Girona,23,2001,19.1,56,2.93,39,3,8,1,4,1,5,0.26,5,0,0,0,0,0
Dani Gómez,ESP,FW,Valencia,26,1998,5.9,6,1.02,4,0,0,1,0,1,0,0.0,0,0,0,0,0,0
Moi Gómez,ESP,"MF,FW",Osasuna,30,1994,8.8,19,2.15,16,3,0,0,0,0,0,0.0,0,0,0,0,0,0
Sergi Gómez,ESP,DF,Espanyol,32,1992,7.4,4,0.54,4,0,0,0,0,0,0,0.0,0,0,0,0,0,0
Sergio Gómez,ESP,"MF,DF",Real Sociedad,23,2000,30.4,102,3.35,51,44,1,3,2,1,10,0.33,7,3,0,0,0,0
Unai Gómez,ESP,"MF,FW",Athletic Club,21,2003,14.3,23,1.61,15,4,1,2,1,0,3,0.21,2,0,0,1,0,0
Fabio González,ESP,MF,Las Palmas,27,1997,0.6,2,3.4,2,0,0,0,0,0,1,1.7,1,0,0,0,0,0
Peter González,DOM,"MF,FW",Getafe,22,2002,5.3,13,2.44,7,1,0,3,1,1,1,0.19,1,0,0,0,0,0
Urko González,ESP,MF,Espanyol,23,2001,15.3,23,1.51,19,0,2,1,1,0,5,0.33,5,0,0,0,0,0
Urko González,ESP,MF,Real Sociedad,23,2001,0.5,1,2.0,1,0,0,0,0,0,0,0.0,0,0,0,0,0,0
Andoni Gorosabel,ESP,DF,Athletic Club,27,1996,16.5,32,1.94,29,2,1,0,0,0,2,0.12,2,0,0,0,0,0
José Gragera,ESP,MF,Espanyol,23,2000,6.3,7,1.11,4,0,0,0,1,2,0,0.0,0,0,0,0,0,0
Dominik Greif,SVK,GK,Mallorca,27,1997,31.0,5,0.16,3,2,0,0,0,0,0,0.0,0,0,0,0,0,0
Antoine Griezmann,FRA,"FW,MF",Atlético Madrid,33,1991,27.4,93,3.39,69,15,0,6,2,1,13,0.47,12,0,0,1,0,0
Florian Grillitsch,AUT,MF,Valladolid,28,1995,6.9,22,3.17,19,0,1,0,2,0,1,0.14,1,0,0,0,0,0
Vicente Guaita,ESP,GK,Celta Vigo,37,1987,34.0,3,0.09,1,2,0,0,0,0,1,0.03,1,0,0,0,0,0
Sergi Guardiola,ESP,FW,Rayo Vallecano,33,1991,4.0,9,2.24,9,0,0,0,0,0,0,0.0,0,0,0,0,0,0
Nemanja Gudelj,SRB,"MF,DF",Sevilla,32,1991,27.7,34,1.23,19,11,1,0,1,2,2,0.07,0,2,0,0,0,0
Javier Guerra,ESP,MF,Valencia,21,2003,28.7,74,2.58,56,5,5,4,3,1,6,0.21,4,0,0,2,0,0
Ander Guevara,ESP,MF,Alavés,27,1997,21.6,41,1.89,39,1,1,0,0,0,5,0.23,5,0,0,0,0,0
Pape Gueye,SEN,MF,Villarreal,25,1999,24.7,49,1.98,41,2,0,3,1,2,9,0.36,7,1,0,1,0,0
Hugo Guillamón,ESP,MF,Valencia,24,2000,4.0,7,1.73,6,0,1,0,0,0,1,0.25,1,0,0,0,0,0
Carlos Guirao,ESP,MF,Betis,21,2003,1.2,0,0.0,0,0,0,0,0,0,0,0.0,0,0,0,0,0,0
Arda Güler,TUR,"MF,FW",Real Madrid,19,2005,13.9,79,5.69,52,13,8,4,1,1,11,0.79,4,3,1,2,1,0
Gerard Gumbau,ESP,MF,Rayo Vallecano,29,1994,9.4,29,3.07,19,9,1,0,0,0,1,0.11,1,0,0,0,0,0
Jon Guridi,ESP,"MF,FW",Alavés,29,1995,23.1,48,2.08,35,3,3,4,1,2,8,0.35,5,0,2,1,0,0
Gorka Guruzeta,ESP,FW,Athletic Club,27,1996,20.4,29,1.42,23,1,0,4,0,1,1,0.05,1,0,0,0,0,0
Sébastien Haller,CIV,FW,Leganés,30,1994,4.5,4,0.89,3,0,1,0,0,0,0,0.0,0,0,0,0,0,0
Henrique,BRA,DF,Valladolid,30,1994,3.9,6,1.53,5,0,0,0,1,0,0,0.0,0,0,0,0,0,0
Javi Hernández,ESP,DF,Leganés,26,1998,26.5,41,1.54,31,6,0,1,2,1,3,0.11,1,0,0,1,1,0
Aridane Hernández,ESP,DF,Rayo Vallecano,35,1989,11.4,9,0.79,7,2,0,0,0,0,0,0.0,0,0,0,0,0,0
Jorge Herrando,ESP,DF,Osasuna,23,2001,15.2,13,0.86,10,0,0,3,0,0,0,0.0,0,0,0,0,0,0
Ander Herrera,ESP,MF,Athletic Club,34,1989,3.0,11,3.64,10,0,0,1,0,0,0,0.0,0,0,0,0,0,0
Sergio Herrera,ESP,GK,Osasuna,31,1993,37.0,6,0.16,4,2,0,0,0,0,0,0.0,0,0,0,0,0,0
Yangel Herrera,VEN,MF,Girona,26,1998,25.1,50,1.99,38,2,1,3,4,2,6,0.24,6,0,0,0,0,0
Juan Herzog,ESP,DF,Las Palmas,21,2003,14.6,3,0.21,2,1,0,0,0,0,0,0.0,0,0,0,0,0,0
Roger Hinojo,ESP,DF,Espanyol,19,2005,0.1,0,0.0,0,0,0,0,0,0,0,0.0,0,0,0,0,0,0
Dinko Horkaš,CRO,GK,Las Palmas,25,1999,12.1,2,0.17,1,1,0,0,0,0,0,0.0,0,0,0,0,0,0
Pablo Ibáñez,ESP,MF,Osasuna,25,1998,14.4,20,1.39,14,0,1,1,3,1,4,0.28,3,0,0,0,1,0
Stanis Idumbo,BEL,"FW,MF",Sevilla,19,2005,3.2,7,2.21,7,0,0,0,0,0,1,0.32,1,0,0,0,0,0
Iglesias,ESP,DF,Getafe,26,1998,32.1,59,1.84,30,16,4,3,5,1,5,0.16,2,1,0,1,0,1
Borja Iglesias,ESP,FW,Celta Vigo,31,1993,21.7,36,1.66,25,1,0,5,5,0,7,0.32,3,0,0,1,3,0
Kelechi Iheanacho,NGA,FW,Sevilla,27,1996,4.4,12,2.7,8,0,1,3,0,0,0,0.0,0,0,0,0,0,0
Isco,ESP,MF,Betis,32,1992,17.2,111,6.46,75,24,3,4,3,2,14,0.81,10,4,0,0,0,0
Diego Iturralde,ESP,FW,Sevilla,21,2003,0.4,0,0.0,0,0,0,0,0,0,0,0.0,0,0,0,0,0,0
Adnan Januzaj,BEL,"MF,FW",Las Palmas,29,1995,6.6,37,5.57,20,9,0,3,5,0,5,0.75,2,0,0,2,1,0
Mikel Jauregizar,ESP,MF,Athletic Club,20,2003,24.9,73,2.93,55,6,1,4,3,4,9,0.36,7,0,0,0,2,0
John Joe,IRL,"MF,FW",Getafe,20,2003,0.5,0,0.0,0,0,0,0,0,0,0,0.0,0,0,0,0,0,0
Jofre,ESP,"MF,FW",Espanyol,23,2001,24.1,56,2.33,38,0,6,5,7,0,5,0.21,4,0,0,0,1,0
Joan Jordán,ESP,MF,Alavés,30,1994,15.7,55,3.5,32,20,0,1,2,0,3,0.19,2,1,0,0,0,0
Juanmi,ESP,"FW,MF",Getafe,31,1993,7.7,9,1.16,7,0,1,0,0,1,1,0.13,1,0,0,0,0,0
Juanmi,ESP,"FW,MF",Betis,31,1993,2.7,5,1.84,3,0,1,0,1,0,0,0.0,0,0,0,0,0,0
Juanpe,ESP,DF,Girona,33,1991,8.1,3,0.37,2,0,0,1,0,0,0,0.0,0,0,0,0,0,0
Vinicius Júnior,BRA,FW,Real Madrid,24,2000,25.0,135,5.39,80,1,29,11,11,3,18,0.72,11,0,5,0,2,0
Stanko Jurić,CRO,MF,Valladolid,27,1996,19.2,9,0.47,7,0,0,1,0,1,2,0.1,2,0,0,0,0,0
Willy Kambwala,FRA,DF,Villarreal,19,2004,12.4,5,0.4,3,0,0,2,0,0,0,0.0,0,0,0,0,0,0
Abdoulaye Keita,ESP,"FW,MF",Getafe,21,2002,1.1,1,0.95,1,0,0,0,0,0,0,0.0,0,0,0,0,0,0
Kenedy,BRA,"MF,FW",Valladolid,28,1996,0.1,0,0.0,0,0,0,0,0,0,0,0.0,0,0,0,0,0,0
Kiké,ESP,FW,Alavés,34,1989,28.2,38,1.35,30,0,0,2,6,0,4,0.14,3,0,0,0,1,0
Koke,ESP,MF,Atlético,Madrid 32,1992,21.4,51,2.38,48,2,0,0,0,1,5,0.23,5,0,0,0,0,0
Jules Koundé,FRA,DF,Barcelona,25,1998,28.9,59,2.04,55,0,2,2,0,0,7,0.24,6,0,0,1,0,0
Alex Král,CZE,MF,Espanyol,26,1998,30.2,42,1.39,31,1,2,2,4,2,1,0.03,1,0,0,0,0,0
Ladislav Krejčí,CZE,DF,Girona,25,1999,27.1,29,1.07,25,1,0,2,1,0,4,0.15,2,0,0,1,1,0
Takefusa Kubo,JPN,"MF,FW",Real Sociedad,23,2001,26.4,114,4.33,72,11,16,2,9,4,8,0.3,2,0,5,0,1,0
Marash Kumbulla,ALB,DF,Espanyol,24,2000,33.0,16,0.48,11,0,1,3,1,0,2,0.06,1,0,1,0,0,0
Yoel Lago,ESP,DF,Celta Vigo,20,2004,6.5,2,0.31,2,0,0,0,0,0,1,0.15,1,0,0,0,0,0
Cyle Larin,CAN,FW,Mallorca,29,1995,19.6,21,1.07,13,0,0,4,4,0,3,0.15,1,0,0,1,1,0
Juanmi Latasa,ESP,FW,Valladolid,23,2001,15.5,30,1.93,21,0,1,5,2,1,0,0.0,0,0,0,0,0,0
Toni Lato,ESP,DF,Mallorca,26,1997,6.9,14,2.03,11,1,0,0,1,1,1,0.15,1,0,0,0,0,0
Robin Le Normand,ESP,DF,Atlético Madrid,27,1996,23.9,7,0.29,4,0,0,3,0,0,1,0.04,0,0,0,1,0,0
Florian Lejeune,FRA,DF,Rayo Vallecano,33,1991,36.9,37,1.0,27,1,1,8,0,0,4,0.11,3,0,0,1,0,0
Iñigo Lekue,ESP,DF,Athletic Club,31,1993,8.6,16,1.86,11,3,0,1,0,1,1,0.12,0,0,0,1,0,0
Thomas Lemar,FRA,MF,Atlético Madrid,28,1995,0.9,4,4.24,3,1,0,0,0,0,0,0.0,0,0,0,0,0,0
Clément Lenglet,FRA,DF,Atlético Madrid,29,1995,21.9,17,0.78,16,0,1,0,0,0,2,0.09,2,0,0,0,0,0
Robert Lewandowski,POL,FW,Barcelona,35,1988,29.6,50,1.69,33,0,4,8,5,0,3,0.1,2,0,0,1,0,0
Samuel Lino,BRA,"MF,DF",Atlético Madrid,24,1999,17.2,49,2.84,39,0,3,4,3,0,6,0.35,4,0,0,1,1,0
Javier Llabrés,ESP,FW,Mallorca,21,2002,0.6,3,4.74,2,0,0,1,0,0,0,0.0,0,0,0,0,0,0
Diego Llorente,ESP,DF,Betis,30,1993,28.0,15,0.54,12,0,0,1,1,1,2,0.07,1,0,0,0,0,1
Enzo Loiodice,FRA,MF,Las Palmas,23,2000,7.6,13,1.71,7,4,1,0,1,0,0,0.0,0,0,0,0,0,0
David López,ESP,DF,Mallorca,21,2003,1.9,0,0.0,0,0,0,0,0,0,0,0.0,0,0,0,0,0,0
David López,ESP,DF,Girona,34,1989,27.0,24,0.89,20,0,0,4,0,0,3,0.11,1,0,0,2,0,0
Diego López,ESP,"MF,FW",Valencia,22,2002,30.4,69,2.27,60,1,3,2,3,0,9,0.3,7,0,1,0,1,0
Fermin López,ESP,"MF,FW",Barcelona,21,2003,13.9,57,4.1,39,5,6,4,1,2,7,0.5,7,0,0,0,0,0
Javi López,ESP,DF,Real Sociedad,22,2002,21.5,20,0.93,16,1,1,0,2,0,2,0.09,1,0,0,0,1,0
Pau López,ESP,GK,Girona,29,1994,0.5,1,2.0,1,0,0,0,0,0,0,0.0,0,0,0,0,0,0
Roberto López,ESP,MF,Leganés,24,2000,4.4,15,3.41,8,5,1,0,0,1,1,0.23,0,1,0,0,0,0
Unai López,ESP,MF,Rayo Vallecano,28,1995,19.0,53,2.79,43,5,2,1,1,1,2,0.11,1,1,0,0,0,0
Iker Losada,ESP,"FW,MF",Celta Vigo,22,2001,4.0,8,2.02,8,0,0,0,0,0,0,0.0,0,0,0,0,0,0
Iker Losada,ESP,"MF,FW",Betis,22,2001,3.7,8,2.14,7,0,0,1,0,0,0,0.0,0,0,0,0,0,0
Pol Lozano,ESP,MF,Espanyol,24,1999,21.6,40,1.84,32,6,0,0,0,2,2,0.09,2,0,0,0,0,0
Dodi Lukebakio,BEL,FW,Sevilla,26,1997,34.4,119,3.46,65,18,21,5,8,2,9,0.26,6,0,2,0,1,0
Daniel Luna,COL,MF,Mallorca,21,2003,0.2,1,4.5,1,0,0,0,0,0,0,0.0,0,0,0,0,0,0
Andriy Lunin,UKR,GK,Real Madrid,25,1999,7.0,1,0.14,1,0,0,0,0,0,1,0.14,1,0,0,0,0,0
Darwin Machís,VEN,"MF,FW",Valladolid,31,1993,7.1,15,2.11,8,5,0,1,1,0,1,0.14,1,0,0,0,0,0
Pablo Maffeo,ESP,DF,Mallorca,27,1997,26.3,60,2.28,39,9,5,1,5,1,4,0.15,3,1,0,0,0,0
Jon Magunazelaia,ESP,MF,Real Sociedad,23,2001,0.1,1,12.86,1,0,0,0,0,0,1,12.86,1,0,0,0,0,0
Giorgi Mamardashvili,GEO,GK,Valencia,23,2000,34.0,9,0.26,6,3,0,0,0,0,2,0.06,1,1,0,0,0,0
Reinildo Mandava,MOZ,DF,Atlético Madrid,30,1994,10.5,7,0.67,6,0,0,0,0,1,1,0.1,0,0,0,0,0,1
Javier Manquillo,ESP,DF,Celta Vigo,30,1994,5.7,1,0.18,1,0,0,0,0,0,0,0.0,0,0,0,0,0,0
Marcão,BRA,DF,Sevilla,28,1996,6.1,2,0.33,2,0,0,0,0,0,0,0.0,0,0,0,0,0,0
Óscar de Marcos,ESP,DF,Athletic Club,35,1989,17.4,47,2.7,43,3,0,0,1,0,8,0.46,8,0,0,0,0,0
Alberto Marí,ESP,FW,Valencia,23,2001,0.1,1,12.86,1,0,0,0,0,0,0,0.0,0,0,0,0,0,0
José María Giménez,URU,DF,Atlético Madrid,29,1995,22.2,7,0.32,7,0,0,0,0,0,1,0.05,1,0,0,0,0,0
Arkaitz Mariezkurrena,ESP,"FW,MF",Real Sociedad,19,2005,2.7,7,2.61,4,0,2,1,0,0,1,0.37,1,0,0,0,0,0
Pablo Marín,ESP,MF,Real Sociedad,21,2003,13.8,26,1.89,22,0,2,0,2,0,2,0.15,2,0,0,0,0,0
Mika Mármol,ESP,DF,Las Palmas,23,2001,26.7,39,1.46,34,4,0,1,0,0,4,0.15,4,0,0,0,0,0
Mario Maroto,ESP,MF,Valladolid,20,2003,0.7,2,2.81,2,0,0,0,0,0,1,1.41,1,0,0,0,0,0
Unai Marrero,ESP,GK,Real Sociedad,22,2001,2.0,0,0.0,0,0,0,0,0,0,0,0.0,0,0,0,0,0,0
Carlos Martín,ESP,"FW,MF",Alavés,22,2002,14.8,29,1.96,20,0,3,4,2,0,3,0.2,1,0,0,2,0,0
Diego Martín,ESP,FW,Las Palmas,20,2003,0.4,2,4.5,0,0,0,0,1,1,0,0.0,0,0,0,0,0,0
Gerard Martín,ESP,DF,Barcelona,22,2002,11.5,27,2.34,26,0,0,0,1,0,3,0.26,3,0,0,0,0,0
Iván Martín,ESP,MF,Girona,25,1999,22.7,56,2.47,53,0,0,2,1,0,4,0.18,3,0,0,1,0,0
Jon Martin,ESP,DF,Real Sociedad,18,2006,10.0,8,0.8,6,0,0,2,0,0,1,0.1,1,0,0,0,0,0
Mario Martín,ESP,MF,Valladolid,20,2004,19.4,33,1.7,20,1,3,3,6,0,1,0.05,1,0,0,0,0,0
Iñigo Martínez,ESP,DF,Barcelona,33,1991,27.7,45,1.63,38,1,1,3,2,0,9,0.33,6,1,1,0,1,0
Javi Martínez,ESP,MF,Osasuna,24,1999,0.1,0,0.0,0,0,0,0,0,0,0,0.0,0,0,0,0,0,0
Ramón Martínez,ESP,DF,Sevilla,21,2002,2.9,6,2.07,6,0,0,0,0,0,0,0.0,0,0,0,0,0,0
Toni Martínez,ESP,FW,Alavés,27,1997,11.2,27,2.4,16,0,5,2,2,2,1,0.09,0,0,0,1,0,0
Javi Martón,ESP,"FW,MF",Athletic Club,25,1999,0.6,1,1.73,1,0,0,0,0,0,0,0.0,0,0,0,0,0,0
Omar Mascarell,EQG,MF,Mallorca,31,1993,22.1,15,0.68,12,0,1,1,1,0,0,0.0,0,0,0,0,0,0
Jaime Mata,ESP,"FW,MF",Las Palmas,35,1988,7.3,16,2.19,11,0,1,3,1,0,1,0.14,1,0,0,0,0,0
Borja Mayoral,ESP,FW,Getafe,27,1997,12.4,19,1.54,16,0,1,1,0,1,2,0.16,1,0,0,1,0,0
Kylian Mbappé,FRA,FW,Real Madrid,25,1998,32.3,133,4.12,83,2,23,17,8,0,15,0.46,8,1,2,3,1,0
Oliver McBurnie,SCO,FW,Las Palmas,28,1996,20.4,42,2.06,32,0,3,4,3,0,6,0.29,6,0,0,0,0,0
Scott McKenna,SCO,DF,Las Palmas,27,1996,27.4,12,0.44,8,1,1,2,0,0,0,0.0,0,0,0,0,0,0
Mateo Mejía,ESP,FW,Sevilla,21,2003,0.1,1,8.18,0,0,0,0,1,0,0,0.0,0,0,0,0,0,0
Arthur Melo,BRA,MF,Girona,27,1996,10.5,15,1.43,13,0,0,1,0,1,1,0.1,0,0,0,1,0,0
Brais Méndez,ESP,MF,Real Sociedad,27,1997,17.0,43,2.53,32,7,1,1,2,0,2,0.12,1,1,0,0,0,0
Ferland Mendy,FRA,DF,Real Madrid,29,1995,11.2,5,0.45,4,0,0,0,0,1,1,0.09,1,0,0,0,0,0
Nobel Mendy,FRA,DF,Betis,19,2004,1.2,1,0.83,1,0,0,0,0,0,0,0.0,0,0,0,0,0,0
Víctor Meseguer,ESP,MF,Valladolid,25,1999,4.6,8,1.72,5,0,0,2,1,0,1,0.22,1,0,0,0,0,0
Miguel,ESP,FW,Leganés,24,1999,19.2,28,1.46,13,0,2,5,6,2,6,0.31,5,0,1,0,0,0
Éder Militão,BRA,DF,Real Madrid,26,1998,10.4,12,1.15,9,0,0,2,0,1,1,0.1,1,0,0,0,0,0
Luis Milla,ESP,MF,Getafe,29,1994,31.9,130,4.07,72,43,4,4,5,2,6,0.19,3,3,0,0,0,0
Pere Milla,ESP,"MF,FW",Espanyol,31,1992,5.1,13,2.57,11,1,0,1,0,0,1,0.2,1,0,0,0,0,0
Óscar Mingueza,ESP,"MF,DF",Celta Vigo,25,1999,30.3,97,3.2,77,9,2,4,3,2,14,0.46,10,1,2,0,1,0
Kim Minsu,KOR,"MF,FW",Girona,18,2006,0.2,0,0.0,0,0,0,0,0,0,0,0.0,0,0,0,0,0,0
Bojan Miovski,MKD,FW,Girona,25,1999,9.7,10,1.03,4,0,1,2,2,1,4,0.41,2,0,0,1,1,0
Rafa Mir,ESP,"FW,MF",Valencia,27,1997,8.4,11,1.31,8,0,0,3,0,0,4,0.48,2,0,0,2,0,0
Luka Modrić,CRO,MF,Real Madrid,38,1985,20.3,122,6.01,84,33,0,4,0,1,15,0.74,12,3,0,0,0,0
Johan Mojica,COL,DF,Mallorca,31,1992,30.6,83,2.71,67,7,4,3,2,0,6,0.2,5,1,0,0,0,0
Alberto Moleiro,ESP,"FW,MF",Las Palmas,20,2003,30.2,106,3.52,76,0,17,7,5,1,6,0.2,3,0,1,1,1,0
Nahuel Molina,ARG,DF,Atlético Madrid,26,1998,17.7,44,2.49,32,6,3,1,0,2,5,0.28,5,0,0,0,0,0
Jon Moncayola,ESP,MF,Osasuna,26,1998,23.3,67,2.87,46,18,0,2,0,1,4,0.17,3,1,0,0,0,0
Gerard Moreno,ESP,FW,Villarreal,32,1992,8.0,39,4.87,31,0,2,3,2,1,4,0.5,2,0,0,1,1,0
Xavier Moreno,ESP,FW,Valladolid,19,2004,0.5,0,0.0,0,0,0,0,0,0,0,0.0,0,0,0,0,0,0
Mateu Morey,ESP,DF,Mallorca,24,2000,8.2,12,1.46,9,0,1,0,1,1,1,0.12,1,0,0,0,0,0
Ilaix Moriba,GUI,MF,Celta Vigo,21,2003,23.7,55,2.32,40,0,2,5,4,4,5,0.21,3,0,0,1,1,0
Manu Morlanes,ESP,MF,Mallorca,25,1999,14.9,35,2.35,32,1,0,2,0,0,0,0.0,0,0,0,0,0,0
Raúl Moro,ESP,"MF,FW",Valladolid,21,2002,26.0,94,3.61,57,13,19,1,3,1,9,0.35,6,0,2,0,1,0
Cristhian Mosquera,ESP,DF,Valencia,20,2004,36.9,14,0.38,12,0,0,0,0,2,1,0.03,1,0,0,0,0,0
Santiago Mouriño,URU,DF,Alavés,22,2002,20.5,11,0.54,8,1,0,0,2,0,2,0.1,1,0,0,0,1,0
Abdul Mumin,GHA,DF,Rayo Vallecano,26,1998,22.4,11,0.49,10,0,0,0,1,0,3,0.13,3,0,0,0,0,0
Aihen Muñoz,ESP,DF,Real Sociedad,26,1997,12.2,10,0.82,8,0,0,2,0,0,0,0.0,0,0,0,0,0,0
Álex Muñoz,ESP,DF,Las Palmas,30,1994,15.7,15,0.95,12,1,0,0,2,0,0,0.0,0,0,0,0,0,0
Iker Muñoz,ESP,MF,Osasuna,21,2002,6.8,15,2.21,10,0,1,2,2,0,2,0.29,1,0,0,1,0,0
Javier Muñoz,ESP,"MF,DF",Las Palmas,29,1995,28.8,58,2.02,44,4,5,0,3,2,8,0.28,7,1,0,0,0,0
Víctor Muñoz,ESP,"FW,DF",Real Madrid,21,2003,0.4,1,2.5,1,0,0,0,0,0,1,2.5,1,0,0,0,0,0
Vedat Muriqi,KVX,FW,Mallorca,30,1994,22.9,45,1.97,30,0,2,8,4,1,6,0.26,5,0,0,0,1,0
Juan Musso,ARG,GK,Atlético Madrid,30,1994,2.0,0,0.0,0,0,0,0,0,0,0,0.0,0,0,0,0,0,0
Matija Nastasić,SRB,DF,Leganés,31,1993,23.4,6,0.26,5,0,0,0,1,0,1,0.04,0,0,0,0,1,0
Natan,BRA,DF,Betis,23,2001,24.2,11,0.46,9,0,0,0,1,1,0,0.0,0,0,0,0,0,0
Pau Navarro,ESP,DF,Villarreal,19,2005,10.2,6,0.59,6,0,0,0,0,0,1,0.1,1,0,0,0,0,0
Roberto Navarro,ESP,"MF,FW",Mallorca,22,2002,14.2,44,3.1,36,1,4,1,2,0,2,0.14,2,0,0,0,0,0
Jesús Navas,ESP,"FW,MF",Sevilla,38,1985,4.7,15,3.18,13,2,0,0,0,0,0,0.0,0,0,0,0,0,0
Yvan Neyou,CMR,MF,Leganés,27,1997,25.7,30,1.17,25,0,2,0,3,0,2,0.08,2,0,0,0,0,0
Tanguy Nianzou,FRA,DF,Sevilla,22,2002,5.8,1,0.17,1,0,0,0,0,0,0,0.0,0,0,0,0,0,0
Saúl Ñíguez,ESP,MF,Sevilla,29,1994,17.3,50,2.9,38,0,0,8,1,3,8,0.46,7,0,0,1,0,0
Tamás Nikitscher,HUN,"MF,DF",Valladolid,24,1999,9.5,4,0.42,4,0,0,0,0,0,0,0.0,0,0,0,0,0,0
Adrian Niño,ESP,FW,Atlético Madrid,20,2004,0.1,0,0.0,0,0,0,0,0,0,0,0.0,0,0,0,0,0,0
Randy Nteka,ANG,FW,Rayo Vallecano,26,1997,12.5,21,1.67,12,1,1,4,3,0,0,0.0,0,0,0,0,0,0
Unai Núñez,ESP,DF,Athletic Club,27,1997,7.2,2,0.28,2,0,0,0,0,0,0,0.0,0,0,0,0,0,0
Ørjan Nyland,NOR,GK,Sevilla,33,1990,29.7,11,0.37,10,1,0,0,0,0,2,0.07,1,1,0,0,0,0
Jan Oblak,SVN,GK,Atlético Madrid,31,1993,36.0,6,0.17,4,2,0,0,0,0,1,0.03,1,0,0,0,0,0
Lucas Ocampos,ARG,FW,Sevilla,30,1994,1.9,7,3.6,7,0,0,0,0,0,2,1.03,2,0,0,0,0,0
Álvaro Odriozola,ESP,DF,Real Sociedad,28,1995,0.5,1,2.09,1,0,0,0,0,0,0,0.0,0,0,0,0,0,0
Thiago Ojeda,ARG,MF,Villarreal,21,2003,0.1,0,0.0,0,0,0,0,0,0,0,0.0,0,0,0,0,0,0
Aingeru Olabarrieta,ESP,FW,Athletic Club,18,2005,0.6,0,0.0,0,0,0,0,0,0,0,0.0,0,0,0,0,0,0
Olasagasti,ESP,MF,Real,Sociedad 23,2000,9.5,16,1.68,14,0,0,1,1,0,2,0.21,2,0,0,0,0,0
Brian Oliván,ESP,DF,Espanyol,30,1994,11.3,24,2.09,16,8,0,0,0,0,1,0.09,0,1,0,0,0,0
Dani Olmo,ESP,"MF,FW",Barcelona,26,1998,13.5,66,4.9,46,2,7,5,5,1,12,0.89,3,1,3,1,4,0
Aimar Oroz,ESP,MF,Osasuna,22,2001,33.0,92,2.79,75,1,4,7,4,1,8,0.24,6,0,0,2,0,0
Ángel Ortíz,ESP,DF,Betis,20,2004,3.9,6,1.53,5,0,0,0,1,0,2,0.51,2,0,0,0,0,0
David Otorbi,ESP,MF,Valencia,16,2007,0.2,0,0.0,0,0,0,0,0,0,0,0.0,0,0,0,0,0,0
Jesús Owono,EQG,GK,Alavés,23,2001,5.4,1,0.18,0,1,0,0,0,0,0,0.0,0,0,0,0,0,0
Mikel Oyarzabal,ESP,FW,Real Sociedad,27,1997,25.0,38,1.52,27,0,1,4,6,0,5,0.2,3,0,0,0,2,0
Cenk Özkacar,TUR,DF,Valladolid,23,2000,8.4,1,0.12,1,0,0,0,0,0,0,0.0,0,0,0,0,0,0
Jon Pacheco,ESP,DF,Real Sociedad,23,2001,9.5,4,0.42,3,1,0,0,0,0,0,0.0,0,0,0,0,0,0
Alex Padilla,ESP,GK,Athletic Club,20,2003,3.6,0,0.0,0,0,0,0,0,0,0,0.0,0,0,0,0,0,0
Isaac Palazón Camacho,ESP,"MF,FW",Rayo Vallecano,29,1994,24.0,110,4.57,63,25,6,7,9,0,5,0.21,2,3,0,0,0,0
Aitor Paredes,ESP,DF,Athletic Club,24,2000,20.1,8,0.4,8,0,0,0,0,0,1,0.05,1,0,0,0,0,0
Daniel Parejo,ESP,MF,Villarreal,35,1989,25.3,77,3.05,61,13,0,2,1,0,12,0.48,10,1,0,1,0,0
Iago Parente,ESP,DF,Valladolid,18,2006,0.8,2,2.54,2,0,0,0,0,0,0,0.0,0,0,0,0,0,0
Álvaro Pascual,ESP,FW,Sevilla,22,2002,4.5,6,1.32,4,0,0,2,0,0,1,0.22,1,0,0,0,0,0
Pedri,ESP,MF,Barcelona,21,2002,32.0,165,5.16,148,8,2,2,4,1,17,0.53,15,1,1,0,0,0
Adrià Pedrosa,ESP,DF,Sevilla,26,1998,25.5,47,1.84,31,8,4,3,1,0,4,0.16,4,0,0,0,0,0
Pejiño,ESP,FW,Las,Palmas 28,1996,0.2,1,5.63,1,0,0,0,0,0,0,0.0,0,0,0,0,0,0
Andy Pelmard,FRA,DF,Las Palmas,24,2000,2.3,3,1.32,1,0,0,1,1,0,0,0.0,0,0,0,0,0,0
Iñaki Peña,ESP,GK,Barcelona,25,1999,15.5,2,0.13,2,0,0,0,0,0,2,0.13,2,0,0,0,0,0
Rubén Peña,ESP,"FW,DF",Osasuna,33,1991,8.6,23,2.67,19,1,1,0,2,0,1,0.12,0,0,0,0,1,0
Nicolas Pépé,CIV,"FW,MF",Villarreal,29,1995,16.7,65,3.9,46,8,5,2,4,0,7,0.42,7,0,0,0,0,0
Peque,ESP,"MF,FW",Sevilla,21,2002,12.6,32,2.54,24,0,0,5,3,0,3,0.24,3,0,0,0,0,0
Ayoze Pérez,ESP,FW,Villarreal,31,1993,21.9,72,3.26,50,0,9,7,4,2,5,0.23,2,0,2,1,0,0
Carles Pérez,ESP,"MF,FW",Getafe,26,1998,15.9,40,2.52,26,1,6,2,3,2,1,0.06,0,0,0,0,0,1
Francisco Perez,ESP,"FW,MF",Valencia,21,2002,6.3,16,2.53,16,0,0,0,0,0,1,0.16,1,0,0,0,0,0
Kike Pérez,ESP,MF,Valladolid,27,1997,13.2,36,2.72,20,11,1,1,2,1,1,0.08,1,0,0,0,0,0
Luis Pérez,ESP,DF,Valladolid,29,1995,28.4,53,1.86,46,6,0,0,0,1,2,0.07,2,0,0,0,0,0
Romain Perraud,FRA,DF,Betis,26,1997,22.2,36,1.62,32,1,1,2,0,0,5,0.23,4,0,0,1,0,0
Valentín Pezzolesi,ESP,DF,Las Palmas,17,2007,0.1,0,0.0,0,0,0,0,0,0,0,0.0,0,0,0,0,0,0
Pica,ESP,DF,Alavés,22,2002,5.5,3,0.54,3,0,0,0,0,0,0,0.0,0,0,0,0,0,0
Yeremi Pino,ESP,"MF,FW",Villarreal,21,2002,21.5,67,3.12,53,0,5,5,3,1,11,0.51,8,0,0,2,1,0
Portu,ESP,"FW,MF",Girona,32,1992,8.7,25,2.88,20,1,3,1,0,0,4,0.46,3,0,1,0,0,0
Beñat Prados,ESP,MF,Athletic Club,23,2001,19.1,21,1.1,20,0,0,1,0,0,3,0.16,3,0,0,0,0,0
Abdón Prats,ESP,"FW,MF",Mallorca,31,1992,5.1,7,1.39,5,0,0,1,1,0,1,0.2,0,0,0,0,1,0
Javi Puado,ESP,"FW,MF",Espanyol,26,1998,33.0,55,1.66,44,0,2,5,4,0,7,0.21,6,0,0,0,1,0
Dani Raba,ESP,"FW,MF",Leganés,28,1995,20.9,107,5.12,47,22,19,3,11,5,14,0.67,8,1,3,0,1,1
Arnau Rafús,ESP,GK,Valladolid,21,2003,1.0,0,0.0,0,0,0,0,0,0,0,0.0,0,0,0,0,0,0
Antonio Raillo,ESP,DF,Mallorca,32,1991,35.6,27,0.76,23,2,0,2,0,0,1,0.03,1,0,0,0,0,0
Sandro Ramírez,ESP,"FW,MF",Las Palmas,29,1995,22.6,59,2.61,31,18,0,2,8,0,6,0.27,3,1,0,0,2,0
Jacobo Ramón,ESP,DF,Real Madrid,19,2005,2.3,4,1.76,3,0,0,1,0,0,0,0.0,0,0,0,0,0,0
Raphinha,BRA,"FW,MF",Barcelona,27,1996,31.5,163,5.17,101,31,8,12,10,1,22,0.7,11,2,4,2,2,1
Andrei Ratiu,ROU,DF,Rayo Vallecano,26,1998,34.1,91,2.67,68,5,8,6,2,2,5,0.15,3,0,0,2,0,0
Raúl,ESP,"FW,MF",Osasuna,23,2000,8.3,16,1.92,5,0,4,3,4,0,2,0.24,0,0,2,0,0,0
Abderrahman Rebbach,ALG,"FW,MF",Alavés,25,1998,4.3,10,2.34,7,0,1,2,0,0,0,0.0,0,0,0,0,0,0
Álex Remiro,ESP,GK,Real Sociedad,29,1995,36.0,6,0.17,4,2,0,0,0,0,0,0.0,0,0,0,0,0,0
Daniel Requena,ESP,MF,Villarreal,20,2004,0.1,0,0.0,0,0,0,0,0,0,0,0.0,0,0,0,0,0,0
Diego Rico,ESP,DF,Getafe,31,1993,31.3,75,2.39,48,22,1,2,2,0,8,0.26,2,3,1,1,1,0
Luis Rioja,ESP,FW,Alavés,30,1993,0.3,1,3.91,1,0,0,0,0,0,0,0.0,0,0,0,0,0,0
Luis Rioja,ESP,"MF,FW",Valencia,30,1993,31.5,82,2.61,65,8,5,1,2,1,10,0.32,8,1,0,1,0,0
Rodrigo Riquelme,ESP,"MF,DF",Atlético Madrid,24,2000,5.7,29,5.05,27,1,1,0,0,0,1,0.17,1,0,0,0,0,0
Alberto Risco,ESP,"MF,FW",Getafe,18,2005,0.8,6,7.71,5,0,0,1,0,0,0,0.0,0,0,0,0,0,0
Marc Roca,ESP,MF,Betis,27,1996,10.1,24,2.38,19,1,2,1,0,1,1,0.1,1,0,0,0,0,0
Rodri,ESP,FW,Betis,24,2000,1.3,11,8.39,7,2,0,1,0,1,0,0.0,0,0,0,0,0,0
Adrian Rodriguez,ESP,GK,Alavés,23,2000,1.4,0,0.0,0,0,0,0,0,0,0,0.0,0,0,0,0,0,0
Álvaro Rodríguez,URU,FW,Getafe,20,2004,9.5,16,1.69,9,0,4,2,1,0,0,0.0,0,0,0,0,0,0
Arturo Rodríguez,ESP,FW,Las Palmas,17,2006,0.2,0,0.0,0,0,0,0,0,0,0,0.0,0,0,0,0,0,0
Damián Rodríguez,ESP,MF,Celta Vigo,21,2003,10.3,26,2.52,17,9,0,0,0,0,2,0.19,2,0,0,0,0,0
Dani Rodríguez,ESP,"MF,FW",Mallorca,36,1988,24.0,62,2.58,33,23,0,3,3,0,12,0.5,9,2,0,0,1,0
Daniel Rodriguez,ESP,FW,Barcelona,18,2005,0.4,2,4.86,2,0,0,0,0,0,0,0.0,0,0,0,0,0,0
James Rodríguez,COL,"MF,FW",Rayo Vallecano,33,1991,1.6,6,3.86,4,1,0,1,0,0,0,0.0,0,0,0,0,0,0
Javi Rodríguez,ESP,DF,Celta Vigo,21,2003,27.9,35,1.25,29,0,2,1,3,0,3,0.11,3,0,0,0,0,0
Jesus Rodríguez,ESP,FW,Betis,18,2005,12.3,34,2.75,17,0,8,2,7,0,5,0.41,3,0,0,1,1,0
Kirian Rodríguez,ESP,MF,Las Palmas,28,1996,19.5,49,2.51,43,2,1,0,2,1,7,0.36,7,0,0,0,0,0
Ricardo Rodríguez,SUI,DF,Betis,31,1992,14.2,27,1.91,23,1,0,2,0,1,2,0.14,2,0,0,0,0,0
Rodrygo,BRA,"FW,MF",Real,Madrid 23,2001,21.4,106,4.95,66,18,13,3,5,1,9,0.42,7,0,1,0,1,0
Leo Román,ESP,GK,Mallorca,24,2000,7.0,0,0.0,0,0,0,0,0,0,0,0.0,0,0,0,0,0,0
Carlos Romero,ESP,DF,Espanyol,22,2001,28.4,62,2.18,42,12,6,1,1,0,4,0.14,2,1,0,0,1,0
Isaac Romero,ESP,FW,Sevilla,24,2000,24.0,44,1.84,30,1,5,3,5,0,7,0.29,4,0,1,2,0,0
Luka Romero,ARG,"FW,MF",Alavés,19,2004,2.2,8,3.62,4,1,1,0,1,1,1,0.45,1,0,0,0,0,0
Oriol Romeu,ESP,MF,Girona,32,1991,15.1,20,1.33,20,0,0,0,0,0,1,0.07,1,0,0,0,0,0
Vitor Roque,BRA,FW,Betis,19,2005,13.7,34,2.48,19,0,5,5,5,0,4,0.29,0,0,0,1,3,0
Valentin Rosier,FRA,DF,Leganés,27,1996,28.8,35,1.21,24,4,3,4,0,0,6,0.21,5,0,1,0,0,0
Antonio Rüdiger,GER,DF,Real Madrid,31,1993,25.5,28,1.1,19,0,0,6,3,0,2,0.08,1,0,0,0,1,0
Abel Ruiz,ESP,FW,Girona,24,2000,15.0,17,1.14,12,0,1,3,1,0,1,0.07,0,0,0,1,0,0
Ferrán Ruiz,ESP,MF,Girona,21,2003,0.2,0,0.0,0,0,0,0,0,0,0,0.0,0,0,0,0,0,0
Youssouf Sabaly,SEN,DF,Betis,31,1993,17.6,19,1.08,17,1,1,0,0,0,3,0.17,3,0,0,0,0,0
Umar Sadiq,NGA,FW,Valencia,27,1997,9.2,15,1.64,8,0,2,2,1,2,3,0.33,0,0,1,1,0,1
Umar Sadiq,NGA,FW,Real Sociedad,27,1997,2.5,3,1.19,2,0,0,1,0,0,0,0.0,0,0,0,0,0,0
Jorge Sáenz,ESP,DF,Leganés,27,1996,18.8,10,0.53,8,0,0,0,1,1,0,0.0,0,0,0,0,0,0
Jan Salas,ESP,"MF,FW",Mallorca,18,2005,0.5,1,2.09,0,0,0,1,0,0,0,0.0,0,0,0,0,0,0
Kike Salas,ESP,DF,Sevilla,22,2002,24.9,17,0.68,14,0,0,3,0,0,4,0.16,4,0,0,0,0,0
Oihan Sancet,ESP,MF,Athletic Club,24,2000,18.0,50,2.77,38,0,4,5,3,0,8,0.44,4,0,1,3,0,0
Antonio Sánchez,ESP,"MF,DF",Mallorca,27,1997,15.5,18,1.16,12,2,1,2,1,0,0,0.0,0,0,0,0,0,0
Iván Sánchez,ESP,"MF,FW",Valladolid,31,1992,15.6,64,4.11,46,7,4,1,5,1,5,0.32,5,0,0,0,0,0
Javi Sánchez,ESP,DF,Valladolid,27,1997,22.5,14,0.62,13,0,0,1,0,0,2,0.09,1,0,0,1,0,0
Juanlu Sánchez,ESP,"MF,DF",Sevilla,20,2003,19.1,40,2.09,36,0,2,2,0,0,5,0.26,5,0,0,0,0,0
Manu Sánchez,ESP,DF,Alavés,23,2000,29.3,40,1.37,28,5,0,5,2,0,3,0.1,2,0,0,1,0,0
Maroan Sannadi,MAR,FW,Athletic Club,23,2001,8.4,16,1.91,8,0,4,2,2,0,2,0.24,1,0,0,0,1,0
Jesús Santiago,ESP,MF,Getafe,20,2004,4.1,6,1.45,2,1,0,0,2,1,0,0.0,0,0,0,0,0,0
Aleksandar Sedlar,SRB,DF,Alavés,32,1991,6.6,2,0.3,2,0,0,0,0,0,0,0.0,0,0,0,0,0,0
Sergi,ESP,DF,Leganés,32,1992,32.9,12,0.37,11,0,0,0,1,0,3,0.09,2,0,0,0,1,0
Nicolás Serrano,ESP,FW,Athletic Club,21,2003,1.2,2,1.61,2,0,0,0,0,0,0,0.0,0,0,0,0,0,0
Fábio Silva,POR,FW,Las Palmas,22,2002,20.7,43,2.08,30,0,4,3,5,1,5,0.24,3,0,1,1,0,0
Rui Silva,POR,GK,Betis,30,1994,15.0,5,0.33,5,0,0,0,0,0,0,0.0,0,0,0,0,0,0
Giuliano Simeone,ARG,MF,Atlético Madrid,21,2002,21.4,50,2.34,40,0,5,2,3,0,9,0.42,7,0,1,0,1,0
Unai Simón,ESP,GK,Athletic Club,27,1997,21.0,6,0.29,5,1,0,0,0,0,0,0.0,0,0,0,0,0,0
Daley Sinkgraven,NED,DF,Las Palmas,29,1995,1.0,2,1.98,2,0,0,0,0,0,0,0.0,0,0,0,0,0,0
Antonio Sivera,ESP,GK,Alavés,27,1996,31.2,11,0.35,6,5,0,0,0,0,0,0.0,0,0,0,0,0,0
Justin Smith,CAN,MF,Espanyol,21,2003,2.3,2,0.86,2,0,0,0,0,0,1,0.43,1,0,0,0,0,0
Alex Sola,ESP,"MF,FW",Getafe,25,1999,11.4,26,2.28,17,0,6,0,3,0,2,0.18,2,0,0,0,0,0
Arnau Solà,ESP,MF,Villarreal,21,2003,0.1,0,0.0,0,0,0,0,0,0,0,0.0,0,0,0,0,0,0
Jhon Solis,COL,MF,Girona,19,2004,5.9,6,1.01,5,0,0,1,0,0,0,0.0,0,0,0,0,0,0
David Soria,ESP,GK,Getafe,31,1993,38.0,8,0.21,5,3,0,0,0,0,0,0.0,0,0,0,0,0,0
Juan Soriano,ESP,GK,Leganés,26,1997,6.0,0,0.0,0,0,0,0,0,0,0,0.0,0,0,0,0,0,0
Hugo Sotelo,ESP,MF,Celta Vigo,20,2003,13.9,40,2.87,27,12,0,0,0,1,0,0.0,0,0,0,0,0,0
Djibril Sow,SUI,MF,Sevilla,27,1997,22.9,64,2.79,58,0,0,1,3,2,4,0.17,4,0,0,0,0,0
Carl Starfelt,SWE,DF,Celta Vigo,29,1995,25.2,18,0.71,16,0,0,1,0,1,1,0.04,1,0,0,0,0,0
Orri Steinn Óskarsson,ISL,FW,Real Sociedad,19,2004,10.5,10,0.95,8,0,0,1,1,0,0,0.0,0,0,0,0,0,0
Stoichkov,ESP,"MF,FW",Alavés,30,1993,7.8,28,3.6,17,0,2,3,4,2,2,0.26,1,0,0,1,0,0
Cristhian Stuani,URU,FW,Girona,37,1986,12.0,14,1.17,10,0,1,3,0,0,3,0.25,2,0,0,1,0,0
Álex Suárez,ESP,DF,Las Palmas,31,1993,27.3,14,0.51,12,0,0,2,0,0,2,0.07,2,0,0,0,0,0
Denis Suárez,ESP,MF,Villarreal,30,1994,6.8,28,4.14,20,6,0,2,0,0,3,0.44,3,0,0,0,0,0
Luka Sučić,CRO,MF,Real Sociedad,21,2002,19.9,55,2.76,44,0,3,5,2,1,5,0.25,5,0,0,0,0,0
Suso,ESP,"FW,MF",Sevilla,30,1993,6.7,45,6.68,25,8,8,3,1,0,3,0.45,2,1,0,0,0,0
Williot Swedberg,SWE,"FW,MF",Celta Vigo,20,2004,15.0,36,2.4,24,0,3,8,1,0,8,0.53,6,0,1,1,0,0
Mamadou Sylla,SEN,"FW,MF",Valladolid,30,1994,17.6,22,1.25,16,0,1,1,4,0,5,0.28,2,0,1,0,2,0
Wojciech Szczęsny,POL,GK,Barcelona,34,1990,15.0,0,0.0,0,0,0,0,0,0,0,0.0,0,0,0,0,0,0
Alexander Sørloth,NOR,FW,Atlético Madrid,28,1995,17.4,30,1.73,19,0,4,5,2,0,5,0.29,2,0,2,1,0,0
Renato Tapia,PER,"MF,DF",Leganés,29,1995,26.9,24,0.89,19,2,1,0,1,1,4,0.15,4,0,0,0,0,0
César Tárrega,ESP,DF,Valencia,22,2002,33.6,10,0.3,9,0,0,1,0,0,0,0.0,0,0,0,0,0,0
Álvaro Tejero,ESP,"MF,DF",Espanyol,28,1996,13.8,55,4.0,28,23,1,1,1,1,9,0.65,4,3,1,1,0,0
Martín Tejón,ESP,"MF,DF",Valencia,20,2004,0.5,1,1.87,1,0,0,0,0,0,0,0.0,0,0,0,0,0,0
Nahuel Tenaglia,ARG,DF,Alavés,28,1996,32.5,51,1.57,28,10,2,2,8,1,4,0.12,1,0,0,0,3,0
Ramón Terrats,ESP,"MF,FW",Villarreal,23,2000,1.5,4,2.73,2,0,0,1,1,0,0,0.0,0,0,0,0,0,0
Ramón Terrats,ESP,"MF,FW",Getafe,23,2000,13.5,32,2.36,23,4,1,1,2,1,2,0.15,2,0,0,0,0,0
Pablo Torre,ESP,"MF,FW",Barcelona,21,2003,3.4,18,5.24,14,2,0,0,1,1,3,0.87,3,0,0,0,0,0
David Torres,ESP,DF,Valladolid,21,2003,15.4,3,0.19,3,0,0,0,0,0,0,0.0,0,0,0,0,0,0
Ferrán Torres,ESP,"FW,MF",Barcelona,24,2000,12.3,38,3.09,26,2,4,2,3,1,7,0.57,6,0,1,0,0,0
Lucas Torró,ESP,MF,Osasuna,30,1994,32.9,38,1.16,31,0,0,5,1,1,3,0.09,3,0,0,0,0,0
Hamari Traoré,MLI,DF,Real Sociedad,32,1992,7.8,13,1.67,11,1,1,0,0,0,2,0.26,1,1,0,0,0,0
Óscar Trejo,ARG,MF,Rayo Vallecano,36,1988,5.5,18,3.27,15,0,0,2,1,0,1,0.18,1,0,0,0,0,0
Viktor Tsyhankov,UKR,"FW,MF",Girona,26,1997,21.3,65,3.06,34,22,1,3,4,1,8,0.38,4,3,0,0,1,0
Beñat Turrientes,ESP,MF,Real Sociedad,22,2002,10.5,12,1.15,10,1,1,0,0,0,0,0.0,0,0,0,0,0,0
Christantus Uche,NGA,"FW,MF",Getafe,21,2003,27.6,78,2.82,53,0,7,2,15,1,10,0.36,8,0,0,0,2,0
Naci Ünüvar,NED,"MF,DF",Espanyol,21,2003,0.3,2,5.63,1,0,0,0,1,0,0,0.0,0,0,0,0,0,0
Óscar Valentín,ESP,MF,Rayo Vallecano,29,1994,20.4,44,2.16,40,0,1,0,3,0,3,0.15,3,0,0,0,0,0
Germán Valera,ESP,MF,Valencia,22,2002,1.6,5,3.04,4,0,1,0,0,0,0,0.0,0,0,0,0,0,0
Martin Valjent,SVK,DF,Mallorca,28,1995,30.7,26,0.85,20,0,2,3,1,0,3,0.1,3,0,0,0,0,0
Jesús Vallejo,ESP,DF,Real Madrid,27,1997,1.5,3,1.96,3,0,0,0,0,0,1,0.65,1,0,0,0,0,0
Federico Valverde,URU,"MF,DF",Real Madrid,26,1998,33.7,87,2.58,81,1,1,4,0,0,13,0.39,12,0,0,1,0,0
Ruben Vargas,SUI,"FW,MF",Sevilla,25,1998,7.5,31,4.16,16,5,4,5,1,0,3,0.4,3,0,0,0,0,0
Jesus Vazquez,ESP,DF,Valencia,21,2003,10.2,9,0.88,6,0,1,1,0,1,1,0.1,1,0,0,0,0,0
Lucas Vázquez,ESP,DF,Real Madrid,33,1991,24.3,65,2.67,54,5,1,2,2,1,8,0.33,8,0,0,0,0,0
Alejo Véliz,ARG,FW,Espanyol,20,2003,12.5,14,1.1,7,0,0,2,5,0,4,0.31,2,0,0,0,2,0
Mikel Vesga,ESP,MF,Athletic Club,31,1993,11.0,21,1.91,19,0,0,2,0,0,1,0.09,0,0,0,1,0,0
Carlos Vicente,ESP,"FW,MF",Alavés,25,1999,34.4,107,3.11,53,38,3,6,5,2,9,0.26,6,1,1,1,0,0
Pau Victor,ESP,FW,Barcelona,22,2001,3.5,13,3.64,11,0,1,0,1,0,2,0.56,1,0,0,0,1,0
Nacho Vidal,ESP,DF,Osasuna,29,1995,1.4,0,0.0,0,0,0,0,0,0,0,0.0,0,0,0,0,0,0
Fran Vieites,ESP,GK,Betis,25,1999,4.0,0,0.0,0,0,0,0,0,0,0,0.0,0,0,0,0,0,0
Sergio Viera,ESP,MF,Las Palmas,19,2005,1.1,2,1.87,2,0,0,0,0,0,0,0.0,0,0,0,0,0,0
Asier Villalibre,ESP,FW,Alavés,26,1997,3.7,7,1.89,4,0,0,1,2,0,1,0.27,1,0,0,0,0,0
Iván Villar,ESP,GK,Celta Vigo,27,1997,4.0,0,0.0,0,0,0,0,0,0,0,0.0,0,0,0,0,0,0
Viti,ESP,DF,Las,Palmas 26,1997,22.0,29,1.32,23,3,2,0,1,0,3,0.14,3,0,0,0,0,0
Daniel Vivian,ESP,DF,Athletic Club,25,1999,29.0,34,1.17,32,0,1,0,0,1,1,0.03,1,0,0,0,0,0
Krapyvtsov Vladyslav,UKR,GK,Girona,19,2005,2.0,0,0.0,0,0,0,0,0,0,0,0.0,0,0,0,0,0,0
Iñaki Williams,GHA,FW,Athletic Club,30,1994,29.5,80,2.72,61,1,6,7,3,2,14,0.48,10,0,3,1,0,0
Nico Williams,ESP,FW,Athletic Club,22,2002,22.2,112,5.05,67,13,21,3,5,3,13,0.59,9,2,1,0,1,0
Axel Witsel,BEL,DF,Atlético Madrid,35,1989,9.5,4,0.42,2,0,1,0,1,0,2,0.21,1,0,1,0,0,0
Lamine Yamal,ESP,FW,Barcelona,17,2007,31.7,188,5.92,112,3,38,20,11,4,29,0.91,20,0,5,2,2,0
Daniel Yáñez,ESP,FW,Real Madrid,17,2007,0.0,0,0.0,0,0,0,0,0,0,0,0.0,0,0,0,0,0,0
Bertuğ Yıldırım,TUR,FW,Getafe,22,2002,12.0,21,1.75,13,0,1,2,4,1,1,0.08,0,0,0,0,1,0
Arsen Zakharyan,RUS,"MF,FW",Real Sociedad,21,2003,0.8,6,7.4,4,1,0,1,0,0,0,0.0,0,0,0,0,0,0
Bryan Zaragoza,ESP,"FW,MF",Osasuna,23,2001,20.4,71,3.49,41,11,13,1,5,0,9,0.44,6,1,1,1,0,0
Igor Zubeldia,ESP,DF,Real Sociedad,27,1997,25.2,17,0.67,16,0,0,1,0,0,1,0.04,1,0,0,0,0,0
Martín Zubimendi,ESP,MF,Real Sociedad,25,1999,32.9,46,1.4,38,0,4,1,1,2,6,0.18,5,0,0,0,1,0
Saud Abdulhamid,KSA,DF,Roma,25,1999,2.3,6,2.65,5,0,0,0,1,0,1,0.44,1,0,0,0,0,0
Oliver Abildgaard,DEN,MF,Como,28,1996,0.1,0,0.0,0,0,0,0,0,0,0,0.0,0,0,0,0,0,0
Tammy Abraham,ENG,FW,Roma,26,1997,0.0,0,0.0,0,0,0,0,0,0,0,0.0,0,0,0,0,0,0
Tammy Abraham,ENG,FW,Milan,26,1997,13.1,33,2.51,28,0,0,4,1,0,9,0.68,7,0,0,1,1,0
Federico Accornero,ITA,MF,Genoa,20,2004,0.1,0,0.0,0,0,0,0,0,0,0,0.0,0,0,0,0,0,0
Francesco Acerbi,ITA,DF,Inter,36,1988,19.0,20,1.05,20,0,0,0,0,0,1,0.05,1,0,0,0,0,0
Che Adams,SCO,FW,Torino,28,1996,29.5,63,2.14,49,1,0,8,5,0,5,0.17,4,0,0,1,0,0
Yacine Adli,FRA,MF,Fiorentina,24,2000,13.5,50,3.64,35,10,2,2,1,0,10,0.73,6,2,1,1,0,0
Vasilije Adžić,MNE,"MF,FW",Juventus,18,2006,0.5,2,4.29,1,0,0,1,0,0,0,0.0,0,0,0,0,0,0
Michel Aebischer,SUI,MF,Bologna,27,1997,8.0,18,2.23,15,2,0,0,0,1,0,0.0,0,0,0,0,0,0
Junior Ajayi,CIV,FW,Hellas Verona,19,2004,0.1,0,0.0,0,0,0,0,0,0,0,0.0,0,0,0,0,0,0
Jean-Daniel Akpa-Akpro,CIV,MF,Monza,31,1992,10.7,12,1.12,8,0,1,1,1,1,1,0.09,0,0,0,0,0,1
Faride Alidou,GER,"FW,MF",Hellas Verona,23,2001,0.8,2,2.54,1,0,1,0,0,0,0,0.0,0,0,0,0,0,0
Dele Alli,ENG,MF,Como,28,1996,0.1,0,0.0,0,0,0,0,0,0,0,0.0,0,0,0,0,0,0
Pontus Almqvist,SWE,"FW,MF",Parma,25,1999,12.4,26,2.1,15,0,5,3,3,0,2,0.16,2,0,0,0,0,0
Giorgio Altare,ITA,DF,Venezia,25,1998,8.4,5,0.6,3,0,1,0,0,1,0,0.0,0,0,0,0,0,0
Sofyan Amrabat,MAR,MF,Fiorentina,27,1996,2.0,4,2.0,4,0,0,0,0,0,0,0.0,0,0,0,0,0,0
Angeliño,ESP,DF,Roma,27,1997,35.3,89,2.52,68,14,2,1,4,0,7,0.2,6,0,0,0,1,0
Lorenzo Anghelè,ITA,FW,Juventus,19,2005,0.1,0,0.0,0,0,0,0,0,0,0,0.0,0,0,0,0,0,0
Faustino Anjorin,ENG,MF,Empoli,22,2001,12.4,32,2.59,24,1,3,1,2,1,5,0.4,4,0,0,0,0,1
Marko Arnautović,AUT,FW,Inter,35,1989,5.9,15,2.46,15,0,0,0,0,0,2,0.33,2,0,0,0,0,0
Kristjan Asllani,ALB,MF,Inter,22,2002,10.9,31,2.82,23,6,0,1,1,0,3,0.27,2,1,0,0,0,0
Arthur Atta,FRA,"MF,FW",Udinese,21,2003,13.9,46,3.31,40,2,1,2,1,0,2,0.14,0,0,0,2,0,0
Emil Audero,IDN,GK,Como,27,1997,8.0,0,0.0,0,0,0,0,0,0,0,0.0,0,0,0,0,0,0
Tommaso Augello,ITA,DF,Cagliari,29,1994,30.1,73,2.42,48,21,3,1,0,0,11,0.36,10,1,0,0,0,0
Carlos Augusto,BRA,DF,Inter,25,1999,18.1,24,1.28,18,1,0,1,2,2,3,0.16,2,0,0,1,0,0
Paulo Azzi,BRA,DF,Cagliari,30,1994,4.7,15,3.17,9,2,1,2,0,1,0,0.0,0,0,0,0,0,0
Jacopo Bacci,ITA,MF,Empoli,19,2005,0.3,0,0.0,0,0,0,0,0,0,0,0.0,0,0,0,0,0,0
Milan Badelj,CRO,MF,Genoa,35,1989,16.4,26,1.59,20,0,0,4,2,0,1,0.06,0,0,0,1,0,0
Mitchel Bakker,NED,MF,Atalanta,24,2000,0.2,0,0.0,0,0,0,0,0,0,0,0.0,0,0,0,0,0,0
Tommaso Baldanzi,ITA,"MF,FW",Roma,21,2003,9.2,36,3.89,23,0,6,4,2,1,4,0.43,3,0,0,0,0,1
Keita Baldé,SEN,FW,Monza,29,1995,7.1,21,2.97,14,0,2,3,2,0,0,0.0,0,0,0,0,0,0
Botond Balogh,HUN,DF,Parma,22,2002,22.8,8,0.35,7,0,0,0,0,1,2,0.09,2,0,0,0,0,0
Mario Balotelli,ITA,"FW,MF",Genoa,33,1990,0.7,0,0.0,0,0,0,0,0,0,0,0.0,0,0,0,0,0,0
Lameck Banda,ZAM,"FW,MF",Lecce,23,2001,6.8,23,3.39,15,1,3,1,3,0,1,0.15,1,0,0,0,0,0
Daniel Bandeira,POR,MF,Hellas Verona,24,2000,4.5,6,1.33,5,1,0,0,0,0,0,0.0,0,0,0,0,0,0
Mattia Bani,ITA,DF,Genoa,30,1993,16.7,7,0.42,6,0,0,1,0,0,2,0.12,1,0,0,1,0,0
Antonín Barák,CZE,MF,Fiorentina,29,1994,0.6,3,5.0,3,0,0,0,0,0,0,0.0,0,0,0,0,0,0
Federico Barba,ITA,DF,Como,30,1993,4.8,3,0.63,3,0,0,0,0,0,0,0.0,0,0,0,0,0,0
Nicolò Barella,ITA,MF,Inter,27,1997,27.3,112,4.07,89,7,5,5,4,2,15,0.54,14,0,1,0,0,0
Davide Bartesaghi,ITA,DF,Milan,18,2005,1.3,2,1.53,2,0,0,0,0,0,0,0.0,0,0,0,0,0,0
Federico Baschirotto,ITA,DF,Lecce,27,1996,38.0,17,0.45,13,2,0,2,0,0,1,0.03,0,0,0,1,0,0
Daniele Baselli,ITA,MF,Como,32,1992,0.2,0,0.0,0,0,0,0,0,0,0,0.0,0,0,0,0,0,0
Alessandro Bastoni,ITA,DF,Inter,25,1999,25.9,71,2.66,61,4,0,1,3,2,11,0.41,9,1,0,0,1,0
Reda Belahyane,MAR,MF,Hellas Verona,20,2004,18.4,41,2.23,34,0,3,1,1,2,3,0.16,2,0,0,0,0,1
Reda Belahyane,MAR,MF,Lazio,20,2004,2.2,0,0.0,0,0,0,0,0,0,0,0.0,0,0,0,0,0,0
Raoul Bellanova,ITA,DF,Torino,24,2000,1.0,1,1.03,1,0,0,0,0,0,0,0.0,0,0,0,0,0,0
Raoul Bellanova,ITA,DF,Atalanta,24,2000,26.7,56,2.1,45,8,2,0,1,0,11,0.41,10,1,0,0,0,0
Andrea Belotti,ITA,FW,Como,30,1993,6.6,14,2.13,9,0,0,3,2,0,0,0.0,0,0,0,0,0,0
Lucas Beltrán,ARG,"FW,MF",Fiorentina,23,2001,20.7,63,2.9,55,1,1,2,2,2,9,0.41,8,0,0,0,1,0
Adrian Benedyczak,POL,"FW,MF",Parma,23,2000,2.4,3,1.26,3,0,0,0,0,0,0,0.0,0,0,0,0,0,0
Ismaël Bennacer,ALG,MF,Milan,26,1997,3.3,12,3.6,9,2,1,0,0,0,1,0.3,1,0,0,0,0,0
Medon Berisha,ALB,MF,Lecce,20,2003,8.0,29,3.64,17,6,1,2,2,1,2,0.25,2,0,0,0,0,0
Adrian Bernabe,ESP,MF,Parma,23,2001,16.1,58,3.59,45,6,1,2,4,0,4,0.25,4,0,0,0,0,0
Antoine Bernede,FRA,MF,Hellas Verona,25,1999,6.6,22,3.33,16,2,1,1,0,2,1,0.15,0,0,1,0,0,0
Sam Beukema,NED,DF,Bologna,25,1998,33.5,36,1.08,31,2,0,3,0,0,6,0.18,4,0,0,2,0,0
Alessandro Bianco,ITA,MF,Monza,21,2002,28.9,38,1.32,33,1,0,4,0,0,0,0.0,0,0,0,0,0,0
Alessandro Bianco,ITA,MF,Fiorentina,21,2002,0.2,0,0.0,0,0,0,0,0,0,0,0.0,0,0,0,0,0,0
Jaka Bijol,SVN,DF,Udinese,25,1999,32.9,30,0.91,26,1,0,3,0,0,1,0.03,0,0,0,1,0,0
Philip Billing,DEN,MF,Napoli,28,1996,2.2,8,3.65,4,0,0,2,1,1,1,0.46,0,0,0,1,0,0
Cristiano Biraghi,ITA,DF,Torino,31,1992,12.9,41,3.19,23,14,0,2,1,1,0,0.0,0,0,0,0,0,0
Cristiano Biraghi,ITA,DF,Fiorentina,31,1992,4.8,8,1.66,3,5,0,0,0,0,0,0.0,0,0,0,0,0,0
Emil Bohinen,NOR,MF,Genoa,25,1999,1.8,5,2.69,4,0,0,0,1,0,0,0.0,0,0,0,0,0,0
Warren Bondo,FRA,MF,Monza,20,2003,18.0,26,1.45,20,0,2,0,4,0,1,0.06,1,0,0,0,0,0
Warren Bondo,FRA,MF,Milan,20,2003,1.8,1,0.56,1,0,0,0,0,0,0,0.0,0,0,0,0,0,0
Kevin Bonifazi,ITA,DF,Lecce,28,1996,0.7,0,0.0,0,0,0,0,0,0,0,0.0,0,0,0,0,0,0
Ange-Yoan Bonny,FRA,FW,Parma,20,2003,28.1,67,2.39,44,1,11,6,5,0,8,0.28,4,0,2,1,1,0
Edoardo Bove,ITA,"MF,FW",Fiorentina,22,2002,9.3,31,3.27,24,1,1,1,3,1,7,0.74,5,0,1,0,1,0
Domagoj Bradarić,CRO,DF,Hellas Verona,24,1999,21.5,47,2.19,30,12,3,1,1,0,1,0.05,1,0,0,0,0,0
Matthias Braunöder,AUT,MF,Como,22,2002,3.0,4,1.34,2,0,0,1,1,0,0,0.0,0,0,0,0,0,0
Iker Bravo,ESP,"FW,MF",Udinese,19,2005,7.6,14,1.85,10,2,1,1,0,0,0,0.0,0,0,0,0,0,0
Gleison Bremer,BRA,DF,Juventus,27,1997,6.0,3,0.5,2,0,1,0,0,0,0,0.0,0,0,0,0,0,0
Brenner,BRA,"MF,FW",Udinese,24,2000,4.3,11,2.56,8,3,0,0,0,0,1,0.23,1,0,0,0,0,0
Marco Brescianini,ITA,MF,Atalanta,24,2000,11.0,26,2.37,22,0,2,2,0,0,6,0.55,4,0,0,2,0,0
Arvid Brorsson,SWE,DF,Monza,25,1999,4.0,1,0.25,0,1,0,0,0,0,0,0.0,0,0,0,0,0,0
Alessandro Buongiorno,ITA,DF,Napoli,25,1999,21.4,19,0.89,18,0,0,1,0,0,2,0.09,2,0,0,0,0,0
Rareș-Cătălin Burnete,ROU,FW,Lecce,20,2004,0.3,0,0.0,0,0,0,0,0,0,0,0.0,0,0,0,0,0,0
Gianluca Busio,USA,MF,Venezia,22,2002,28.0,65,2.33,54,0,1,5,5,0,2,0.07,1,0,0,1,0,0
Jean Butez,FRA,GK,Como,29,1995,18.5,5,0.27,5,0,0,0,0,0,0,0.0,0,0,0,0,0,0
Liberato Cacace,NZL,"MF,DF",Empoli,23,2000,24.8,54,2.18,33,14,4,2,1,0,4,0.16,2,2,0,0,0,0
Alessio Cacciamani,ITA,"MF,DF",Torino,17,2007,0.3,1,2.9,1,0,0,0,0,0,0,0.0,0,0,0,0,0,0
Davide Calabria,ITA,DF,Bologna,27,1996,7.0,24,3.42,22,1,0,0,0,1,3,0.43,3,0,0,0,0,0
Davide Calabria,ITA,DF,Milan,27,1996,3.5,9,2.56,6,1,0,1,1,0,0,0.0,0,0,0,0,0,0
Luca Caldirola,ITA,DF,Monza,33,1991,9.7,5,0.51,5,0,0,0,0,0,0,0.0,0,0,0,0,0,0
Hakan Çalhanoğlu,TUR,MF,Inter,30,1994,20.9,99,4.58,58,33,1,5,0,2,14,0.65,7,6,0,1,0,0
Drissa Camara,CIV,"MF,FW",Parma,22,2002,5.0,15,3.01,8,2,1,2,2,0,2,0.4,0,0,0,1,1,0
Francesco Camarda,ITA,"FW,MF",Milan,16,2008,2.3,7,3.04,4,0,0,2,0,1,1,0.43,0,0,0,1,0,0
Nicolò Cambiaghi,ITA,FW,Bologna,23,2000,6.9,30,4.36,22,0,2,2,4,0,8,1.16,6,0,0,0,2,0
Thomas Campaniello,ITA,FW,Empoli,16,2008,0.3,0,0.0,0,0,0,0,0,0,0,0.0,0,0,0,0,0,0
Matteo Cancellieri,ITA,"FW,MF",Parma,22,2002,15.8,27,1.71,15,2,4,1,5,0,3,0.19,1,0,2,0,0,0
Fali Candé,GNB,DF,Venezia,26,1998,17.0,14,0.82,10,2,0,1,1,0,3,0.18,2,0,0,1,0,0
Antonio Candela,ITA,DF,Venezia,24,2000,11.2,17,1.52,13,1,1,0,0,2,1,0.09,1,0,0,0,0,0
Gianluca Caprari,ITA,"MF,FW",Monza,31,1993,18.3,63,3.43,43,13,1,4,1,1,5,0.27,5,0,0,0,0,0
Elia Caprile,ITA,GK,Cagliari,22,2001,18.0,0,0.0,0,0,0,0,0,0,0,0.0,0,0,0,0,0,0
Elia Caprile,ITA,GK,Napoli,22,2001,3.6,0,0.0,0,0,0,0,0,0,0,0.0,0,0,0,0,0,0
Francesco Caputo,ITA,FW,Empoli,36,1987,0.1,0,0.0,0,0,0,0,0,0,0,0.0,0,0,0,0,0,0
Maxence Caqueret,FRA,MF,Como,24,2000,12.1,41,3.4,34,1,3,2,1,0,8,0.66,7,0,1,0,0,0
Andrea Carboni,ITA,DF,Monza,23,2001,24.3,11,0.45,11,0,0,0,0,0,2,0.08,2,0,0,0,0,0
Franco Carboni,ITA,DF,Venezia,21,2003,2.5,5,2.0,4,0,0,0,1,0,1,0.4,0,0,0,0,1,0
Marco Carnesecchi,ITA,GK,Atalanta,24,2000,34.0,5,0.15,4,1,0,0,0,0,1,0.03,1,0,0,0,0,0
Cesare Casadei,ITA,MF,Torino,21,2003,11.3,19,1.68,16,0,0,1,1,1,2,0.18,2,0,0,0,0,0
Nicolò Casale,ITA,DF,Bologna,26,1998,10.0,12,1.2,10,0,0,2,0,0,2,0.2,2,0,0,0,0,0
Nicolò Casale,ITA,DF,Lazio,26,1998,1.5,0,0.0,0,0,0,0,0,0,0,0.0,0,0,0,0,0,0
Federico Cassa,ITA,"MF,FW",Atalanta,18,2006,0.2,1,6.43,0,0,0,0,1,0,0,0.0,0,0,0,0,0,0
Valentín Castellanos,ARG,FW,Lazio,25,1998,26.5,73,2.76,37,1,5,23,5,2,14,0.53,7,0,1,3,2,1
Santiago Castro,ARG,FW,Bologna,19,2004,25.5,69,2.71,45,1,6,7,8,2,11,0.43,8,0,2,1,0,0
Gaetano Castrovilli,ITA,MF,Monza,27,1997,6.6,15,2.27,9,2,1,2,0,1,2,0.3,0,1,0,1,0,0
Gaetano Castrovilli,ITA,"MF,FW",Lazio,27,1997,1.6,3,1.84,3,0,0,0,0,0,0,0.0,0,0,0,0,0,0
Danilo Cataldi,ITA,MF,Fiorentina,29,1994,19.0,32,1.68,21,6,0,3,1,1,1,0.05,0,1,0,0,0,0
Zeki Çelik,TUR,DF,Roma,27,1997,25.1,38,1.51,35,1,1,1,0,0,4,0.16,4,0,0,0,0,0
Alberto Cerri,ITA,FW,Como,28,1996,1.0,1,1.03,1,0,0,0,0,0,0,0.0,0,0,0,0,0,0
Gabriel Charpentier,CGO,FW,Parma,25,1999,3.0,11,3.64,8,0,0,0,2,1,3,0.99,2,0,0,0,1,0
Walid Cheddira,MAR,FW,Napoli,26,1998,0.1,1,7.5,1,0,0,0,0,0,0,0.0,0,0,0,0,0,0
Leandro Chichizola,ARG,GK,Parma,34,1990,1.0,2,2.0,1,1,0,0,0,0,0,0.0,0,0,0,0,0,0
Samuel Chukwueze,NGA,"FW,MF",Milan,25,1999,10.3,49,4.77,38,2,6,2,1,0,2,0.19,1,1,0,0,0,0
Aaron Ciammaglichella,ITA,MF,Torino,19,2005,0.0,0,0.0,0,0,0,0,0,0,0,0.0,0,0,0,0,0,0
Giuseppe Ciocci,ITA,GK,Cagliari,22,2002,0.1,0,0.0,0,0,0,0,0,0,0,0.0,0,0,0,0,0,0
Alessandro Circati,AUS,DF,Parma,20,2003,6.0,3,0.5,2,0,0,1,0,0,0,0.0,0,0,0,0,0,0
Alphadjo Cissè,ITA,"FW,MF",Hellas Verona,17,2006,0.1,1,10.0,1,0,0,0,0,0,0,0.0,0,0,0,0,0,0
Patrick Ciurria,ITA,"MF,DF",Monza,29,1995,12.3,26,2.11,20,5,0,1,0,0,2,0.16,1,0,0,1,0,0
Saúl Coco,EQG,DF,Torino,25,1999,31.6,16,0.51,12,0,0,3,1,0,1,0.03,0,0,0,0,1,0
Lorenzo Colombo,ITA,"FW,MF",Empoli,22,2002,24.8,55,2.21,33,0,5,8,8,1,3,0.12,1,0,1,1,0,0
Andrea Colpani,ITA,"FW,MF",Fiorentina,25,1999,15.9,43,2.7,34,4,0,4,1,0,5,0.31,3,0,0,2,0,0
Florinel Coman,ROU,"FW,MF",Cagliari,26,1998,2.9,4,1.37,3,0,0,0,1,0,1,0.34,1,0,0,0,0,0
Pietro Comuzzo,ITA,DF,Fiorentina,19,2005,23.4,20,0.82,17,0,0,1,0,2,1,0.04,1,0,0,0,0,0
Francisco Conceição,POR,"FW,MF",Juventus,21,2002,14.9,64,4.3,45,4,10,4,1,0,9,0.6,5,1,1,1,1,0
Diego Coppola,ITA,DF,Hellas Verona,20,2003,32.5,10,0.31,9,0,0,1,0,0,1,0.03,1,0,0,0,0,0
Maxwel Cornet,CIV,"FW,MF",Genoa,27,1996,2.7,8,2.93,6,0,2,0,0,0,1,0.37,1,0,0,0,0,0
Joaquín Correa,ARG,"FW,MF",Inter,29,1994,8.1,25,3.07,21,0,2,1,1,0,4,0.49,3,0,1,0,0,0
Alberto costa,POR,DF,Juventus,20,2003,4.0,7,1.76,4,0,1,2,0,0,1,0.25,1,0,0,0,0,0
Lassana Coulibaly,MLI,MF,Lecce,28,1996,29.6,46,1.55,34,0,1,1,7,3,2,0.07,1,0,0,0,1,0
Woyo Coulibaly,MLI,DF,Parma,25,1999,12.0,19,1.58,17,0,1,0,1,0,3,0.25,1,0,1,0,1,0
Bryan Cristante,ITA,MF,Roma,29,1995,22.7,51,2.24,46,0,0,4,1,0,5,0.22,5,0,0,0,0,0
Domen Črnigoj,SVN,MF,Venezia,28,1995,1.5,2,1.32,1,0,0,0,1,0,0,0.0,0,0,0,0,0,0
Patrick Cutrone,ITA,FW,Como,26,1998,22.7,49,2.15,33,0,1,10,3,2,6,0.26,6,0,0,0,0,0
Wylan Cyprien,FRA,MF,Parma,29,1995,0.3,0,0.0,0,0,0,0,0,0,0,0.0,0,0,0,0,0,0
Danilo D'Ambrosio,ITA,DF,Monza,35,1988,12.2,8,0.66,8,0,0,0,0,0,1,0.08,1,0,0,0,0,0
Thijs Dallinga,NED,FW,Bologna,23,2000,12.8,27,2.11,20,0,0,3,3,1,5,0.39,3,0,0,0,1,1
Flavius Daniliuc,AUT,DF,Hellas Verona,23,2001,11.2,11,0.98,10,0,0,0,1,0,0,0.0,0,0,0,0,0,0
Danilo,BRA,DF,Juventus,33,1991,6.5,10,1.55,10,0,0,0,0,0,1,0.15,1,0,0,0,0,0
Matteo Darmian,ITA,DF,Inter,34,1989,19.8,34,1.72,26,3,0,1,2,2,4,0.2,4,0,0,0,0,0
Keinan Davis,ENG,FW,Udinese,26,1998,11.8,35,2.95,27,0,4,3,0,1,2,0.17,0,0,1,1,0,0
Alessandro Deiola,ITA,MF,Cagliari,28,1995,15.9,26,1.63,19,1,0,3,2,1,3,0.19,2,0,0,1,0,0
Fisayo Dele-Bashiru,NGA,"MF,FW",Lazio,23,2001,10.5,24,2.28,17,0,5,2,0,0,1,0.09,1,0,0,0,0,0
Ali Dembélé,FRA,DF,Torino,20,2004,4.3,7,1.62,5,0,2,0,0,0,0,0.0,0,0,0,0,0,0
Boulaye Dia,SEN,"MF,FW",Lazio,27,1996,24.2,55,2.27,40,0,4,8,2,1,8,0.33,7,0,0,1,0,0
Assane Diao,SEN,"FW,MF",Como,18,2005,13.9,31,2.23,21,0,4,3,3,0,4,0.29,2,0,1,0,1,0
Berat Djimsiti,ALB,DF,Atalanta,31,1993,29.3,30,1.02,23,0,0,7,0,0,7,0.24,5,0,0,2,0,0
Dodô,BRA,DF,Fiorentina,25,1998,33.6,75,2.17,56,2,4,3,8,2,11,0.32,7,0,2,0,2,0
Benjamín Domínguez,ARG,FW,Bologna,20,2003,14.2,41,2.88,30,0,5,1,4,1,7,0.49,6,0,1,0,0,0
Alberto Dossena,ITA,DF,Como,25,1998,20.3,11,0.54,9,0,1,1,0,0,2,0.1,1,0,0,1,0,0
Issa Doumbia,ITA,MF,Venezia,20,2003,10.4,17,1.63,14,0,1,1,0,1,2,0.19,2,0,0,0,0,0
Anastasios Douvikas,GRE,FW,Como,24,1999,6.4,19,2.95,15,0,2,1,1,0,1,0.16,1,0,0,0,0,0
Artem Dovbyk,UKR,FW,Roma,27,1997,26.9,52,1.94,43,0,4,4,1,0,6,0.22,3,0,2,1,0,0
Ondrej Duda,SVK,MF,Hellas Verona,29,1994,26.6,73,2.74,45,18,2,3,4,1,7,0.26,5,2,0,0,0,0
Alfred Duncan,GHA,MF,Venezia,31,1993,10.6,32,3.01,25,4,1,2,0,0,2,0.19,1,0,0,1,0,0
Paulo Dybala,ARG,"FW,MF",Roma,30,1993,15.7,84,5.34,47,19,1,6,11,0,8,0.51,5,1,0,0,2,0
Enzo Ebosse,CMR,DF,Udinese,25,1999,1.0,3,3.0,2,0,1,0,0,0,0,0.0,0,0,0,0,0,0
Éderson,BRA,MF,Atalanta,25,1999,32.0,98,3.06,78,2,6,6,2,4,10,0.31,9,0,0,1,0,0
Kingsley Ehizibue,NED,DF,Udinese,29,1995,27.8,51,1.84,39,4,1,3,3,1,2,0.07,1,0,0,1,0,0
Jeff Ekhator,ITA,"FW,MF",Genoa,17,2006,8.5,21,2.46,15,0,0,2,4,0,2,0.23,1,0,0,1,0,0
Jurgen Ekkelenkamp,NED,MF,Udinese,24,2000,21.0,38,1.81,29,2,2,3,1,1,6,0.29,4,0,1,1,0,0
Emmanuel Ekong,SWE,"MF,FW",Empoli,22,2002,2.1,6,2.9,3,0,3,0,0,0,0,0.0,0,0,0,0,0,0
Caleb Ekuban,GHA,FW,Genoa,30,1994,6.2,14,2.27,11,0,0,2,1,0,3,0.49,3,0,0,0,0,0
Elif Elmas,MKD,"FW,MF",Torino,24,1999,11.3,29,2.56,19,0,4,4,2,0,3,0.26,1,0,1,1,0,0
Emerson,BRA,DF,Milan,25,1999,15.3,33,2.16,29,0,0,2,2,0,1,0.07,1,0,0,0,0,0
Yannik Engelhardt,GER,"MF,DF",Como,23,2001,12.9,24,1.86,20,1,1,0,1,1,2,0.15,2,0,0,0,0,0
Martin Erlic,CRO,DF,Bologna,26,1998,3.7,4,1.08,2,0,0,1,1,0,1,0.27,0,0,0,0,1,0
Sebastiano Esposito,ITA,"FW,MF",Empoli,22,2002,25.9,79,3.05,52,4,6,9,7,1,6,0.23,0,0,2,3,1,0
Estanis,ESP,FW,Bologna,20,2003,0.1,3,30.0,2,0,1,0,0,0,0,0.0,0,0,0,0,0,0
Nahuel Estévez,ARG,MF,Parma,28,1995,7.3,13,1.78,7,4,0,1,0,1,1,0.14,0,0,0,0,0,1
Giovanni Fabbian,ITA,MF,Bologna,21,2003,11.4,19,1.67,13,0,0,4,1,1,0,0.0,0,0,0,0,0,0
Alieu Fadera,GAM,"FW,DF",Como,22,2001,18.3,54,2.95,37,1,5,3,6,2,7,0.38,6,0,1,0,0,0
Nicolò Fagioli,ITA,MF,Fiorentina,23,2001,10.7,43,4.02,32,5,1,4,1,0,4,0.37,3,0,0,1,0,0
Nicolò Fagioli,ITA,MF,Juventus,23,2001,6.3,10,1.57,8,0,0,2,0,0,1,0.16,1,0,0,0,0,0
Wladimiro Falcone,ITA,GK,Lecce,29,1995,38.0,11,0.29,8,3,0,0,0,0,1,0.03,1,0,0,0,0,0
Davide Faraoni,ITA,DF,Hellas Verona,32,1991,2.9,3,1.04,3,0,0,0,0,0,0,0.0,0,0,0,0,0,0
Jacopo Fazzini,ITA,MF,Empoli,21,2003,15.4,49,3.19,34,2,3,3,7,0,7,0.46,7,0,0,0,0,0
Mattia Felici,ITA,"MF,FW",Cagliari,23,2001,10.3,31,3.02,18,3,8,1,1,0,4,0.39,3,0,1,0,0,0
João Félix,POR,MF,Milan,24,1999,8.4,35,4.14,25,1,3,3,3,0,6,0.71,4,0,0,1,1,0
Lewis Ferguson,SCO,MF,Bologna,24,1999,10.9,32,2.93,27,3,1,0,0,1,1,0.09,1,0,0,0,0,0
Daniel Fila,CZE,FW,Venezia,21,2002,5.5,15,2.74,9,0,2,1,3,0,0,0.0,0,0,0,0,0,0
Alessandro Florenzi,ITA,FW,Milan,33,1991,0.1,0,0.0,0,0,0,0,0,0,0,0.0,0,0,0,0,0,0
Youssouf Fofana,FRA,MF,Milan,25,1999,27.8,62,2.23,57,0,0,0,0,5,6,0.22,6,0,0,0,0,0
Michael Folorunsho,ITA,"FW,MF",Fiorentina,26,1998,7.2,14,1.94,9,0,2,1,1,1,1,0.14,1,0,0,0,0,0
Michael Folorunsho,ITA,"FW,MF",Napoli,26,1998,0.4,0,0.0,0,0,0,0,0,0,0,0.0,0,0,0,0,0,0
Omari Forson,ENG,"MF,FW",Monza,20,2004,2.5,14,5.65,10,1,2,0,1,0,0,0.0,0,0,0,0,0,0
Davide Frattesi,ITA,MF,Inter,24,1999,12.9,19,1.4,13,0,2,2,2,0,2,0.15,1,0,0,0,1,0
Morten Frendrup,DEN,MF,Genoa,23,2001,34.5,53,1.54,46,0,0,0,3,4,4,0.12,4,0,0,0,0,0
Martin Frese,DEN,DF,Hellas Verona,26,1998,6.1,10,1.64,5,3,0,1,1,0,1,0.16,0,0,0,0,1,0
Remo Freuler,SUI,MF,Bologna,32,1992,35.6,74,2.08,65,2,1,0,1,5,3,0.08,2,0,0,0,0,1
Matteo Gabbia,ITA,DF,Milan,24,1999,23.9,22,0.92,16,3,0,1,1,1,3,0.13,1,0,0,1,0,1
Tommaso Gabellini,ITA,FW,Torino,17,2006,0.1,0,0.0,0,0,0,0,0,0,0,0.0,0,0,0,0,0,0
Tiago Gabriel,POR,DF,Lecce,19,2004,1.1,1,0.94,1,0,0,0,0,0,0,0.0,0,0,0,0,0,0
Alessandro Gabrielloni,ITA,"FW,MF",Como,30,1994,1.6,6,3.78,4,0,0,1,1,0,1,0.63,1,0,0,0,0,0
Gianluca Gaetano,ITA,"MF,FW",Cagliari,24,2000,11.2,48,4.28,29,6,4,6,3,0,5,0.45,5,0,0,0,0,0
Roberto Gagliardini,ITA,"MF,DF",Monza,30,1994,2.0,4,2.0,2,1,0,0,1,0,0,0.0,0,0,0,0,0,0
Antonino Gallo,ITA,DF,Lecce,24,2000,29.0,72,2.48,56,14,1,0,1,0,3,0.1,3,0,0,0,0,0
Federico Gatti,ITA,DF,Juventus,26,1998,24.4,26,1.07,17,0,1,5,1,2,2,0.08,0,0,0,1,1,0
Valentin Gendrey,FRA,DF,Lecce,24,2000,2.0,3,1.5,2,1,0,0,0,0,0,0.0,0,0,0,0,0,0
Daniele Ghilardi,ITA,DF,Hellas Verona,21,2003,22.5,16,0.71,11,0,0,0,4,1,1,0.04,1,0,0,0,0,0
Lautaro Gianetti,ARG,DF,Udinese,30,1993,9.8,4,0.41,4,0,0,0,0,0,0,0.0,0,0,0,0,0,0
Samuel Gigot,FRA,DF,Lazio,30,1993,7.6,6,0.79,6,0,0,0,0,0,1,0.13,1,0,0,0,0,0
Mario Gila,ESP,DF,Lazio,23,2000,30.5,38,1.25,34,1,0,2,0,1,1,0.03,1,0,0,0,0,0
Billy Gilmour,SCO,MF,Napoli,23,2001,13.1,40,3.06,29,6,1,2,2,0,4,0.31,4,0,0,0,0,0
Santiago Giménez,MEX,FW,Milan,23,2001,7.4,16,2.15,11,0,4,1,0,0,4,0.54,2,0,2,0,0,0
Gvidas Gineitis,LTU,MF,Torino,20,2004,15.9,39,2.45,26,6,0,4,2,1,2,0.13,1,0,0,0,0,1
Ben Godfrey,ENG,DF,Atalanta,26,1998,0.3,0,0.0,0,0,0,0,0,0,0,0.0,0,0,0,0,0,0
Saba Goglichidze,GEO,DF,Empoli,20,2004,28.2,13,0.46,11,0,0,0,0,2,2,0.07,2,0,0,0,0,0
Edoardo Goldaniga,ITA,DF,Como,30,1993,28.1,25,0.89,18,2,0,5,0,0,3,0.11,2,0,0,1,0,0
Pierluigi Gollini,ITA,GK,Genoa,29,1995,7.0,4,0.57,1,3,0,0,0,0,0,0.0,0,0,0,0,0,0
Nicolás González,ARG,"FW,MF",Juventus,26,1998,19.4,47,2.42,32,2,3,5,4,1,4,0.21,3,0,0,1,0,0
Robin Gosens,GER,DF,Fiorentina,30,1994,27.0,66,2.36,51,6,2,5,1,1,14,0.5,8,2,0,4,0,0
Lucas Gourna-Douath,FRA,MF,Roma,20,2003,2.5,4,1.58,3,0,1,0,0,0,0,0.0,0,0,0,0,0,0
Alberto Grassi,ITA,MF,Empoli,29,1995,24.5,27,1.1,21,0,0,2,3,1,2,0.08,1,0,0,0,1,0
Mattéo Guendouzi,FRA,MF,Lazio,25,1999,36.3,118,3.25,106,4,2,4,1,1,7,0.19,7,0,0,0,0,0
Frederic Guilbert,FRA,DF,Lecce,29,1994,27.1,45,1.66,31,10,1,1,0,2,2,0.07,2,0,0,0,0,0
Albert Guðmundsson,ISL,"FW,MF",Fiorentina,27,1997,14.1,39,2.76,26,2,2,5,4,0,5,0.35,3,0,0,0,2,0
Christian Gytkjær,DEN,FW,Venezia,34,1990,8.4,14,1.67,10,0,0,3,1,0,2,0.24,0,0,0,2,0,0
Nicolas Haas,SUI,MF,Empoli,28,1996,3.2,8,2.51,6,0,0,0,0,2,0,0.0,0,0,0,0,0,0
Mohamed Haj,TUN,MF,Parma,19,2005,5.0,20,3.96,16,1,1,1,1,0,2,0.4,1,0,0,1,0,0
Ridgeciano Haps,SUR,DF,Venezia,31,1993,15.2,20,1.31,16,0,1,2,1,0,2,0.13,2,0,0,0,0,0
Abdou Harroui,NED,"MF,FW",Hellas Verona,26,1998,5.1,15,2.92,13,0,2,0,0,0,3,0.58,3,0,0,0,0,0
Liam Henderson,SCO,MF,Empoli,28,1996,26.0,59,2.27,44,10,2,1,1,1,5,0.19,4,1,0,0,0,0
Mario Hermoso,ESP,DF,Roma,29,1995,2.8,4,1.43,3,0,0,1,0,0,0,0.0,0,0,0,0,0,0
Theo Hernández,FRA,DF,Milan,26,1997,30.0,107,3.57,66,22,6,8,4,1,12,0.4,8,1,0,1,1,1
Hernani,BRA,MF,Parma,30,1994,14.7,43,2.92,32,9,0,0,2,0,5,0.34,2,2,0,0,1,0
Isak Hien,SWE,DF,Atalanta,25,1999,25.9,5,0.19,4,0,0,1,0,0,1,0.04,1,0,0,0,0,0
Emil Holm,SWE,DF,Bologna,24,2000,12.6,28,2.22,22,2,2,1,1,0,2,0.16,1,0,0,1,0,0
Mats Hummels,GER,DF,Roma,35,1988,10.2,8,0.79,6,0,1,0,1,0,1,0.1,1,0,0,0,0,0
Elseid Hysaj,ALB,DF,Lazio,30,1994,4.7,10,2.12,8,0,1,1,0,0,3,0.64,3,0,0,0,0,0
Arijon Ibrahimović,GER,MF,Lazio,18,2005,0.1,1,11.25,0,0,0,1,0,0,0,0.0,0,0,0,0,0,0
Jay Idzes,IDN,DF,Venezia,24,2000,34.7,24,0.69,18,3,0,2,1,0,0,0.0,0,0,0,0,0,0
Jonathan Ikone,FRA,FW,Como,26,1998,6.0,14,2.33,7,0,2,2,2,1,3,0.5,2,0,0,0,0,1
Jonathan Ikone,FRA,"FW,MF",Fiorentina,26,1998,3.7,13,3.5,8,0,2,1,2,0,0,0.0,0,0,0,0,0,0
Ivan Ilić,SRB,MF,Torino,23,2001,10.2,31,3.03,23,4,0,1,3,0,6,0.59,4,2,0,0,0,0
Samuel Iling-Junior,ENG,"FW,MF",Bologna,20,2003,1.3,7,5.29,6,0,1,0,0,0,0,0.0,0,0,0,0,0,0
Gustav Isaksen,DEN,FW,Lazio,23,2001,24.6,93,3.79,53,11,14,7,8,0,9,0.37,6,0,2,0,1,0
Ardian Ismajli,ALB,DF,Empoli,27,1996,27.9,8,0.29,6,1,0,0,0,1,1,0.04,1,0,0,0,0,0
Armando Izzo,ITA,DF,Monza,32,1992,27.1,20,0.74,19,1,0,0,0,0,2,0.07,2,0,0,0,0,0
Fellipe Jack,BRA,DF,Como,18,2006,1.9,2,1.05,2,0,0,0,0,0,0,0.0,0,0,0,0,0,0
Ali Jasim,IRQ,"FW,DF",Como,20,2004,0.1,1,9.0,1,0,0,0,0,0,0,0.0,0,0,0,0,0,0
Gaby Jean,FRA,DF,Lecce,24,2000,15.4,4,0.26,4,0,0,0,0,0,0,0.0,0,0,0,0,0,0
Juan Jesus,BRA,DF,Napoli,33,1991,11.9,9,0.75,9,0,0,0,0,0,1,0.08,1,0,0,0,0,0
Jesse Joronen,FIN,GK,Venezia,31,1993,7.8,0,0.0,0,0,0,0,0,0,0,0.0,0,0,0,0,0,0
Luka Jović,SRB,"FW,MF",Milan,26,1997,6.2,16,2.59,14,0,2,0,0,0,0,0.0,0,0,0,0,0,0
Mohamed Kaba,FRA,MF,Lecce,22,2001,5.0,10,1.99,8,0,0,1,1,0,0,0.0,0,0,0,0,0,0
Christian Kabasele,BEL,DF,Udinese,33,1991,12.9,12,0.93,7,0,1,3,0,1,0,0.0,0,0,0,0,0,0
Pierre Kalulu,FRA,DF,Juventus,24,2000,26.0,36,1.39,30,0,1,1,3,1,1,0.04,1,0,0,0,0,0
Hassane Kamara,CIV,DF,Udinese,30,1994,22.2,44,1.98,34,3,1,2,1,3,6,0.27,3,1,0,0,1,1
Yann Karamoh,FRA,"MF,FW",Torino,26,1998,11.6,24,2.06,16,1,3,4,0,0,2,0.17,1,0,0,1,0,0
Jesper Karlsson,SWE,FW,Bologna,26,1998,3.3,9,2.72,9,0,0,0,0,0,1,0.3,1,0,0,0,0,0
Jesper Karlsson,SWE,FW,Lecce,26,1998,5.5,18,3.26,10,8,0,0,0,0,0,0.0,0,0,0,0,0,0
Jesper Karlström,SWE,MF,Udinese,29,1995,35.4,59,1.67,53,1,1,0,2,2,3,0.08,3,0,0,0,0,0
Lior Kasa,ISR,"MF,FW",Genoa,18,2005,2.6,5,1.97,3,1,0,1,0,0,0,0.0,0,0,0,0,0,0
Grigoris Kastanos,CYP,"MF,FW",Hellas Verona,26,1998,9.7,24,2.47,13,8,0,2,1,0,2,0.21,1,1,0,0,0,0
Moise Kean,ITA,FW,Fiorentina,24,2000,29.1,57,1.9,26,1,16,8,5,1,7,0.23,2,0,3,2,0,0
Mandela Keita,BEL,MF,Parma,22,2002,20.3,33,1.63,28,0,3,0,2,0,4,0.2,3,0,1,0,0,0
Lloyd Kelly,ENG,DF,Juventus,25,1998,11.3,12,1.07,10,1,0,1,0,0,0,0.0,0,0,0,0,0,0
Marc-Oliver Kempf,GER,DF,Como,29,1995,29.1,34,1.17,29,0,0,5,0,0,2,0.07,2,0,0,0,0,0
Kialonda,ANG,DF,Lecce,26,1997,23.8,15,0.63,12,0,0,3,0,0,1,0.04,1,0,0,0,0,0
Sead Kolašinac,BIH,DF,Atalanta,31,1993,21.1,37,1.75,33,0,0,3,1,0,4,0.19,3,0,0,1,0,0
Ismael Konate,CIV,"FW,MF",Empoli,18,2006,1.3,3,2.31,2,0,1,0,0,0,1,0.77,1,0,0,0,0,0
Manu Koné,FRA,MF,Roma,23,2001,28.6,67,2.34,46,1,5,6,6,3,6,0.21,3,0,1,0,1,1
Teun Koopmeiners,NED,"MF,FW",Juventus,26,1998,22.2,63,2.84,39,17,2,2,2,1,3,0.14,2,1,0,0,0,0
Odilon Kossounou,CIV,DF,Atalanta,23,2001,12.5,7,0.56,6,0,1,0,0,0,0,0.0,0,0,0,0,0,0
Christian Kouamé,CIV,"FW,MF",Fiorentina,26,1997,6.9,22,3.19,18,0,2,1,1,0,0,0.0,0,0,0,0,0,0
Christian Kouamé,CIV,"FW,MF",Empoli,26,1997,5.6,23,4.08,15,0,3,2,2,1,0,0.0,0,0,0,0,0,0
Viktor Kovalenko,UKR,MF,Empoli,28,1996,0.9,0,0.0,0,0,0,0,0,0,0,0.0,0,0,0,0,0,0
Mateusz Kowalski,POL,MF,Parma,19,2005,0.6,0,0.0,0,0,0,0,0,0,0,0.0,0,0,0,0,0,0
Thomas Kristensen,DEN,DF,Udinese,22,2002,19.5,17,0.87,16,1,0,0,0,0,1,0.05,1,0,0,0,0,0
Nikola Krstović,MNE,FW,Lecce,24,2000,34.0,87,2.56,57,2,8,12,5,3,7,0.21,6,0,0,1,0,0
Khvicha Kvaratskhelia,GEO,"FW,MF",Napoli,23,2001,13.1,57,4.35,40,10,2,2,3,0,6,0.46,5,0,1,0,0,0
Giorgos Kyriakopoulos,GRE,DF,Monza,28,1996,31.6,70,2.21,41,18,3,3,5,0,6,0.19,4,1,1,0,0,0
Mathis Lambourde,FRA,"FW,MF",Hellas Verona,18,2006,1.0,2,2.0,1,0,1,0,0,0,1,1.0,0,0,1,0,0,0
Gianluca Lapadula,PER,"FW,MF",Cagliari,34,1990,3.4,13,3.77,5,0,1,7,0,0,0,0.0,0,0,0,0,0,0
Manuel Lazzari,ITA,DF,Lazio,30,1993,15.6,36,2.3,32,0,2,0,1,1,2,0.13,2,0,0,0,0,0
Nicola Leali,ITA,GK,Genoa,31,1993,29.0,2,0.07,2,0,0,0,0,0,1,0.03,1,0,0,0,0,0
Rafael Leão,POR,FW,Milan,25,1999,25.8,113,4.38,78,1,16,11,6,1,16,0.62,10,0,3,1,2,0
Stefan Lekovic,SRB,DF,Monza,20,2004,4.1,6,1.47,4,0,1,0,1,0,0,0.0,0,0,0,0,0,0
Nunzio Lella,ITA,MF,Venezia,24,2000,0.1,1,15.0,0,0,0,0,1,0,0,0.0,0,0,0,0,0,0
Giovanni Leoni,ITA,DF,Parma,17,2006,13.3,3,0.23,3,0,0,0,0,0,0,0.0,0,0,0,0,0,0
Mattia Liberali,ITA,MF,Milan,17,2007,0.7,1,1.48,1,0,0,0,0,0,0,0.0,0,0,0,0,0,0
Karol Linetty,POL,MF,Torino,29,1995,17.1,24,1.4,20,0,2,1,0,1,2,0.12,1,0,0,1,0,0
Dailon Livramento,CPV,"FW,MF",Hellas Verona,23,2001,10.4,19,1.82,12,0,4,1,1,1,4,0.38,2,0,1,1,0,0
Stanislav Lobotka,SVK,MF,Napoli,29,1994,29.3,54,1.84,47,4,0,2,0,1,6,0.2,5,1,0,0,0,0
Manuel Locatelli,ITA,MF,Juventus,26,1998,31.4,98,3.13,85,5,1,3,2,2,8,0.26,6,1,0,0,0,1
Ruben Loftus-Cheek,ENG,MF,Milan,28,1996,11.5,34,2.95,27,0,3,1,3,0,2,0.17,1,0,0,0,1,0
Ademola Lookman,NGA,"MF,FW",Atalanta,26,1997,25.0,135,5.41,75,25,17,15,2,1,15,0.6,10,0,3,1,1,0
Sandi Lovrić,SVN,MF,Udinese,26,1998,25.6,81,3.16,49,18,2,7,4,1,10,0.39,6,2,0,0,2,0
Lorenzo Lucca,ITA,FW,Udinese,23,2000,26.1,33,1.26,19,0,1,10,3,0,4,0.15,0,0,1,3,0,0
Jhon Lucumí,COL,DF,Bologna,26,1998,29.0,34,1.17,31,0,0,2,0,1,2,0.07,2,0,0,0,0,0
Douglas Luiz,BRA,MF,Juventus,26,1998,5.9,28,4.75,18,7,0,3,0,0,1,0.17,0,1,0,0,0,0
Romelu Lukaku,BEL,FW,Napoli,31,1993,31.6,76,2.4,63,0,2,9,2,0,16,0.51,15,0,1,0,0,0
Sebastiano Luperto,ITA,DF,Cagliari,27,1996,36.0,30,0.83,23,0,0,6,1,0,5,0.14,2,0,0,2,1,0
Zito Luvumbo,ANG,"FW,MF",Cagliari,22,2002,17.8,35,1.96,24,1,4,3,3,0,4,0.22,4,0,0,0,0,0
Charalampos Lykogiannis,GRE,DF,Bologna,30,1993,11.6,33,2.83,17,16,0,0,0,0,5,0.43,4,1,0,0,0,0
Giangiacomo Magnani,ITA,DF,Hellas Verona,28,1995,11.8,4,0.34,2,1,0,1,0,0,0,0.0,0,0,0,0,0,0
Mike Maignan,FRA,GK,Milan,29,1995,36.6,6,0.16,6,0,0,0,0,0,0,0.0,0,0,0,0,0,0
Antoine Makoumbou,CGO,MF,Cagliari,26,1998,23.9,38,1.59,33,0,0,2,1,2,5,0.21,5,0,0,0,0,0
Daniel Maldini,ITA,"MF,FW",Monza,22,2001,14.5,40,2.75,21,3,6,6,4,0,5,0.34,3,0,0,2,0,0
Daniel Maldini,ITA,"FW,MF",Atalanta,22,2001,2.9,9,3.14,9,0,0,0,0,0,1,0.35,1,0,0,0,0,0
Youssef Maleh,MAR,MF,Empoli,25,1998,16.8,30,1.79,26,0,1,1,2,0,2,0.12,2,0,0,0,0,0
Ruslan Malinovskyi,UKR,"MF,FW",Genoa,31,1993,4.3,17,3.98,11,2,0,3,1,0,2,0.47,2,0,0,0,0,0
Dennis Man,ROU,"FW,MF",Parma,25,1998,22.2,80,3.61,62,8,5,3,1,1,7,0.32,5,1,0,1,0,0
Gianluca Mancini,ITA,DF,Roma,28,1996,34.9,41,1.17,35,0,0,4,1,1,2,0.06,2,0,0,0,0,0
Christos Mandas,GRE,GK,Lazio,22,2001,9.0,2,0.22,2,0,0,0,0,0,1,0.11,1,0,0,0,0,0
Rolando Mandragora,ITA,MF,Fiorentina,27,1997,20.6,56,2.61,35,11,1,3,3,3,5,0.23,3,2,0,0,0,0
Alberto Manzoni,ITA,MF,Atalanta,19,2005,0.1,1,15.0,0,0,0,0,1,0,0,0.0,0,0,0,0,0,0
Alessandro Marcandalli,ITA,DF,Genoa,21,2002,0.5,0,0.0,0,0,0,0,0,0,0,0.0,0,0,0,0,0,0
Alessandro Marcandalli,ITA,DF,Venezia,21,2002,3.9,1,0.25,1,0,0,0,0,0,0,0.0,0,0,0,0,0,0
Filip Marchwiński,POL,MF,Lecce,22,2002,0.2,0,0.0,0,0,0,0,0,0,0,0.0,0,0,0,0,0,0
Pablo Marí,ESP,DF,Monza,30,1993,18.1,16,0.88,15,0,0,0,0,1,1,0.06,1,0,0,0,0,0
Pablo Marí,ESP,DF,Fiorentina,30,1993,12.2,10,0.82,9,0,0,1,0,0,0,0.0,0,0,0,0,0,0
Luca Marianucci,ITA,DF,Empoli,20,2004,11.9,12,1.01,6,2,2,2,0,0,0,0.0,0,0,0,0,0,0
Mirko Marić,CRO,"FW,MF",Monza,29,1995,1.2,2,1.68,2,0,0,0,0,0,0,0.0,0,0,0,0,0,0
Mirko Marić,CRO,FW,Venezia,29,1995,4.0,9,2.27,8,0,0,1,0,0,0,0.0,0,0,0,0,0,0
Rafa Marín,ESP,DF,Napoli,22,2002,1.6,0,0.0,0,0,0,0,0,0,0,0.0,0,0,0,0,0,0
Răzvan Marin,ROU,MF,Cagliari,28,1996,15.6,62,3.97,34,21,1,4,1,1,2,0.13,1,1,0,0,0,0
Guillermo Maripán,CHI,DF,Torino,30,1994,26.0,19,0.73,15,1,0,3,0,0,2,0.08,2,0,0,0,0,0
Aarón Martín,ESP,DF,Genoa,27,1997,34.3,95,2.77,42,48,2,1,2,0,13,0.38,8,5,0,0,0,0
Josep Martinez,ESP,GK,Inter,26,1998,5.0,1,0.2,0,1,0,0,0,0,0,0.0,0,0,0,0,0,0
Lautaro Martínez,ARG,FW,Inter,26,1997,27.5,77,2.7,58,0,2,12,4,1,8,0.28,5,0,1,2,0,0
Kevin Martins,ITA,"MF,DF",Monza,19,2005,2.0,2,0.98,2,0,0,0,0,0,1,0.49,1,0,0,0,0,0
Adam Marušić,MNE,DF,Lazio,31,1992,26.0,33,1.27,25,2,0,5,0,1,3,0.12,1,0,0,2,0,0
Adam Masina,MAR,DF,Torino,30,1994,21.3,21,0.98,17,0,2,0,1,1,4,0.19,2,0,1,0,1,0
Patrizio Masini,ITA,MF,Genoa,23,2001,17.1,24,1.4,18,0,1,0,5,0,3,0.18,2,0,0,0,1,0
Alan Matturro,URU,DF,Genoa,19,2004,10.0,9,0.9,7,1,0,0,0,1,0,0.0,0,0,0,0,0,0
Andrea Mazza,ITA,GK,Monza,20,2004,0.1,0,0.0,0,0,0,0,0,0,0,0.0,0,0,0,0,0,0
Luca Mazzitelli,ITA,MF,Como,28,1995,3.7,13,3.5,10,0,1,1,0,1,1,0.27,1,0,0,0,0,0
Samuel Mbangula,BEL,FW,Juventus,20,2004,7.9,23,2.92,20,0,1,0,1,1,5,0.63,3,0,0,0,1,1
Weston McKennie,USA,"MF,DF",Juventus,25,1998,25.7,60,2.34,50,3,1,3,3,0,9,0.35,9,0,0,0,0,0
Scott McTominay,SCO,MF,Napoli,27,1996,32.6,69,2.11,45,0,3,14,5,2,10,0.31,6,0,1,2,1,0
Filippo Melegoni,ITA,"MF,FW",Genoa,25,1999,1.0,1,1.01,1,0,0,0,0,0,1,1.01,1,0,0,0,0,0
Alex Meret,ITA,GK,Napoli,27,1997,33.4,2,0.06,2,0,0,0,0,0,0,0.0,0,0,0,0,0,0
Junior Messias,BRA,"MF,FW",Genoa,33,1991,9.4,23,2.44,13,0,3,3,4,0,3,0.32,2,0,0,1,0,0
Valentin Mihaila,ROU,"FW,MF",Parma,24,2000,14.3,48,3.36,34,5,3,3,3,0,5,0.35,3,2,0,0,0,0
Vanja Milinković-Savić,SRB,GK,Torino,27,1997,37.0,10,0.27,7,3,0,0,0,0,0,0.0,0,0,0,0,0,0
Yerry Mina,COL,DF,Cagliari,29,1994,28.5,26,0.91,22,0,0,4,0,0,2,0.07,1,0,0,1,0,0
Juan Miranda,ESP,DF,Bologna,24,2000,25.3,96,3.79,57,32,1,4,1,1,13,0.51,11,2,0,0,0,0
Fabio Miretti,ITA,"MF,FW",Genoa,20,2003,18.6,53,2.84,29,11,4,5,4,0,6,0.32,4,2,0,0,0,0
Henrikh Mkhitaryan,ARM,MF,Inter,35,1989,25.9,101,3.8,96,2,2,0,1,0,12,0.45,11,0,0,0,1,0
Lorenzo Montipò,ITA,GK,Hellas Verona,28,1996,36.0,5,0.14,5,0,0,0,0,0,0,0.0,0,0,0,0,0,0
Álvaro Morata,ESP,"FW,MF",Milan,31,1992,12.2,21,1.72,16,0,1,1,2,1,3,0.25,2,0,0,1,0,0
Alberto Moreno,ESP,DF,Como,32,1992,19.2,36,1.88,32,3,0,1,0,0,2,0.1,2,0,0,0,0,0
Matias Moreno,ARG,DF,Fiorentina,20,2003,1.6,3,1.87,2,0,1,0,0,0,0,0.0,0,0,0,0,0,0
Tete Morente,ESP,"FW,MF",Lecce,27,1996,22.5,61,2.72,50,1,4,3,2,1,4,0.18,2,1,1,0,0,0
Nikola Moro,CRO,MF,Bologna,26,1998,13.4,48,3.56,33,9,1,3,0,2,6,0.44,3,0,0,2,0,1
Daniel Mosquera,COL,FW,Hellas Verona,24,1999,15.3,43,2.82,28,0,1,11,1,2,3,0.2,2,0,0,1,0,0
Dany Mota,POR,"FW,MF",Monza,26,1998,23.4,55,2.35,41,0,3,4,7,0,3,0.13,3,0,0,0,0,0
Yunus Musah,USA,"MF,FW",Milan,21,2002,17.5,45,2.58,34,1,5,3,1,1,4,0.23,4,0,0,0,0,0
Juan Musso,ARG,GK,Atalanta,30,1994,1.0,0,0.0,0,0,0,0,0,0,0,0.0,0,0,0,0,0,0
Kingstone Mutandwa,ZAM,"FW,MF",Cagliari,21,2003,1.4,1,0.71,0,0,0,0,1,0,0,0.0,0,0,0,0,0,0
Obite N'Dicka,CIV,DF,Roma,24,1999,38.0,33,0.87,30,0,0,3,0,0,3,0.08,1,0,0,2,0,0
Konan N'dri,CIV,"FW,MF",Lecce,23,2000,3.4,13,3.84,5,0,3,1,3,1,0,0.0,0,0,0,0,0,0
Cher Ndour,ITA,"MF,DF",Fiorentina,20,2004,4.5,10,2.22,8,0,0,0,1,1,0,0.0,0,0,0,0,0,0
Dan Ndoye,SUI,FW,Bologna,23,2000,23.8,88,3.7,57,2,9,3,15,2,9,0.38,8,0,0,0,1,0
Victor Nelsson,DEN,DF,Roma,25,1998,2.1,0,0.0,0,0,0,0,0,0,0,0.0,0,0,0,0,0,0
David Neres,BRA,FW,Napoli,27,1997,14.3,59,4.14,39,7,10,2,1,0,9,0.63,5,1,2,0,1,0
Cyril Ngonge,BEL,FW,Napoli,24,2000,2.4,12,4.98,4,1,2,4,1,0,0,0.0,0,0,0,0,0,0
Oliver Nielsen,DEN,DF,Lazio,21,2003,0.4,0,0.0,0,0,0,0,0,0,0,0.0,0,0,0,0,0,0
Eybi Nije,SWE,"FW,MF",Torino,19,2005,4.4,9,2.06,6,0,2,0,1,0,1,0.23,0,0,1,0,0,0
Tijjani Noslin,NED,"FW,MF",Lazio,25,1999,9.6,27,2.82,20,0,2,2,2,1,4,0.42,3,0,1,0,0,0
Adam Obert,SVK,DF,Cagliari,21,2002,12.0,25,2.09,19,3,0,2,1,0,4,0.33,4,0,0,0,0,0
Jens Odgaard,DEN,"MF,FW",Bologna,25,1999,21.7,45,2.08,28,0,5,8,4,0,6,0.28,4,0,0,2,0,0
Noah Okafor,SUI,FW,Milan,24,2000,4.6,11,2.39,9,0,2,0,0,0,2,0.43,2,0,0,0,0,0
Noah Okafor,SUI,"FW,MF",Napoli,24,2000,0.4,4,9.0,3,0,1,0,0,0,0,0.0,0,0,0,0,0,0
Yllan Okou,FRA,DF,Hellas Verona,21,2002,0.0,0,0.0,0,0,0,0,0,0,0,0.0,0,0,0,0,0,0
Maduka Okoye,NGA,GK,Udinese,24,1999,25.0,1,0.04,1,0,0,0,0,0,0,0.0,0,0,0,0,0,0
Mathías Olivera,URU,DF,Napoli,26,1997,26.3,42,1.59,36,0,0,0,3,3,5,0.19,3,0,0,0,1,1
Jean Onana,CMR,MF,Genoa,24,2000,3.4,4,1.18,4,0,0,0,0,0,0,0.0,0,0,0,0,0,0
Jacob Ondrejka,SWE,"MF,FW",Parma,21,2002,4.7,14,2.99,5,6,1,1,1,0,1,0.21,0,1,0,0,0,0
Gaetano Oristanio,ITA,"FW,MF",Venezia,21,2002,25.7,69,2.68,43,4,9,3,9,1,7,0.27,4,0,1,0,2,0
Riccardo Orsolini,ITA,FW,Bologna,27,1997,20.9,59,2.83,39,5,4,6,5,0,5,0.24,4,0,0,0,1,0
Yordan Osorio,VEN,DF,Parma,30,1994,1.9,1,0.52,1,0,0,0,0,0,0,0.0,0,0,0,0,0,0
Sebastian Otoa,DEN,DF,Genoa,20,2004,2.0,0,0.0,0,0,0,0,0,0,0,0.0,0,0,0,0,0,0
Remi Oudin,FRA,"MF,FW",Lecce,27,1996,3.3,14,4.23,8,4,0,2,0,0,1,0.3,1,0,0,0,0,0
Daniel Oyegoke,ENG,DF,Hellas Verona,21,2003,1.1,0,0.0,0,0,0,0,0,0,0,0.0,0,0,0,0,0,0
Daniele Padelli,ITA,GK,Udinese,38,1985,1.0,0,0.0,0,0,0,0,0,0,0,0.0,0,0,0,0,0,0
Simone Pafundi,ITA,"MF,DF",Udinese,18,2006,1.3,6,4.66,4,2,0,0,0,0,0,0.0,0,0,0,0,0,0
Tomás Palacios,ARG,DF,Monza,21,2003,5.0,5,1.01,4,0,0,0,1,0,0,0.0,0,0,0,0,0,0
Tomás Palacios,ARG,DF,Inter,21,2003,0.1,1,8.18,1,0,0,0,0,0,0,0.0,0,0,0,0,0,0
Alberto Paleari,ITA,GK,Torino,31,1992,1.0,0,0.0,0,0,0,0,0,0,0,0.0,0,0,0,0,0,0
Marco Palestra,ITA,DF,Atalanta,19,2005,2.5,8,3.21,7,0,0,0,0,1,0,0.0,0,0,0,0,0,0
Matteo Palma,GER,DF,Udinese,16,2008,0.1,0,0.0,0,0,0,0,0,0,0,0.0,0,0,0,0,0,0
Leandro Paredes,ARG,MF,Roma,30,1994,15.3,48,3.15,33,9,1,3,0,2,2,0.13,1,1,0,0,0,0
Mario Pašalić,CRO,MF,Atalanta,29,1995,21.9,71,3.25,60,4,2,4,0,1,9,0.41,8,1,0,0,0,0
Patric,ESP,DF,Lazio,31,1993,6.7,11,1.63,11,0,0,0,0,0,0,0.0,0,0,0,0,0,0
Rui Patrício,POR,GK,Atalanta,36,1988,3.0,0,0.0,0,0,0,0,0,0,0,0.0,0,0,0,0,0,0
Benjamin Pavard,FRA,DF,Inter,28,1996,17.6,21,1.19,19,0,0,1,1,0,1,0.06,1,0,0,0,0,0
Strahinja Pavlović,SRB,DF,Milan,23,2001,20.7,29,1.4,24,0,0,2,3,0,3,0.14,1,0,0,1,1,0
Leonardo Pavoletti,ITA,"FW,MF",Cagliari,35,1988,4.9,17,3.42,15,0,0,1,1,0,1,0.2,1,0,0,0,0,0
Martín Payero,ARG,MF,Udinese,25,1998,15.3,51,3.32,25,5,5,1,10,5,5,0.33,4,0,0,0,0,1
Nicolás Paz,ARG,"MF,FW",Como,19,2004,29.9,144,4.82,96,11,19,11,6,1,16,0.54,14,0,2,0,0,0
Marcus Pedersen,NOR,DF,Torino,24,2000,15.1,15,0.99,12,0,0,2,1,0,0,0.0,0,0,0,0,0,0
Pedro,ESP,"FW,MF",Lazio,37,1987,12.2,50,4.09,36,8,2,3,0,1,3,0.25,3,0,0,0,0,0
Pietro Pellegri,ITA,FW,Empoli,23,2001,4.6,15,3.27,10,0,4,1,0,0,2,0.44,0,0,2,0,0,0
Lorenzo Pellegrini,ITA,MF,Roma,28,1996,18.1,60,3.32,33,14,2,8,2,1,5,0.28,2,0,0,3,0,0
Luca Pellegrini,ITA,DF,Lazio,25,1999,11.9,46,3.88,33,5,2,3,1,2,12,1.01,7,1,1,2,1,0
Mateo Pellegrino,ARG,FW,Parma,23,2001,8.2,20,2.44,12,0,3,4,1,0,3,0.37,3,0,0,0,0,0
Andy Pelmard,FRA,DF,Lecce,24,2000,1.4,1,0.7,1,0,0,0,0,0,0,0.0,0,0,0,0,0,0
Sergiu Perciun,MDA,"FW,MF",Torino,18,2006,1.7,8,4.77,6,0,0,0,1,1,1,0.6,1,0,0,0,0,0
Pedro Pereira,POR,DF,Monza,26,1998,29.6,35,1.18,29,2,3,0,0,1,4,0.13,4,0,0,0,0,0
Gastón Pereiro,URU,MF,Genoa,29,1995,0.3,1,2.9,1,0,0,0,0,0,0,0.0,0,0,0,0,0,0
Kike Pérez,ESP,MF,Venezia,27,1997,12.4,31,2.5,22,6,2,1,0,0,2,0.16,1,0,1,0,0,0
Nehuén Pérez,ARG,DF,Udinese,24,2000,2.0,0,0.0,0,0,0,0,0,0,0,0.0,0,0,0,0,0,0
Simone Perilli,ITA,GK,Hellas Verona,29,1995,2.0,0,0.0,0,0,0,0,0,0,0,0.0,0,0,0,0,0,0
Mattia Perin,ITA,GK,Juventus,31,1992,5.0,0,0.0,0,0,0,0,0,0,0,0.0,0,0,0,0,0,0
Máximo Perrone,ARG,MF,Como,21,2003,20.6,49,2.37,47,1,0,0,1,0,4,0.19,4,0,0,0,0,0
Matteo Pessina,ITA,MF,Monza,27,1997,9.5,9,0.95,8,1,0,0,0,0,1,0.11,1,0,0,0,0,0
Andrea Petagna,ITA,FW,Monza,29,1995,3.7,2,0.54,2,0,0,0,0,0,0,0.0,0,0,0,0,0,0
Roberto Piccoli,ITA,FW,Cagliari,23,2001,34.7,57,1.64,25,1,2,16,13,0,8,0.23,3,0,1,1,3,0
Nicholas Pierini,ITA,MF,Venezia,25,1998,0.9,2,2.17,1,1,0,0,0,0,0,0.0,0,0,0,0,0,0
Santiago Pierotti,ARG,FW,Lecce,23,2001,21.5,50,2.32,34,0,6,6,3,1,2,0.09,2,0,0,0,0,0
Balthazar Pierret,FRA,MF,Lecce,24,2000,19.1,39,2.04,33,0,0,1,2,3,0,0.0,0,0,0,0,0,0
Andrea Pinamonti,ITA,FW,Genoa,25,1999,31.7,48,1.52,35,1,0,10,2,0,5,0.16,3,0,0,2,0,0
Nicola Pintus,ITA,DF,Cagliari,19,2005,0.0,0,0.0,0,0,0,0,0,0,0,0.0,0,0,0,0,0,0
Niccolò Pisilli,ITA,MF,Roma,19,2004,13.6,35,2.57,27,0,1,3,3,1,5,0.37,4,0,0,1,0,0
Damián Pizarro,CHI,"FW,MF",Udinese,19,2005,0.2,0,0.0,0,0,0,0,0,0,0,0.0,0,0,0,0,0,0
Semuel Pizzignacco,ITA,GK,Monza,22,2001,8.2,0,0.0,0,0,0,0,0,0,0,0.0,0,0,0,0,0,0
Tommaso Pobega,ITA,MF,Bologna,25,1999,13.1,27,2.06,24,0,0,1,2,0,4,0.31,3,0,0,0,1,0
Joel Pohjanpalo,FIN,FW,Venezia,29,1994,17.8,33,1.85,25,0,0,5,3,0,3,0.17,1,0,0,1,1,0
Matteo Politano,ITA,"FW,MF",Napoli,30,1993,31.2,105,3.37,73,20,5,4,3,0,10,0.32,8,1,0,0,1,0
Marin Pongračić,CRO,DF,Fiorentina,26,1997,14.4,12,0.79,10,2,0,0,0,0,1,0.07,1,0,0,0,0,0
Stefan Posch,AUT,DF,Bologna,27,1997,7.9,18,2.26,14,3,0,0,1,0,1,0.13,1,0,0,0,0,0
Stefan Posch,AUT,DF,Atalanta,27,1997,4.3,5,1.16,3,0,0,2,0,0,1,0.23,0,0,0,1,0,0
Matteo Prati,ITA,MF,Cagliari,20,2003,6.3,11,1.74,9,1,0,0,1,0,1,0.16,1,0,0,0,0,0
Ivan Provedel,ITA,GK,Lazio,30,1994,29.0,13,0.45,10,2,0,0,1,0,0,0.0,0,0,0,0,0,0
Diego Pugno,ITA,FW,Juventus,18,2006,0.1,1,12.86,1,0,0,0,0,0,0,0.0,0,0,0,0,0,0
Christian Pulisic,USA,"FW,MF",Milan,25,1998,27.5,125,4.54,86,17,6,8,5,3,14,0.51,6,3,0,3,1,1
Ionuț Radu,ROU,GK,Venezia,27,1997,15.0,7,0.47,5,2,0,0,0,0,1,0.07,0,1,0,0,0,0
Hamza Rafia,TUN,MF,Lecce,25,1999,11.8,36,3.06,24,7,1,0,1,3,0,0.0,0,0,0,0,0,0
Antonio Raimondo,ITA,"FW,DF",Venezia,20,2004,1.0,2,1.91,2,0,0,0,0,0,0,0.0,0,0,0,0,0,0
Ylber Ramadani,ALB,MF,Lecce,28,1996,20.1,35,1.74,33,0,0,1,0,1,4,0.2,4,0,0,0,0,0
Luca Ranieri,ITA,DF,Fiorentina,25,1999,33.1,28,0.82,24,0,2,2,0,0,6,0.18,6,0,0,0,0,0
Giacomo Raspadori,ITA,"FW,MF",Napoli,24,2000,12.3,51,4.16,29,12,2,6,2,0,4,0.33,2,0,0,0,2,0
Federico Ravaglia,ITA,GK,Bologna,24,1999,11.7,4,0.34,3,1,0,0,0,0,0,0.0,0,0,0,0,0,0
Ante Rebić,CRO,"FW,MF",Lecce,30,1993,8.8,30,3.43,16,6,3,0,5,0,1,0.11,0,0,0,0,1,0
Tijjani Reijnders,NED,MF,Milan,26,1998,34.8,117,3.37,77,15,13,8,3,1,10,0.29,5,2,1,2,0,0
Pepe Reina,ESP,GK,Como,41,1982,11.5,1,0.09,1,0,0,0,0,0,0,0.0,0,0,0,0,0,0
Devyne Rensch,NED,DF,Roma,21,2003,5.2,14,2.69,8,1,0,2,3,0,1,0.19,1,0,0,0,0,0
Mateo Retegui,ITA,FW,Atalanta,25,1999,26.5,76,2.87,62,0,2,8,4,0,14,0.53,11,0,0,2,1,0
Samuele Ricci,ITA,MF,Torino,22,2001,31.4,48,1.53,43,2,0,1,2,0,4,0.13,4,0,0,0,0,0
Amir Richardson,MAR,MF,Fiorentina,22,2002,11.4,19,1.56,17,0,1,0,1,0,4,0.33,3,0,0,0,1,0
Sergi Roberto,ESP,MF,Como,32,1992,7.7,24,3.1,20,3,0,1,0,0,1,0.13,1,0,0,0,0,0
Alessio Romagnoli,ITA,DF,Lazio,29,1995,29.7,27,0.91,25,0,0,2,0,0,1,0.03,1,0,0,0,0,0
Jonas Rouhi,SWE,DF,Juventus,20,2004,2.3,0,0.0,0,0,0,0,0,0,0,0.0,0,0,0,0,0,0
Nicolò Rovella,ITA,MF,Lazio,22,2001,30.2,71,2.35,58,5,2,0,3,3,3,0.1,3,0,0,0,0,0
Amir Rrahmani,KVX,DF,Napoli,30,1994,37.8,42,1.11,35,2,0,5,0,0,4,0.11,2,1,0,1,0,0
Tommaso Rubino,ITA,MF,Fiorentina,17,2006,0.1,1,11.25,1,0,0,0,0,0,0,0.0,0,0,0,0,0,0
Matteo Ruggeri,ITA,DF,Atalanta,22,2002,19.5,39,2.0,35,1,1,2,0,0,4,0.21,4,0,0,0,0,0
Stefano Sabelli,ITA,DF,Genoa,31,1993,22.9,38,1.66,33,3,0,0,2,0,2,0.09,2,0,0,0,0,0
Richie Sagrado,BEL,DF,Venezia,20,2004,1.6,0,0.0,0,0,0,0,0,0,0,0.0,0,0,0,0,0,0
Marco Sala,ITA,DF,Como,25,1999,2.9,6,2.07,6,0,0,0,0,0,0,0.0,0,0,0,0,0,0
Marco Sala,ITA,DF,Lecce,25,1999,0.8,1,1.25,1,0,0,0,0,0,0,0.0,0,0,0,0,0,0
Anass Salah-Eddine,NED,DF,Roma,22,2002,1.7,4,2.37,4,0,0,0,0,0,1,0.59,1,0,0,0,0,0
Lazar Samardzic,SRB,MF,Atalanta,22,2002,13.0,77,5.93,50,12,8,6,0,1,6,0.46,5,0,0,1,0,0
Antonio Sanabria,PAR,FW,Torino,28,1996,14.6,21,1.44,14,1,0,3,3,0,3,0.21,1,1,0,0,1,0
Alexis Sánchez,CHI,FW,Udinese,35,1988,4.9,18,3.71,13,1,0,2,2,0,0,0.0,0,0,0,0,0,0
Nicola Sansone,ITA,"MF,FW",Lecce,32,1991,0.7,5,6.92,3,1,0,0,1,0,0,0.0,0,0,0,0,0,0
Amin Sarr,SWE,FW,Hellas Verona,23,2001,21.2,45,2.13,35,0,3,5,2,0,4,0.19,2,0,0,2,0,0
Razvan Sava,ROU,GK,Udinese,22,2002,12.0,0,0.0,0,0,0,0,0,0,0,0.0,0,0,0,0,0,0
Nicolò Savona,ITA,DF,Juventus,21,2003,19.2,29,1.51,27,1,1,0,0,0,2,0.1,2,0,0,0,0,0
Saba Sazonov,GEO,DF,Torino,22,2002,0.0,0,0.0,0,0,0,0,0,0,0,0.0,0,0,0,0,0,0
Giorgio Scalvini,ITA,DF,Atalanta,20,2003,3.0,1,0.33,1,0,0,0,0,0,0,0.0,0,0,0,0,0,0
Gianluca Scamacca,ITA,FW,Atalanta,25,1999,0.1,0,0.0,0,0,0,0,0,0,0,0.0,0,0,0,0,0,0
Joël Schingtienne,BEL,DF,Venezia,21,2002,12.5,10,0.8,8,1,1,0,0,0,0,0.0,0,0,0,0,0,0
Simone Scuffet,ITA,GK,Cagliari,28,1996,13.0,2,0.15,2,0,0,0,0,0,0,0.0,0,0,0,0,0,0
Simone Scuffet,ITA,GK,Napoli,28,1996,1.0,0,0.0,0,0,0,0,0,0,0,0.0,0,0,0,0,0,0
Jacopo Seghetti,ITA,GK,Empoli,19,2005,1.0,0,0.0,0,0,0,0,0,0,0,0.0,0,0,0,0,0,0
Stefano Sensi,ITA,MF,Monza,28,1995,3.0,15,4.89,13,1,0,0,1,0,0,0.0,0,0,0,0,0,0
Suat Serdar,GER,MF,Hellas Verona,27,1997,15.3,29,1.9,19,0,3,3,4,0,1,0.07,1,0,0,0,0,0
Alen Sherri,ALB,GK,Cagliari,26,1997,6.9,2,0.29,2,0,0,0,0,0,0,0.0,0,0,0,0,0,0
Eldor Shomurodov,UZB,"FW,MF",Roma,29,1995,12.2,32,2.62,27,0,0,4,0,1,7,0.57,7,0,0,0,0,0
Benjamin Siegrist,SUI,GK,Genoa,32,1992,1.7,0,0.0,0,0,0,0,0,0,0,0.0,0,0,0,0,0,0
Marco Silvestri,ITA,GK,Empoli,33,1991,5.0,0,0.0,0,0,0,0,0,0,0,0.0,0,0,0,0,0,0
Giovanni Simeone,ARG,FW,Napoli,29,1995,4.7,12,2.59,9,0,1,1,1,0,2,0.43,1,0,0,1,0,0
Łukasz Skorupski,POL,GK,Bologna,33,1991,26.3,4,0.15,4,0,0,0,0,0,0,0.0,0,0,0,0,0,0
Ivan Smolčić,CRO,DF,Como,23,2000,7.0,8,1.14,4,2,0,2,0,0,0,0.0,0,0,0,0,0,0
Simon Sohm,SUI,MF,Parma,23,2001,33.2,78,2.35,65,2,5,1,3,2,3,0.09,3,0,0,0,0,0
Ola Solbakken,NOR,"MF,FW",Empoli,25,1998,8.4,12,1.42,11,0,1,0,0,0,1,0.12,1,0,0,0,0,0
Oumar Solet,FRA,DF,Udinese,24,2000,18.6,33,1.78,27,1,4,0,0,1,3,0.16,1,0,2,0,0,0
Daniele Sommariva,ITA,GK,Genoa,27,1997,0.3,0,0.0,0,0,0,0,0,0,0,0.0,0,0,0,0,0,0
Yann Sommer,SUI,GK,Inter,35,1988,32.0,6,0.18,6,0,0,0,0,0,0,0.0,0,0,0,0,0,0
Borna Sosa,CRO,DF,Torino,26,1998,13.1,24,1.83,17,2,2,1,0,2,1,0.08,1,0,0,0,0,0
Riccardo Sottil,ITA,"FW,MF",Fiorentina,25,1999,9.3,35,3.78,23,0,5,3,4,0,4,0.43,3,0,0,0,1,0
Riccardo Sottil,ITA,"FW,MF",Milan,25,1999,1.4,5,3.6,4,0,1,0,0,0,0,0.0,0,0,0,0,0,0
Matìas Soulé,ARG,"MF,DF",Roma,21,2003,19.8,90,4.55,63,17,3,5,2,0,8,0.4,5,1,0,1,1,0
Marco Sportiello,ITA,GK,Milan,32,1992,1.4,0,0.0,0,0,0,0,0,0,0,0.0,0,0,0,0,0,0
Filip Stankovic,SRB,GK,Venezia,22,2002,15.2,1,0.07,1,0,0,0,0,0,0,0.0,0,0,0,0,0,0
Petar Stojanović,SVN,MF,Empoli,28,1995,0.0,0,0.0,0,0,0,0,0,0,0,0.0,0,0,0,0,0,0
Gabriel Strefezza,BRA,"FW,MF",Como,27,1997,29.1,111,3.82,76,23,3,3,4,2,4,0.14,4,0,0,0,0,0
Ibrahim Sulemana,GHA,MF,Atalanta,21,2003,3.1,3,0.95,1,0,1,1,0,0,0,0.0,0,0,0,0,0,0
Tomáš Suslov,SVK,"MF,FW",Hellas Verona,22,2002,23.1,74,3.2,47,12,5,2,6,2,4,0.17,1,1,0,0,1,1
Zion Suzuki,JPN,GK,Parma,21,2002,36.8,9,0.24,8,1,0,0,0,0,1,0.03,1,0,0,0,0,0
Marin Šverko,CRO,DF,Venezia,26,1998,12.4,13,1.05,9,2,0,0,1,1,1,0.08,0,1,0,0,0,0
Mile Svilar,SRB,GK,Roma,24,1999,38.0,6,0.16,5,1,0,0,0,0,0,0.0,0,0,0,0,0,0
Michael Svoboda,AUT,DF,Venezia,25,1998,14.6,16,1.1,14,1,1,0,0,0,0,0.0,0,0,0,0,0,0
Adrien Tameze,CMR,"MF,DF",Torino,30,1994,7.2,8,1.11,6,0,1,1,0,0,0,0.0,0,0,0,0,0,0
Mehdi Taremi,IRN,FW,Inter,32,1992,9.0,33,3.64,25,0,1,3,4,0,4,0.44,2,0,0,1,1,0
Nuno Tavares,POR,DF,Lazio,24,2000,18.7,63,3.37,49,3,7,2,2,0,11,0.59,7,1,2,0,1,0
Loum Tchaouna,FRA,"FW,MF",Lazio,20,2003,7.3,25,3.4,20,1,0,2,0,2,6,0.82,5,0,0,1,0,0
Casper Tengstedt,DEN,FW,Hellas Verona,24,2000,16.9,24,1.42,17,0,1,4,2,0,3,0.18,2,0,0,1,0,0
Pietro Terracciano,ITA,GK,Fiorentina,34,1990,3.0,0,0.0,0,0,0,0,0,0,0,0.0,0,0,0,0,0,0
Florian Thauvin,FRA,"FW,MF",Udinese,31,1993,21.7,93,4.28,63,13,5,8,3,1,9,0.41,4,1,0,4,0,0
Malick Thiaw,GER,DF,Milan,22,2001,20.1,21,1.05,19,0,0,2,0,0,1,0.05,1,0,0,0,0,0
Morten Thorsby,NOR,"MF,FW",Genoa,28,1996,21.1,55,2.61,48,0,0,4,2,1,2,0.09,2,0,0,0,0,0
Khéphren Thuram,FRA,MF,Juventus,23,2001,25.8,56,2.17,47,0,2,4,2,1,10,0.39,9,0,0,1,0,0
Marcus Thuram,FRA,FW,Inter,26,1997,24.4,90,3.54,66,0,7,7,9,1,16,0.63,10,0,2,1,3,0
Cheikh Tidiane Niasse,SEN,MF,Hellas Verona,24,2000,8.4,12,1.43,10,0,0,0,1,1,0,0.0,0,0,0,0,0,0
Rafael Tolói,ITA,DF,Atalanta,33,1990,5.2,7,1.35,5,0,0,0,1,1,0,0.0,0,0,0,0,0,0
Fikayo Tomori,ENG,DF,Milan,26,1997,17.7,22,1.24,18,0,0,0,0,4,3,0.17,3,0,0,0,0,0
Luka Topalović,SVN,MF,Inter,18,2006,0.1,0,0.0,0,0,0,0,0,0,0,0.0,0,0,0,0,0,0
Lorenzo Tosto,ITA,DF,Empoli,18,2006,0.0,0,0.0,0,0,0,0,0,0,0,0.0,0,0,0,0,0,0
Souleymane Touré,FRA,DF,Udinese,21,2003,8.1,8,0.98,6,0,0,1,0,1,0,0.0,0,0,0,0,0,0
Stefano Turati,ITA,GK,Monza,22,2001,29.7,5,0.17,1,4,0,0,0,0,1,0.03,0,1,0,0,0,0
Kacper Urbanski,POL,MF,Bologna,19,2004,2.7,8,2.91,7,1,0,0,0,0,0,0.0,0,0,0,0,0,0
Kacper Urbanski,POL,MF,Monza,19,2004,5.6,7,1.26,7,0,0,0,0,0,0,0.0,0,0,0,0,0,0
Lautaro Valenti,ARG,DF,Parma,25,1999,17.3,11,0.64,8,1,0,0,0,2,0,0.0,0,0,0,0,0,0
Nicolás Valentini,ARG,DF,Hellas Verona,23,2001,12.5,11,0.88,11,0,0,0,0,0,0,0.0,0,0,0,0,0,0
Emanuele Valeri,ITA,DF,Parma,25,1998,31.9,75,2.35,48,10,2,4,5,6,10,0.31,8,0,1,1,0,0
Álex Valle,ESP,DF,Como,20,2004,11.4,25,2.18,22,1,0,2,0,0,0,0.0,0,0,0,0,0,0
Mattia Valoti,ITA,MF,Monza,30,1993,0.4,0,0.0,0,0,0,0,0,0,0,0.0,0,0,0,0,0,0
Devis Vásquez,COL,GK,Empoli,26,1998,32.0,6,0.19,6,0,0,0,0,0,0,0.0,0,0,0,0,0,0
Johan Vásquez,MEX,DF,Genoa,25,1998,33.8,25,0.74,18,1,0,3,2,1,0,0.0,0,0,0,0,0,0
Matías Vecino,URU,MF,Lazio,32,1991,9.7,22,2.25,18,0,0,3,0,1,4,0.41,3,0,0,1,0,0
Danilo Veiga,POR,DF,Lecce,21,2002,4.2,14,3.38,8,0,2,2,2,0,1,0.24,0,0,0,1,0,0
Renato Veiga,POR,DF,Juventus,21,2003,12.1,9,0.74,9,0,0,0,0,0,1,0.08,1,0,0,0,0,0
Lorenzo Venturino,ITA,"FW,MF",Genoa,18,2006,1.9,6,3.23,3,0,1,1,0,1,1,0.54,0,0,1,0,0,0
Simone Verdi,ITA,"MF,FW",Como,32,1992,1.3,8,6.26,6,2,0,0,0,0,0,0.0,0,0,0,0,0,0
Samuele Vignato,ITA,MF,Monza,20,2004,5.2,7,1.34,7,0,0,0,0,0,1,0.19,1,0,0,0,0,0
Nicolas Viola,ITA,"FW,MF",Cagliari,34,1989,14.1,59,4.19,30,21,3,2,3,0,4,0.28,2,1,0,0,1,0
Mattia Viti,ITA,DF,Empoli,22,2002,28.6,23,0.8,14,2,0,2,2,3,0,0.0,0,0,0,0,0,0
Vitinha,POR,"FW,MF",Genoa,24,2000,14.8,41,2.78,25,4,5,2,5,0,3,0.2,3,0,0,0,0,0
Dušan Vlahović,SRB,FW,Juventus,24,2000,19.8,41,2.07,28,0,6,5,2,0,8,0.4,5,0,3,0,0,0
Vanja Vlahović,SRB,"FW,MF",Atalanta,20,2004,0.7,3,4.5,2,0,0,0,1,0,1,1.5,0,0,0,0,1,0
Nikola Vlašić,CRO,"MF,FW",Torino,26,1997,23.5,70,2.98,61,0,3,2,3,1,8,0.34,6,0,1,0,1,0
Alessandro Vogliacco,ITA,DF,Genoa,25,1998,7.9,6,0.76,4,0,0,2,0,0,0,0.0,0,0,0,0,0,0
Alessandro Vogliacco,ITA,DF,Parma,25,1998,8.6,5,0.58,4,0,0,1,0,0,0,0.0,0,0,0,0,0,0
Mërgim Vojvoda,KVX,DF,Torino,29,1995,12.3,27,2.2,24,1,1,0,1,0,1,0.08,1,0,0,0,0,0
Mërgim Vojvoda,KVX,DF,Como,29,1995,8.0,20,2.51,15,3,1,1,0,0,2,0.25,2,0,0,0,0,0
Kyle Walker,ENG,DF,Milan,34,1990,7.3,10,1.37,9,1,0,0,0,0,0,0.0,0,0,0,0,0,0
Sebastian Walukiewicz,POL,DF,Torino,24,2000,18.5,16,0.87,15,0,0,1,0,0,1,0.05,1,0,0,0,0,0
Sebastian Walukiewicz,POL,DF,Empoli,24,2000,2.0,4,2.0,4,0,0,0,0,0,0,0.0,0,0,0,0,0,0
Mateusz Wieteska,POL,DF,Cagliari,27,1997,2.0,2,0.97,1,0,0,0,0,1,0,0.0,0,0,0,0,0,0
John Yeboah,ECU,"FW,MF",Venezia,24,2000,13.6,53,3.89,37,3,6,1,5,1,3,0.22,2,0,0,0,1,0
Kenan Yıldız,TUR,"FW,MF",Juventus,19,2005,26.7,130,4.87,86,11,13,12,5,3,10,0.37,7,0,2,1,0,0
Mattia Zaccagni,ITA,FW,Lazio,29,1995,29.8,107,3.59,69,24,1,6,6,1,9,0.3,7,2,0,0,0,0
Francesco Zampano,ITA,DF,Venezia,30,1993,18.2,25,1.37,21,0,1,1,2,0,3,0.16,2,0,0,0,1,0
Nicolò Zaniolo,ITA,FW,Fiorentina,25,1999,3.8,10,2.42,6,0,1,0,3,0,0,0.0,0,0,0,0,0,0
Nicolò Zaniolo,ITA,"FW,MF",Atalanta,25,1999,4.0,15,3.79,10,0,1,2,2,0,3,0.76,3,0,0,0,0,0
Alessandro Zanoli,ITA,"FW,DF",Genoa,23,2000,19.0,32,1.68,25,2,2,1,1,1,1,0.05,1,0,0,0,0,0
Duván Zapata,COL,FW,Torino,33,1991,6.5,20,3.07,14,0,1,3,1,1,1,0.15,0,0,0,1,0,0
Gabriele Zappa,ITA,DF,Cagliari,24,1999,34.0,57,1.68,52,2,0,3,0,0,2,0.06,2,0,0,0,0,0
Davide Zappacosta,ITA,DF,Atalanta,32,1992,23.0,53,2.31,42,5,1,5,0,0,6,0.26,6,0,0,0,0,0
Oier Zarraga,ESP,MF,Udinese,25,1999,10.0,15,1.51,13,0,0,2,0,0,0,0.0,0,0,0,0,0,0
Jordan Zemura,ZIM,DF,Udinese,24,1999,15.7,30,1.91,19,7,1,1,1,1,4,0.25,3,0,0,1,0,0
Alessio Zerbin,ITA,DF,Venezia,25,1999,16.9,42,2.49,25,10,2,1,3,1,2,0.12,1,0,1,0,0,0
Alessio Zerbin,ITA,"FW,DF",Napoli,25,1999,0.0,0,0.0,0,0,0,0,0,0,0,0.0,0,0,0,0,0,0
Kevin Zeroli,ITA,MF,Monza,19,2005,4.4,2,0.46,0,0,0,2,0,0,1,0.23,0,0,0,1,0,0
Kevin Zeroli,ITA,MF,Milan,19,2005,0.1,0,0.0,0,0,0,0,0,0,0,0.0,0,0,0,0,0,0
Piotr Zieliński,POL,MF,Inter,30,1994,10.9,40,3.67,28,8,1,2,0,1,7,0.64,6,0,0,0,0,1
Szymon Żurkowski,POL,MF,Empoli,26,1997,1.2,1,0.85,0,0,0,0,0,1,0,0.0,0,0,0,0,0,0
Milan Đurić,BIH,FW,Monza,34,1990,14.1,7,0.5,6,0,0,1,0,0,1,0.07,1,0,0,0,0,0
Milan Đurić,BIH,FW,Parma,34,1990,3.0,5,1.68,1,0,1,1,2,0,1,0.34,0,0,0,1,0,0
Junior Adamu,AUT,FW,Freiburg,23,2001,17.2,29,1.69,22,0,1,3,3,0,3,0.17,2,0,0,1,0,0
Karim Adeyemi,GER,"FW,MF",Dortmund,22,2002,15.9,57,3.58,35,1,12,6,2,1,11,0.69,7,0,3,1,0,0
Amine Adli,MAR,"MF,FW",Leverkusen,24,2000,8.5,29,3.41,19,0,2,4,4,0,0,0.0,0,0,0,0,0,0
Oladapo Afolayan,ENG,"FW,MF",St. Pauli,26,1998,18.2,52,2.86,28,0,12,7,5,0,6,0.33,3,0,3,0,0,0
Felix Agu,NGA,DF,Werder Bremen,24,1999,19.5,35,1.8,30,1,2,0,2,0,1,0.05,1,0,0,0,0,0
Erik Ahlstrand,SWE,"FW,MF",St. Pauli,22,2001,0.5,0,0.0,0,0,0,0,0,0,0,0.0,0,0,0,0,0,0
Kevin Akpoguma,NGA,DF,Hoffenheim,29,1995,24.7,27,1.09,25,1,0,0,1,0,1,0.04,1,0,0,0,0,0
Andreas Albers,DEN,FW,St. Pauli,34,1990,0.7,2,2.95,2,0,0,0,0,0,0,0.0,0,0,0,0,0,0
Ben Alexander Voll,GER,GK,St. Pauli,23,2000,1.0,1,0.99,1,0,0,0,0,0,0,0.0,0,0,0,0,0,0
Skelly Alvero,FRA,MF,Werder Bremen,22,2002,2.6,2,0.76,2,0,0,0,0,0,0,0.0,0,0,0,0,0,0
Aurele Amenda,SUI,DF,Eint Frankfurt,21,2003,1.1,2,1.86,2,0,0,0,0,0,0,0.0,0,0,0,0,0,0
Nadiem Amiri,GER,MF,Mainz 05,27,1996,27.5,119,4.33,74,30,6,5,3,1,15,0.55,13,0,0,2,0,0
Mohamed Amoura,ALG,FW,Wolfsburg,24,2000,27.4,80,2.92,56,2,6,10,4,2,13,0.47,12,0,1,0,0,0
Robert Andrich,GER,"MF,DF",Leverkusen,29,1994,17.8,33,1.86,25,0,1,5,1,1,4,0.23,3,0,0,1,0,0
Waldemar Anton,GER,DF,Dortmund,28,1996,21.7,41,1.9,32,0,6,2,0,1,5,0.23,4,0,0,1,0,0
Maximilian Arnold,GER,MF,Wolfsburg,30,1994,26.2,83,3.17,47,31,1,1,3,0,10,0.38,3,7,0,0,0,0
Jann-Fiete Arp,GER,"FW,MF",Holstein Kiel,24,2000,7.9,33,4.17,18,4,2,3,5,1,3,0.38,1,1,0,1,0,0
Arthur,BRA,DF,Leverkusen,21,2003,8.4,7,0.84,7,0,0,0,0,0,1,0.12,1,0,0,0,0,0
Noah Atubolu,GER,GK,Freiburg,22,2002,25.6,6,0.23,5,1,0,0,0,0,0,0.0,0,0,0,0,0,0
Ayman Azhil,MAR,MF,Dortmund,23,2001,0.3,0,0.0,0,0,0,0,0,0,0,0.0,0,0,0,0,0,0
Adam Aznou,MAR,DF,Bayern Munich,18,2006,0.2,0,0.0,0,0,0,0,0,0,0,0.0,0,0,0,0,0,0
Ridle Baku,GER,"FW,MF",Wolfsburg,26,1998,13.0,31,2.38,22,2,1,3,1,2,4,0.31,3,0,0,0,1,0
Samuel Bamba,GER,"FW,MF",Bochum,20,2004,0.3,2,6.67,2,0,0,0,0,0,0,0.0,0,0,0,0,0,0
Noahkai Banks,USA,DF,Augsburg,17,2006,3.1,1,0.32,1,0,0,0,0,0,0,0.0,0,0,0,0,0,0
Scott Banks,SCO,"FW,MF",St. Pauli,22,2001,1.3,3,2.35,0,0,1,1,1,0,1,0.78,0,0,0,1,0,0
Aymen Barkok,MAR,MF,Mainz 05,26,1998,0.8,2,2.47,1,1,0,0,0,0,0,0.0,0,0,0,0,0,0
Michy Batshuayi,BEL,FW,Eint Frankfurt,30,1993,3.3,4,1.2,3,0,0,0,1,0,0,0.0,0,0,0,0,0,0
Maximilian Bauer,GER,DF,Augsburg,24,2000,7.3,4,0.55,2,0,0,0,1,1,0,0.0,0,0,0,0,0,0
Oliver Baumann,GER,GK,Hoffenheim,34,1990,28.0,10,0.36,6,4,0,0,0,0,2,0.07,0,2,0,0,0,0
Christoph Baumgartner,AUT,MF,RB Leipzig,24,1999,17.9,42,2.35,31,0,3,6,1,1,6,0.34,3,0,1,2,0,0
Ihlas Bebou,TOG,MF,Hoffenheim,30,1994,0.1,0,0.0,0,0,0,0,0,0,0,0.0,0,0,0,0,0,0
Adrian Beck,GER,"MF,FW",Heidenheim,27,1997,17.8,56,3.16,37,4,10,4,1,0,4,0.23,2,1,1,0,0,0
Timo Becker,GER,DF,Holstein Kiel,27,1997,27.2,30,1.1,22,1,2,4,0,1,8,0.29,5,0,1,1,0,1
Kevin Behrens,GER,FW,Wolfsburg,33,1991,1.9,8,4.24,5,1,0,1,1,0,0,0.0,0,0,0,0,0,0
Maximilian Beier,GER,"FW,MF",Dortmund,21,2002,17.7,55,3.11,38,0,6,4,3,4,7,0.4,5,0,1,1,0,0
Stefan Bell,GER,DF,Mainz 05,32,1991,16.0,10,0.63,7,0,0,2,0,1,3,0.19,2,0,0,1,0,0
László Bénes,SVK,"MF,FW",Union Berlin,26,1997,6.5,30,4.58,17,12,0,1,0,0,1,0.15,0,1,0,0,0,0
Ramy Bensebaini,ALG,DF,Dortmund,29,1995,22.5,39,1.74,33,3,0,2,0,1,10,0.45,8,1,0,0,0,1
Mergim Berisha,GER,"FW,MF",Hoffenheim,26,1998,3.7,5,1.35,4,0,0,1,0,0,1,0.27,1,0,0,0,0,0
Mergim Berisha,GER,FW,Augsburg,26,1998,0.4,1,2.25,1,0,0,0,0,0,0,0.0,0,0,0,0,0,0
Bernardo,BRA,DF,Bochum,29,1995,19.8,22,1.11,18,1,0,2,0,1,0,0.0,0,0,0,0,0,0
Alexander Bernhardsson,SWE,"FW,MF",Holstein Kiel,25,1998,14.0,36,2.57,21,5,4,4,1,1,7,0.5,2,0,2,1,1,1
Matúš Bero,SVK,MF,Bochum,28,1995,28.5,120,4.21,64,41,4,6,3,2,7,0.25,2,2,2,1,0,0
Jan-Niklas Beste,GER,"FW,MF",Freiburg,25,1999,2.4,5,2.11,2,2,0,1,0,0,1,0.42,1,0,0,0,0,0
Tom Bischof,GER,"MF,FW",Hoffenheim,19,2005,28.4,117,4.12,67,32,4,8,4,2,7,0.25,6,1,0,0,0,0
Leonardo Bittencourt,GER,MF,Werder Bremen,30,1993,10.9,39,3.57,28,2,0,4,4,1,5,0.46,5,0,0,0,0,0
Myron Boadu,NED,FW,Bochum,23,2001,11.6,30,2.59,22,0,4,1,3,0,3,0.26,1,0,2,0,0,0
Sacha Boey,FRA,DF,Bayern Munich,23,2000,6.6,11,1.67,8,0,2,0,1,0,3,0.46,2,0,1,0,0,0
Victor Boniface,NGA,FW,Leverkusen,23,2000,11.2,32,2.86,19,0,5,8,0,0,3,0.27,1,0,2,0,0,0
Sebastiaan Bornauw,BEL,DF,Wolfsburg,25,1999,8.8,4,0.46,3,0,0,1,0,0,1,0.11,0,0,0,1,0,0
Carlo Boukhalfa,MAR,MF,St. Pauli,25,1999,18.3,36,1.97,25,0,1,6,3,1,2,0.11,2,0,0,0,0,0
Julian Brandt,GER,MF,Dortmund,28,1996,25.6,102,3.99,89,6,2,5,0,0,14,0.55,13,1,0,0,0,0
Tim Breithaupt,GER,MF,Augsburg,22,2002,1.3,3,2.25,3,0,0,0,0,0,2,1.5,2,0,0,0,0,0
Maximilian Breunig,GER,"FW,MF",Heidenheim,23,2000,3.9,8,2.06,5,1,1,1,0,0,0,0.0,0,0,0,0,0,0
Moritz Broschinski,GER,"FW,MF",Bochum,23,2000,15.4,36,2.33,27,0,3,4,2,0,4,0.26,2,0,1,1,0,0
Emi Buendía,ARG,MF,Leverkusen,27,1996,2.9,12,4.17,6,0,1,3,2,0,1,0.35,0,0,0,1,0,0
Marius Bülter,GER,"FW,DF",Hoffenheim,31,1993,19.2,48,2.5,34,0,3,3,7,1,7,0.36,4,0,2,0,1,0
Jonathan Burkardt,GER,FW,Mainz 05,24,2000,23.4,54,2.31,41,0,3,6,4,0,8,0.34,6,0,0,1,1,0
Oliver Burke,SCO,FW,Werder Bremen,27,1997,10.1,33,3.27,24,1,2,4,1,1,2,0.2,0,1,0,0,0,1
Anthony Caci,FRA,DF,Mainz 05,27,1997,29.8,95,3.18,73,17,2,2,0,1,11,0.37,11,0,0,0,0,0
Cole Campbell,USA,"MF,FW",Dortmund,18,2006,0.2,0,0.0,0,0,0,0,0,0,0,0.0,0,0,0,0,0,0
Tiago Cardoso,LUX,GK,Gladbach,18,2006,4.2,0,0.0,0,0,0,0,0,0,0,0.0,0,0,0,0,0,0
Abdoulie Ceesay,GAM,FW,St. Pauli,20,2004,0.7,1,1.48,1,0,0,0,0,0,0,0.0,0,0,0,0,0,0
Julian Chabot,GER,DF,Stuttgart,26,1998,25.2,24,0.95,21,1,0,2,0,0,2,0.08,2,0,0,0,0,0
El Chadaille Bitshiabu,FRA,DF,RB Leipzig,19,2005,12.6,14,1.11,12,0,1,0,0,1,1,0.08,1,0,0,0,0,0
Fares Chaïbi,ALG,"MF,FW",Eint Frankfurt,21,2002,11.3,50,4.43,32,10,1,5,1,1,7,0.62,6,1,0,0,0,0
Timothy Chandler,USA,DF,Eint Frankfurt,34,1990,0.3,1,3.75,1,0,0,0,0,0,0,0.0,0,0,0,0,0,0
Anrie Chase,JPN,DF,Stuttgart,20,2004,8.2,8,0.98,7,0,0,1,0,0,0,0.0,0,0,0,0,0,0
Arthur Chaves,BRA,DF,Hoffenheim,23,2001,24.3,23,0.95,19,0,0,2,1,1,1,0.04,0,0,0,1,0,0
Fabio Chiarodia,ITA,DF,Gladbach,19,2005,4.2,2,0.47,2,0,0,0,0,0,0,0.0,0,0,0,0,0,0
Carney Chukwuemeka,ENG,MF,Dortmund,20,2003,2.8,20,7.11,18,0,1,1,0,0,4,1.42,4,0,0,0,0,0
Alexis Claude-Maurice,FRA,"MF,FW",Augsburg,26,1998,23.4,77,3.29,54,1,8,3,11,0,6,0.26,3,0,1,0,2,0
Nnamdi Collins,GER,DF,Eint Frankfurt,20,2004,16.5,9,0.54,7,0,2,0,0,0,3,0.18,1,0,2,0,0,0
Kingsley Coman,FRA,FW,Bayern Munich,28,1996,14.2,81,5.68,60,0,14,5,2,0,11,0.77,6,0,3,1,1,0
Sirlord Conteh,GER,"FW,MF",Heidenheim,28,1996,9.9,28,2.82,24,0,1,0,3,0,4,0.4,4,0,0,0,0,0
Danny da Costa,GER,DF,Mainz 05,31,1993,22.3,31,1.39,29,0,1,0,0,1,3,0.13,3,0,0,0,0,0
Tomáš Čvančara,CZE,FW,Gladbach,23,2000,9.2,15,1.62,13,0,0,1,1,0,1,0.11,1,0,0,0,0,0
Finn Dahmen,GER,GK,Augsburg,26,1998,19.0,2,0.11,2,0,0,0,0,0,1,0.05,1,0,0,0,0,0
Thomas Dähne,GER,GK,Holstein Kiel,30,1994,9.0,1,0.11,1,0,0,0,0,0,0,0.0,0,0,0,0,0,0
Mahmoud Dahoud,GER,MF,Eint Frankfurt,28,1996,4.0,13,3.21,10,0,0,2,0,1,2,0.49,1,0,0,0,0,1
Ameen Al-Dakhil,BEL,DF,Stuttgart,22,2002,4.8,4,0.83,3,0,0,1,0,0,0,0.0,0,0,0,0,0,0
Bence Dárdai,HUN,MF,Wolfsburg,18,2006,14.5,24,1.66,17,0,0,4,3,0,2,0.14,1,0,0,0,1,0
Lukas Daschner,GER,"MF,FW",Bochum,25,1998,4.6,10,2.18,7,2,1,0,0,0,1,0.22,1,0,0,0,0,0
Alphonso Davies,CAN,DF,Bayern Munich,23,2000,17.3,61,3.52,52,0,4,3,2,0,8,0.46,6,0,1,1,0,0
Olivier Deman,BEL,DF,Werder Bremen,24,2000,0.7,1,1.34,0,1,0,0,0,0,0,0.0,0,0,0,0,0,0
Ermedin Demirović,BIH,FW,Stuttgart,26,1998,20.6,47,2.28,35,0,2,7,3,0,7,0.34,4,0,0,2,1,0
Justin Diehl,GER,"FW,DF",Stuttgart,19,2004,1.2,4,3.46,3,0,1,0,0,0,0,0.0,0,0,0,0,0,0
Eric Dier,ENG,DF,Bayern Munich,30,1994,16.3,13,0.8,11,0,0,2,0,0,2,0.12,1,0,0,1,0,0
Junior Dina Ebimbe,FRA,"MF,FW",Eint Frankfurt,23,2000,3.3,6,1.85,2,0,0,2,2,0,1,0.31,1,0,0,0,0,0
Eren Dinkçi,GER,"MF,FW",Freiburg,22,2001,13.3,43,3.23,36,0,3,1,2,1,5,0.38,5,0,0,0,0,0
Ritsu Doan,JPN,"FW,MF",Freiburg,26,1998,31.8,111,3.49,68,2,14,9,15,3,16,0.5,11,1,1,1,1,1
Danilho Doekhi,NED,DF,Union Berlin,26,1998,34.0,32,0.94,21,0,0,8,2,1,4,0.12,2,0,0,2,0,0
Niklas Dorsch,GER,MF,Augsburg,26,1998,0.4,1,2.81,1,0,0,0,0,0,0,0.0,0,0,0,0,0,0
Niklas Dorsch,GER,MF,Heidenheim,26,1998,14.8,35,2.36,22,10,0,0,1,2,2,0.13,2,0,0,0,0,0
Patrick Drewes,GER,GK,Bochum,31,1993,21.0,2,0.1,1,1,0,0,0,0,0,0.0,0,0,0,0,0,0
Tim Drexler,GER,DF,Hoffenheim,19,2005,4.0,6,1.51,6,0,0,0,0,0,1,0.25,1,0,0,0,0,0
Marvin Ducksch,GER,FW,Werder Bremen,30,1994,26.9,103,3.83,58,37,1,6,0,1,12,0.45,9,2,0,1,0,0
Julien Duranville,BEL,"FW,MF",Dortmund,18,2006,3.1,7,2.21,3,0,0,0,4,0,1,0.32,0,0,0,0,1,0
Johannes Eggestein,GER,FW,St. Pauli,26,1998,20.6,43,2.09,36,0,0,4,2,1,4,0.19,4,0,0,0,0,0
Maximilian Eggestein,GER,MF,Freiburg,27,1996,31.6,51,1.61,42,0,1,3,4,1,5,0.16,5,0,0,0,0,0
Hugo Ekitike,FRA,FW,Eint Frankfurt,22,2002,28.5,101,3.55,63,0,14,20,4,0,12,0.42,9,0,2,0,1,0
Elif Elmas,MKD,MF,RB Leipzig,24,1999,0.5,1,2.05,1,0,0,0,0,0,0,0.0,0,0,0,0,0,0
Nico Elvedi,SUI,DF,Gladbach,27,1996,23.7,16,0.67,15,0,0,1,0,0,4,0.17,3,0,0,1,0,0
Arne Engels,BEL,"MF,FW",Augsburg,20,2003,0.9,1,1.14,0,0,0,1,0,0,0,0.0,0,0,0,0,0,0
Patrick Erras,GER,DF,Holstein Kiel,29,1995,9.2,8,0.87,8,0,0,0,0,0,0,0.0,0,0,0,0,0,0
Samuel Essende,COD,FW,Augsburg,26,1998,18.2,27,1.48,14,1,3,4,5,0,3,0.16,2,0,1,0,0,0
Frank Feller,GER,GK,Heidenheim,20,2004,1.3,1,0.74,0,1,0,0,0,0,1,0.74,0,1,0,0,0,0
Kilian Fischer,GER,DF,Wolfsburg,23,2000,25.5,39,1.53,33,4,0,1,0,1,2,0.08,2,0,0,0,0,0
Jonas Föhrenbach,GER,DF,Heidenheim,28,1996,20.4,34,1.67,30,1,1,1,1,0,4,0.2,3,1,0,0,0,0
Marco Friedl,AUT,DF,Werder Bremen,26,1998,24.0,13,0.54,9,2,0,2,0,0,0,0.0,0,0,0,0,0,0
Marvin Friedrich,GER,DF,Gladbach,28,1995,11.0,9,0.82,8,0,0,1,0,0,1,0.09,0,0,0,1,0,0
Chris Führich,GER,"MF,FW",Stuttgart,26,1998,22.0,85,3.86,68,6,4,7,0,0,8,0.36,6,1,0,1,0,0
Shiō Fukuda,JPN,FW,Gladbach,20,2004,0.7,2,3.0,2,0,0,0,0,0,1,1.5,1,0,0,0,0,0
Cristian Gamboa,CRC,DF,Bochum,34,1989,2.5,6,2.39,4,0,0,0,2,0,0,0.0,0,0,0,0,0,0
Aleix García,ESP,MF,Leverkusen,27,1997,16.2,60,3.71,39,16,0,4,0,1,10,0.62,5,3,0,2,0,0
Viggo Gebel,GER,MF,RB Leipzig,16,2007,0.2,1,6.43,0,0,0,0,1,0,0,0.0,0,0,0,0,0,0
Lutsharel Geertruida,NED,DF,RB Leipzig,24,2000,17.3,25,1.45,22,1,0,0,0,2,1,0.06,1,0,0,0,0,0
Dennis Geiger,GER,"MF,FW",Hoffenheim,26,1998,8.2,26,3.18,23,1,1,0,1,0,0,0.0,0,0,0,0,0,0
Valentin Gendrey,FRA,DF,Hoffenheim,24,2000,15.7,37,2.36,27,5,1,2,2,0,4,0.25,1,2,0,0,1,0
Yannick Gerhardt,GER,"MF,DF",Wolfsburg,30,1994,16.9,29,1.72,23,0,1,1,4,0,2,0.12,1,0,0,0,1,0
Max Geschwill,GER,DF,Holstein Kiel,23,2001,14.2,24,1.68,18,2,0,2,0,2,2,0.14,1,0,0,0,0,1
Dimitris Giannoulis,GRE,DF,Augsburg,28,1995,29.4,76,2.58,66,4,2,2,1,1,6,0.2,5,0,0,1,0,0
Armin Gigovic,BIH,MF,Holstein Kiel,22,2002,21.1,39,1.85,29,2,1,1,6,0,7,0.33,3,1,1,0,2,0
Benedikt Gimber,GER,DF,Heidenheim,27,1997,29.7,15,0.51,12,0,0,1,1,1,1,0.03,0,0,0,0,1,0
Matthias Ginter,GER,DF,Freiburg,30,1994,28.5,27,0.95,20,2,0,3,2,0,4,0.14,3,0,0,0,1,0
Jamie Gittens,ENG,"FW,MF",Dortmund,19,2004,19.7,73,3.7,34,0,29,7,3,0,10,0.51,4,0,6,0,0,0
Serge Gnabry,GER,"FW,MF",Bayern Munich,29,1995,13.8,56,4.06,44,0,8,2,0,2,13,0.94,8,0,4,0,0,1
Tidiam Gomis,FRA,"MF,FW",RB Leipzig,17,2006,1.7,9,5.33,6,0,2,1,0,0,1,0.59,1,0,0,0,0,0
Leon Goretzka,GER,"MF,DF",Bayern Munich,29,1995,14.7,28,1.9,21,0,2,2,1,2,2,0.14,2,0,0,0,0,0
Robin Gosens,GER,DF,Union Berlin,30,1994,1.0,5,5.0,3,0,0,1,0,1,1,1.0,1,0,0,0,0,0
Mario Götze,GER,"MF,FW",Eint Frankfurt,32,1992,17.1,58,3.39,54,3,0,0,1,0,3,0.18,3,0,0,0,0,0
Jeffrey Gouweleeuw,NED,DF,Augsburg,33,1991,32.7,34,1.04,29,4,0,0,0,1,5,0.15,3,1,0,0,0,1
Kamil Grabara,POL,GK,Wolfsburg,25,1999,28.7,6,0.21,5,1,0,0,0,0,0,0.0,0,0,0,0,0,0
Michael Gregoritsch,AUT,FW,Freiburg,30,1994,7.1,19,2.67,15,0,1,2,0,1,5,0.7,3,0,0,2,0,0
Vincenzo Grifo,ITA,"FW,MF",Freiburg,31,1993,27.0,121,4.48,69,33,6,12,1,0,15,0.56,10,4,1,0,0,0
Florian Grillitsch,AUT,MF,Hoffenheim,28,1995,6.7,17,2.55,17,0,0,0,0,0,0,0.0,0,0,0,0,0,0
Álex Grimaldo,ESP,DF,Leverkusen,28,1995,29.3,129,4.4,72,41,6,7,3,0,11,0.38,5,4,0,1,1,0
Pascal Groß,GER,"MF,DF",Dortmund,33,1991,25.9,96,3.71,58,29,1,6,1,1,17,0.66,14,0,1,1,0,1
Marco Grüll,AUT,"FW,MF",Werder Bremen,26,1998,13.1,41,3.13,29,0,3,4,5,0,5,0.38,2,0,0,1,2,0
Morgan Guilavogui,GUI,"FW,MF",St. Pauli,26,1998,20.1,52,2.59,38,0,7,3,2,2,4,0.2,2,0,1,1,0,0
Serhou Guirassy,GUI,FW,Dortmund,28,1996,28.9,53,1.84,36,0,1,10,6,0,10,0.35,5,0,0,3,2,0
Péter Gulácsi,HUN,GK,RB Leipzig,34,1990,29.2,2,0.07,2,0,0,0,0,0,0,0.0,0,0,0,0,0,0
Robert Gumny,POL,DF,Augsburg,26,1998,3.0,8,2.66,5,2,0,0,1,0,0,0.0,0,0,0,0,0,0
Christian Günter,GER,DF,Freiburg,31,1993,25.7,53,2.06,40,8,0,3,2,0,4,0.16,3,1,0,0,0,0
Janik Haberer,GER,"MF,DF",Union Berlin,30,1994,18.8,34,1.8,27,1,0,3,3,0,1,0.05,1,0,0,0,0,0
Robin Hack,GER,"FW,MF",Gladbach,25,1998,24.1,75,3.11,56,6,3,6,3,1,11,0.46,10,0,0,0,1,0
Amadou Haidara,MLI,MF,RB Leipzig,26,1998,14.7,29,1.98,26,0,0,2,1,0,3,0.2,2,0,0,1,0,0
Andreas Hanche-Olsen,NOR,DF,Mainz 05,27,1997,14.3,5,0.35,3,0,0,2,0,0,1,0.07,1,0,0,0,0,0
Phil Harres,GER,FW,Holstein Kiel,22,2002,17.2,22,1.28,14,0,0,4,4,0,5,0.29,1,0,0,2,2,0
Ramon Hendriks,NED,DF,Stuttgart,23,2001,12.8,13,1.01,8,3,1,1,0,0,2,0.16,2,0,0,0,0,0
Paul Hennrich,GER,MF,Hoffenheim,19,2005,0.1,0,0.0,0,0,0,0,0,0,0,0.0,0,0,0,0,0,0
Benjamin Henrichs,GER,DF,RB Leipzig,27,1997,10.4,20,1.93,18,1,0,1,0,0,4,0.39,4,0,0,0,0,0
Mario Hermoso,ESP,DF,Leverkusen,29,1995,3.3,5,1.54,2,0,0,3,0,0,0,0.0,0,0,0,0,0,0
Piero Hincapié,ECU,DF,Leverkusen,22,2002,29.7,35,1.18,27,1,0,6,0,1,3,0.1,3,0,0,0,0,0
Adam Hložek,CZE,"FW,MF",Hoffenheim,22,2002,20.8,57,2.74,41,1,7,4,4,0,10,0.48,6,1,2,1,0,0
Nicolas Höfler,GER,MF,Freiburg,34,1990,8.8,13,1.47,12,0,0,0,1,0,1,0.11,1,0,0,0,0,0
Jonas Hofmann,GER,"MF,DF",Leverkusen,32,1992,4.0,16,4.04,13,1,0,1,1,0,1,0.25,1,0,0,0,0,0
Philipp Hofmann,GER,FW,Bochum,31,1993,25.3,55,2.17,42,0,0,9,2,2,3,0.12,2,0,0,1,0,0
Lucas Höler,GER,"FW,MF",Freiburg,30,1994,20.7,51,2.46,37,1,2,7,4,0,6,0.29,3,0,1,1,1,0
Benedict Hollerbach,GER,"FW,MF",Union Berlin,23,2001,28.2,79,2.8,49,1,12,10,6,1,7,0.25,3,0,1,1,2,0
Lewis Holtby,GER,MF,Holstein Kiel,33,1990,13.8,37,2.69,19,13,0,1,3,1,3,0.22,1,1,0,0,1,0
Franck Honorat,FRA,FW,Gladbach,27,1996,16.0,83,5.19,46,26,3,7,0,1,8,0.5,4,4,0,0,0,0
Mathias Honsak,AUT,"FW,DF",Heidenheim,27,1996,13.1,41,3.13,22,8,4,5,2,0,5,0.38,0,2,3,0,0,0
Timo Horn,GER,GK,Bochum,31,1993,13.0,3,0.23,1,2,0,0,0,0,0,0.0,0,0,0,0,0,0
Lukáš Hrádecký,FIN,GK,Leverkusen,34,1989,29.0,4,0.14,4,0,0,0,0,0,1,0.03,1,0,0,0,0,0
Robin Hranáč,CZE,DF,Hoffenheim,24,2000,2.4,1,0.41,1,0,0,0,0,0,0,0.0,0,0,0,0,0,0
Hong Hyunseok,KOR,MF,Mainz 05,25,1999,5.9,22,3.73,19,0,1,2,0,0,3,0.51,2,0,0,1,0,0
Oscar Højlund,DEN,MF,Eint Frankfurt,19,2005,8.0,17,2.12,11,0,1,2,0,3,1,0.12,0,0,1,0,0,0
Arijon Ibrahimović,GER,FW,Bayern Munich,18,2005,0.0,0,0.0,0,0,0,0,0,0,0,0.0,0,0,0,0,0,0
Andrej Ilic,SRB,FW,Union Berlin,24,2000,10.4,15,1.44,9,0,1,3,2,0,2,0.19,1,0,0,1,0,0
Jackson Irvine,AUS,MF,St. Pauli,31,1993,29.0,56,1.93,48,0,0,4,1,3,5,0.17,3,0,0,1,0,1
Ko Itakura,JPN,DF,Gladbach,27,1997,31.0,25,0.81,17,0,1,5,1,1,1,0.03,0,0,0,1,0,0
Hiroki Ito,JPN,DF,Bayern Munich,25,1999,2.8,5,1.81,5,0,0,0,0,0,1,0.36,1,0,0,0,0,0
Marko Ivezić,SRB,DF,Holstein Kiel,22,2001,18.4,12,0.65,10,0,0,0,1,1,1,0.05,1,0,0,0,0,0
Lee Jae-sung,KOR,MF,Mainz 05,31,1992,29.4,73,2.48,64,0,2,2,5,0,14,0.48,11,0,0,1,2,0
Kristijan Jakić,CRO,MF,Augsburg,27,1997,25.6,42,1.64,35,1,3,2,1,0,7,0.27,6,0,0,0,1,0
Luca Jaquez,SUI,DF,Stuttgart,21,2003,2.8,5,1.77,5,0,0,0,0,0,0,0.0,0,0,0,0,0,0
Finn Jeltsch,GER,DF,Stuttgart,18,2006,8.7,2,0.23,2,0,0,0,0,0,0,0.0,0,0,0,0,0,0
Fredrik Jensen,FIN,MF,Augsburg,26,1997,8.5,19,2.25,15,0,2,0,2,0,0,0.0,0,0,0,0,0,0
Moritz Jenz,GER,DF,Mainz 05,25,1999,17.8,11,0.62,8,0,0,3,0,0,2,0.11,1,0,0,1,0,0
Carl Johansson,SWE,DF,Holstein Kiel,30,1994,6.3,8,1.27,8,0,0,0,0,0,0,0.0,0,0,0,0,0,0
Anthony Jung,GER,DF,Werder Bremen,32,1991,21.1,14,0.66,14,0,0,0,0,0,1,0.05,1,0,0,0,0,0
David Jurásek,CZE,DF,Hoffenheim,23,2000,6.9,19,2.76,15,2,0,1,1,0,1,0.15,1,0,0,0,0,0
Yusuf Kabadayı,GER,"FW,MF",Augsburg,20,2004,0.8,4,5.07,4,0,0,0,0,0,0,0.0,0,0,0,0,0,0
Almugera Kabar,GER,DF,Dortmund,18,2006,1.5,3,1.99,3,0,0,0,0,0,0,0.0,0,0,0,0,0,0
Pavel Kadeřábek,CZE,DF,Hoffenheim,32,1992,17.5,41,2.34,29,7,3,1,0,1,1,0.06,1,0,0,0,0,0
Kevin Kampl,SVN,MF,RB Leipzig,33,1990,17.7,44,2.49,39,4,1,0,0,0,5,0.28,5,0,0,0,0,0
Harry Kane,ENG,FW,Bayern Munich,31,1993,26.5,89,3.36,59,1,9,15,5,0,21,0.79,12,0,2,4,3,0
Mikkel Kaufmann,DEN,FW,Heidenheim,23,2001,4.1,12,2.92,7,1,0,1,3,0,1,0.24,0,0,0,0,1,0
Yannik Keitel,GER,MF,Stuttgart,24,2000,3.0,2,0.67,2,0,0,0,0,0,0,0.0,0,0,0,0,0,0
Andu Kelati,GER,"MF,DF",Holstein Kiel,21,2002,3.2,9,2.81,8,0,0,1,0,0,1,0.31,1,0,0,0,0,0
Aljoscha Kemlein,GER,MF,Union Berlin,19,2004,10.2,21,2.05,18,2,0,0,0,1,2,0.2,1,0,0,0,0,1
Luca Kerber,GER,"MF,DF",Heidenheim,22,2002,8.7,9,1.03,7,0,0,1,1,0,1,0.11,0,0,0,1,0,0
Rani Khedira,GER,MF,Union Berlin,30,1994,30.3,33,1.09,31,0,0,1,0,1,2,0.07,2,0,0,0,0,0
Joshua Kimmich,GER,MF,Bayern Munich,29,1995,31.6,159,5.03,116,36,2,3,1,1,18,0.57,13,3,1,1,0,0
Tim Kleindienst,GER,FW,Gladbach,28,1995,30.4,68,2.24,48,1,1,10,4,4,14,0.46,9,1,0,1,2,1
Lukas Klostermann,GER,DF,RB Leipzig,28,1996,20.4,17,0.83,14,2,0,1,0,0,2,0.1,2,0,0,0,0,0
Ansgar Knauff,GER,"MF,DF",Eint Frankfurt,22,2002,17.7,62,3.5,38,0,12,4,6,2,10,0.56,5,0,3,1,0,1
Magnus Knudsen,NOR,MF,Holstein Kiel,23,2001,20.6,32,1.56,25,0,1,2,4,0,4,0.19,4,0,0,0,0,0
Gregor Kobel,SUI,GK,Dortmund,26,1997,32.0,4,0.12,3,0,0,0,1,0,0,0.0,0,0,0,0,0,0
Robin Koch,GER,DF,Eint Frankfurt,28,1996,28.7,21,0.73,18,0,0,3,0,0,4,0.14,4,0,0,0,0,0
Marco Komenda,CRO,DF,Holstein Kiel,27,1996,14.5,23,1.58,21,0,1,0,0,1,1,0.07,1,0,0,0,0,0
Mert Kömür,GER,MF,Augsburg,19,2005,7.3,25,3.44,9,11,2,2,1,0,1,0.14,0,1,0,0,0,0
Kacper Koscierski,GER,DF,Bochum,17,2007,0.1,0,0.0,0,0,0,0,0,0,0,0.0,0,0,0,0,0,0
Henri Koudossou,GER,DF,Augsburg,24,1999,8.3,18,2.17,15,0,1,1,0,1,2,0.24,2,0,0,0,0,0
Konstantinos Koulierakis,GRE,DF,Wolfsburg,20,2003,27.4,31,1.13,24,2,0,4,0,1,4,0.15,3,0,0,1,0,0
Matej Kovar,CZE,GK,Leverkusen,24,2000,5.0,0,0.0,0,0,0,0,0,0,0,0.0,0,0,0,0,0,0
Andrej Kramarić,CRO,"MF,FW",Hoffenheim,33,1991,30.7,102,3.32,78,13,2,7,2,0,14,0.46,11,1,0,1,1,0
Frans Krätzig,GER,DF,Stuttgart,21,2003,0.6,0,0.0,0,0,0,0,0,0,0,0.0,0,0,0,0,0,0
Tom Krauß,GER,MF,Bochum,23,2001,12.0,40,3.34,33,0,1,0,5,1,1,0.08,0,0,0,0,0,1
Rasmus Kristensen,DEN,DF,Eint Frankfurt,27,1997,27.9,60,2.15,46,4,2,5,2,1,10,0.36,5,0,1,3,0,1
Lukas Kübler,GER,DF,Freiburg,31,1992,20.5,26,1.27,21,1,0,4,0,0,4,0.2,3,0,0,1,0,0
Jonah Kusi-Asare,SWE,FW,Bayern Munich,17,2007,0.0,0,0.0,0,0,0,0,0,0,0,0.0,0,0,0,0,0,0
Moritz-Broni Kwarteng,GHA,"MF,FW",Bochum,26,1998,1.9,9,4.68,7,0,1,1,0,0,0,0.0,0,0,0,0,0,0
Nediljko Labrović,CRO,GK,Augsburg,24,1999,15.0,1,0.07,1,0,0,0,0,0,0,0.0,0,0,0,0,0,0
Konrad Laimer,AUT,DF,Bayern Munich,27,1997,18.9,62,3.28,56,2,1,1,1,1,8,0.42,8,0,0,0,0,0
Stefan Lainer,AUT,DF,Gladbach,31,1992,8.4,15,1.78,15,0,0,0,0,0,1,0.12,1,0,0,0,0,0
Hugo Larsson,SWE,MF,Eint Frankfurt,20,2004,26.6,57,2.14,48,0,2,5,1,1,5,0.19,2,0,1,2,0,0
Diogo Leite,POR,DF,Union Berlin,25,1999,28.3,33,1.17,25,2,1,1,4,0,3,0.11,2,0,0,0,1,0
Maxim Leitsch,GER,DF,Mainz 05,26,1998,7.5,7,0.93,6,0,0,1,0,0,0,0.0,0,0,0,0,0,0
Jamie Leweling,GER,"MF,FW",Stuttgart,23,2001,18.5,52,2.82,37,0,8,3,4,0,9,0.49,3,0,1,3,2,0
Philipp Lienhart,AUT,DF,Freiburg,28,1996,30.8,26,0.84,20,4,0,0,1,1,2,0.06,1,1,0,0,0,0
Marin Ljubicic,CRO,"FW,MF",Union Berlin,22,2002,3.1,9,2.88,5,1,0,0,3,0,3,0.96,2,0,0,0,1,0
Anthony Losilla,FRA,MF,Bochum,38,1986,12.6,19,1.5,18,0,0,0,1,0,2,0.16,2,0,0,0,0,0
Yannik Lührs,GER,DF,Dortmund,20,2003,1.4,2,1.41,2,0,0,0,0,0,0,0.0,0,0,0,0,0,0
Castello Lukeba,FRA,DF,RB Leipzig,21,2002,17.5,17,0.97,14,1,2,0,0,0,1,0.06,1,0,0,0,0,0
Senne Lynen,BEL,MF,Werder Bremen,25,1999,30.4,32,1.05,28,0,1,2,0,1,6,0.2,6,0,0,0,0,0
Shuto Machino,JPN,"FW,MF",Holstein Kiel,24,1999,21.7,74,3.41,48,19,2,3,2,0,9,0.41,8,1,0,0,0,0
Arne Maier,GER,MF,Augsburg,25,1999,10.4,44,4.23,25,17,0,2,0,0,4,0.38,1,2,0,1,0,0
Patrick Mainka,GER,DF,Heidenheim,29,1994,34.0,28,0.82,23,0,0,5,0,0,2,0.06,0,0,0,2,0,0
Lovro Majer,CRO,MF,Wolfsburg,26,1998,3.4,13,3.85,9,3,0,1,0,0,2,0.59,1,1,0,0,0,0
Jordy Makengo,FRA,DF,Freiburg,22,2001,8.3,9,1.09,7,1,1,0,0,0,1,0.12,1,0,0,0,0,0
Jarzinho Malanga,GER,DF,Stuttgart,18,2006,0.0,0,0.0,0,0,0,0,0,0,0,0.0,0,0,0,0,0,0
Julián Malatini,ARG,DF,Werder Bremen,23,2001,5.0,5,0.99,4,0,0,1,0,0,2,0.4,2,0,0,0,0,0
Donyell Malen,NED,"FW,MF",Dortmund,25,1999,6.8,12,1.76,9,0,2,1,0,0,3,0.44,3,0,0,0,0,0
Lennard Maloney,USA,MF,Heidenheim,24,1999,8.4,7,0.83,6,0,0,1,0,0,0,0.0,0,0,0,0,0,0
Lennard Maloney,USA,MF,Mainz 05,24,1999,0.3,0,0.0,0,0,0,0,0,0,0,0.0,0,0,0,0,0,0
Johan Manzambi,SUI,"FW,MF",Freiburg,18,2005,3.7,13,3.49,6,0,3,2,2,0,2,0.54,2,0,0,0,0,0
Omar Marmoush,EGY,FW,Eint Frankfurt,25,1999,16.1,91,5.66,39,20,13,9,9,1,21,1.31,7,3,6,3,2,0
Giorgos Masouras,GRE,"FW,MF",Bochum,30,1994,11.7,29,2.47,21,0,2,5,1,0,5,0.43,2,0,0,3,0,0
Erhan Mašović,SRB,DF,Bochum,25,1998,10.1,7,0.69,7,0,0,0,0,0,1,0.1,1,0,0,0,0,0
Igor Matanovic,CRO,FW,Eint Frankfurt,21,2003,3.5,8,2.31,3,1,1,3,0,0,1,0.29,0,0,0,1,0,0
Chrislain Matsima,FRA,DF,Augsburg,22,2002,28.3,17,0.6,17,0,0,0,0,0,1,0.04,1,0,0,0,0,0
Jean Mattéo Bahoya,FRA,"MF,FW",Eint Frankfurt,19,2005,10.2,41,4.01,33,3,1,1,2,1,6,0.59,3,0,1,0,2,0
Maurides,BRA,FW,St.,Pauli 30,1994,0.0,0,0.0,0,0,0,0,0,0,0,0.0,0,0,0,0,0,0
Keke Maximilian Topp,GER,"FW,MF",Werder Bremen,20,2004,2.8,11,3.93,11,0,0,0,0,0,2,0.71,2,0,0,0,0,0
Jakov Medić,CRO,DF,Bochum,25,1998,17.8,10,0.56,9,0,0,1,0,0,1,0.06,1,0,0,0,0,0
Connor Metcalfe,AUS,"MF,FW",St. Pauli,24,1999,4.0,6,1.5,2,2,0,0,2,0,0,0.0,0,0,0,0,0,0
Karol Mets,EST,DF,St. Pauli,31,1993,10.0,9,0.9,8,0,0,1,0,0,0,0.0,0,0,0,0,0,0
Alexander Meyer,GER,GK,Dortmund,33,1991,2.0,1,0.5,1,0,0,0,0,0,0,0.0,0,0,0,0,0,0
Florian Micheler,AUT,MF,Hoffenheim,19,2005,0.4,0,0.0,0,0,0,0,0,0,0,0.0,0,0,0,0,0,0
Enzo Millot,FRA,"MF,FW",Stuttgart,22,2002,20.5,66,3.22,49,2,5,7,3,0,10,0.49,8,0,1,1,0,0
Kim Min-jae,KOR,DF,Bayern Munich,27,1996,25.4,26,1.03,24,0,0,0,1,1,2,0.08,2,0,0,0,0,0
Maximilian Mittelstädt,GER,DF,Stuttgart,27,1997,27.4,98,3.57,87,8,2,0,0,1,15,0.55,14,1,0,0,0,0
Koji Miyoshi,JPN,"FW,MF",Bochum,27,1997,5.2,9,1.75,7,0,1,1,0,0,0,0.0,0,0,0,0,0,0
Steve Mounié,BEN,"FW,MF",Augsburg,29,1994,3.9,7,1.82,2,0,1,4,0,0,0,0.0,0,0,0,0,0,0
Nordi Mukiele,FRA,DF,Leverkusen,26,1997,10.0,15,1.5,11,0,2,1,0,1,1,0.1,0,0,0,1,0,0
Florian Müller,GER,GK,Freiburg,26,1997,8.4,0,0.0,0,0,0,0,0,0,0,0.0,0,0,0,0,0,0
Kevin Müller,GER,GK,Heidenheim,33,1991,32.7,4,0.12,2,2,0,0,0,0,1,0.03,0,1,0,0,0,0
Marius Müller,GER,GK,Wolfsburg,31,1993,5.3,0,0.0,0,0,0,0,0,0,0,0.0,0,0,0,0,0,0
Thomas Müller,GER,"MF,FW",Bayern Munich,34,1989,13.6,73,5.36,62,2,3,6,0,0,9,0.66,7,0,1,1,0,0
Jamal Musiala,GER,MF,Bayern Munich,21,2003,20.0,111,5.56,70,1,22,7,9,2,9,0.45,4,0,2,1,1,1
Florent Muslija,KVX,"FW,MF",Freiburg,26,1998,1.9,7,3.77,6,1,0,0,0,0,1,0.54,1,0,0,0,0,0
Phillipp Mwene,AUT,DF,Mainz 05,30,1994,29.0,63,2.18,51,8,0,1,2,1,10,0.35,8,1,0,0,1,0
Joakim Mæhle,DEN,DF,Wolfsburg,27,1997,24.3,41,1.69,34,2,3,1,1,0,8,0.33,6,0,1,0,1,0
Nathan N'Goumou,CMR,FW,Gladbach,24,2000,9.2,22,2.39,16,0,2,3,1,0,5,0.54,4,0,0,1,0,0
Stanley N'Soki,FRA,DF,Hoffenheim,25,1999,14.5,19,1.31,17,1,0,1,0,0,1,0.07,1,0,0,0,0,0
Nikolas Nartey,DEN,MF,Stuttgart,24,2000,0.2,0,0.0,0,0,0,0,0,0,0,0.0,0,0,0,0,0,0
Paul Nebel,GER,MF,Mainz 05,21,2002,26.1,84,3.23,57,5,7,4,9,2,6,0.23,5,0,0,0,1,0
Kosta Nedeljković,SRB,DF,RB Leipzig,18,2005,5.3,6,1.13,6,0,0,0,0,0,0,0.0,0,0,0,0,0,0
Ivan Nekić,CRO,DF,Holstein Kiel,23,2000,0.8,0,0.0,0,0,0,0,0,0,0,0.0,0,0,0,0,0,0
David Nemeth,AUT,DF,St. Pauli,23,2001,23.7,8,0.34,7,1,0,0,0,0,2,0.08,1,1,0,0,0,0
Luca Netz,GER,DF,Gladbach,21,2003,10.8,27,2.51,25,1,0,0,0,1,4,0.37,4,0,0,0,0,0
Manuel Neuer,GER,GK,Bayern Munich,38,1986,22.0,3,0.14,3,0,0,0,0,0,0,0.0,0,0,0,0,0,0
Florian Neuhaus,GER,MF,Gladbach,27,1997,4.2,17,4.02,14,0,2,1,0,0,1,0.24,1,0,0,0,0,0
Moritz Nicolas,GER,GK,Gladbach,26,1997,18.2,1,0.05,1,0,0,0,0,0,0,0.0,0,0,0,0,0,0
Julian Niehues,GER,MF,Heidenheim,23,2001,1.7,4,2.34,4,0,0,0,0,0,0,0.0,0,0,0,0,0,0
Justin Njinmah,GER,"FW,MF",Werder Bremen,23,2000,10.6,39,3.69,27,0,5,2,5,0,4,0.38,3,0,0,0,1,0
Felix Nmecha,GER,MF,Dortmund,23,2000,16.8,32,1.91,25,0,3,2,2,0,6,0.36,3,0,1,1,1,0
Lukas Nmecha,GER,"FW,MF",Wolfsburg,25,1998,5.2,8,1.54,5,0,1,1,1,0,1,0.19,0,0,0,1,0,0
Alexander Nübel,GER,GK,Stuttgart,27,1996,34.0,10,0.29,8,2,0,0,0,0,3,0.09,3,0,0,0,0,0
Antonio Nusa,NOR,"MF,DF",RB Leipzig,19,2005,17.3,41,2.37,29,0,8,0,4,0,5,0.29,4,0,0,0,1,0
David Odogu,GER,DF,Wolfsburg,18,2006,2.2,1,0.46,1,0,0,0,0,0,0,0.0,0,0,0,0,0,0
Tim Oermann,GER,DF,Bochum,20,2003,24.6,20,0.81,18,1,0,0,0,1,3,0.12,3,0,0,0,0,0
Ifechukwu Ogbus,SUI,DF,Freiburg,18,2005,0.2,0,0.0,0,0,0,0,0,0,0,0.0,0,0,0,0,0,0
Michael Olise,FRA,"FW,MF",Bayern Munich,22,2001,25.9,169,6.51,121,17,15,7,9,0,25,0.96,13,3,2,3,4,0
Jonas Omlin,SUI,GK,Gladbach,30,1994,10.9,1,0.09,1,0,0,0,0,0,0,0.0,0,0,0,0,0,0
Karim Onisiwo,AUT,"MF,FW",Mainz 05,32,1992,1.2,2,1.64,1,0,0,0,1,0,1,0.82,0,0,0,0,1,0
Frank Onyeka,NGA,MF,Augsburg,26,1998,28.7,50,1.74,41,2,1,1,5,0,4,0.14,1,1,1,1,0,0
Loïs Openda,BEL,"FW,MF",RB Leipzig,24,2000,27.3,66,2.42,41,0,4,10,11,0,10,0.37,5,0,0,2,3,0
Gift Orban,NGA,FW,Hoffenheim,22,2002,7.6,12,1.57,9,0,2,0,1,0,2,0.26,1,0,1,0,0,0
Willi Orban,HUN,DF,RB Leipzig,31,1992,24.7,21,0.85,18,0,0,1,0,2,3,0.12,3,0,0,0,0,0
Ivan Ordets,UKR,DF,Bochum,32,1992,20.7,18,0.87,15,0,0,1,2,0,1,0.05,1,0,0,0,0,0
Patrick Osterhage,GER,MF,Freiburg,24,2000,25.2,41,1.63,30,0,1,4,4,2,4,0.16,2,0,0,2,0,0
Assan Ouedraogo,GER,MF,RB Leipzig,18,2006,0.6,0,0.0,0,0,0,0,0,0,0,0.0,0,0,0,0,0,0
Salih Özcan,TUR,MF,Wolfsburg,26,1998,3.9,11,2.8,7,2,1,1,0,0,0,0.0,0,0,0,0,0,0
Salih Özcan,TUR,MF,Dortmund,26,1998,4.3,10,2.3,9,0,0,1,0,0,0,0.0,0,0,0,0,0,0
Exequiel Palacios,ARG,MF,Leverkusen,25,1998,12.8,47,3.67,41,0,2,1,0,3,9,0.7,8,0,0,1,0,0
João Palhinha,POR,MF,Bayern Munich,29,1995,7.5,13,1.74,11,0,0,2,0,0,1,0.13,0,0,0,1,0,0
Mats Pannewig,GER,MF,Bochum,19,2004,3.0,11,3.72,9,0,0,2,0,0,0,0.0,0,0,0,0,0,0
Kevin Paredes,USA,DF,Wolfsburg,21,2003,1.4,6,4.39,4,0,0,0,2,0,1,0.73,1,0,0,0,0,0
Aleksandar Pavlovic,GER,MF,Bayern Munich,20,2004,16.1,30,1.86,29,0,0,1,0,0,3,0.19,3,0,0,0,0,0
Mads Pedersen,DEN,DF,Augsburg,27,1996,2.6,4,1.53,1,2,0,1,0,0,0,0.0,0,0,0,0,0,0
Jordan Pefok,USA,FW,Union Berlin,28,1996,10.1,26,2.58,17,1,1,5,2,0,0,0.0,0,0,0,0,0,0
Daniel Peretz,ISR,GK,Bayern Munich,24,2000,3.0,0,0.0,0,0,0,0,0,0,0,0.0,0,0,0,0,0,0
Noah Pesch,CRO,FW,Gladbach,19,2005,0.1,0,0.0,0,0,0,0,0,0,0,0.0,0,0,0,0,0,0
Luca Philipp,GER,GK,Hoffenheim,23,2000,6.0,1,0.17,1,0,0,0,0,0,0,0.0,0,0,0,0,0,0
Maximilian Philipp,GER,"MF,FW",Freiburg,30,1994,0.2,0,0.0,0,0,0,0,0,0,0,0.0,0,0,0,0,0,0
Benedikt Pichler,AUT,FW,Holstein Kiel,27,1997,8.7,30,3.44,20,1,2,5,2,0,3,0.34,2,0,1,0,0,0
Amos Pieper,GER,DF,Werder Bremen,26,1998,16.6,5,0.3,5,0,0,0,0,0,0,0.0,0,0,0,0,0,0
Marvin Pieringer,GER,"FW,MF",Heidenheim,24,1999,24.5,69,2.81,48,1,5,7,7,1,7,0.29,3,0,0,1,2,1
Alassane Pléa,FRA,"MF,FW",Gladbach,31,1993,21.1,72,3.41,58,2,5,1,5,1,14,0.66,10,1,2,0,1,0
Yussuf Poulsen,DEN,"FW,MF",RB Leipzig,30,1994,4.2,15,3.57,12,0,0,1,2,0,2,0.48,1,0,0,1,0,0
Alexander Prass,AUT,DF,Hoffenheim,23,2001,17.4,35,2.01,29,1,4,0,1,0,5,0.29,3,1,0,0,1,0
David Preu,GER,"MF,DF",Union Berlin,19,2004,1.3,4,2.98,1,1,2,0,0,0,0,0.0,0,0,0,0,0,0
Grischa Prömel,GER,MF,Hoffenheim,29,1995,1.9,2,1.03,1,1,0,0,0,0,1,0.52,1,0,0,0,0,0
Ivan Prtajin,CRO,FW,Union Berlin,28,1996,1.8,1,0.56,1,0,0,0,0,0,0,0.0,0,0,0,0,0,0
Tymoteusz Puchacz,POL,DF,Holstein Kiel,25,1999,4.4,14,3.18,9,5,0,0,0,0,1,0.23,1,0,0,0,0,0
Leopold Querfeld,AUT,DF,Union Berlin,20,2003,19.4,26,1.34,24,0,0,1,1,0,2,0.1,2,0,0,0,0,0
Grant Ranos,ARM,FW,Gladbach,21,2003,0.2,0,0.0,0,0,0,0,0,0,0,0.0,0,0,0,0,0,0
David Raum,GER,DF,RB Leipzig,26,1998,19.8,73,3.68,42,26,2,1,0,2,7,0.35,3,3,0,1,0,0
Rocco Reitz,GER,MF,Gladbach,22,2002,20.3,45,2.21,35,0,2,1,2,5,5,0.25,4,0,1,0,0,0
Nicolai Remberg,GER,MF,Holstein Kiel,24,2000,26.9,30,1.12,24,0,0,3,3,0,3,0.11,3,0,0,0,0,0
Elvis Rexhbeçaj,KVX,MF,Augsburg,26,1997,19.8,56,2.82,35,11,0,7,3,0,5,0.25,5,0,0,0,0,0
Gio Reyna,USA,MF,Dortmund,21,2002,3.9,6,1.54,5,0,1,0,0,0,0,0.0,0,0,0,0,0,0
Fabian Rieder,SUI,"MF,FW",Stuttgart,22,2002,9.6,35,3.63,22,4,2,4,3,0,5,0.52,2,1,1,0,1,0
Lasse Rieß,GER,GK,Mainz 05,23,2001,2.0,3,1.5,3,0,0,0,0,0,1,0.5,1,0,0,0,0,0
Mads Roerslev,DEN,DF,Wolfsburg,25,1999,3.3,6,1.81,5,0,0,0,1,0,2,0.6,2,0,0,0,0,0
Merlin Röhl,GER,"MF,FW",Freiburg,22,2002,10.7,25,2.33,19,0,1,2,2,1,3,0.28,1,0,0,1,1,0
Lasse Rosenboom,GER,DF,Holstein Kiel,22,2002,19.3,25,1.3,22,0,0,2,1,0,3,0.16,3,0,0,0,0,0
Max Rosenfelder,GER,DF,Freiburg,21,2003,13.9,15,1.08,10,0,3,0,1,1,1,0.07,1,0,0,0,0,0
Anthony Rouault,FRA,DF,Stuttgart,23,2001,13.5,11,0.82,9,0,0,0,1,1,0,0.0,0,0,0,0,0,0
Julian Ryerson,NOR,DF,Dortmund,26,1997,25.1,56,2.23,44,8,4,0,0,0,5,0.2,4,0,1,0,0,0
Frederik Rønnow,DEN,GK,Union Berlin,31,1992,28.0,6,0.21,4,2,0,0,0,0,0,0.0,0,0,0,0,0,0
Elias Saad,TUN,"FW,MF",St. Pauli,24,1999,10.0,35,3.5,20,1,4,4,5,1,4,0.4,1,0,2,1,0,0
Marcel Sabitzer,AUT,MF,Dortmund,30,1994,18.0,42,2.34,26,3,1,6,1,5,6,0.33,2,0,0,0,1,3
Faik Sakar,GER,MF,RB Leipzig,16,2008,0.0,0,0.0,0,0,0,0,0,0,0,0.0,0,0,0,0,0,0
Manolis Saliakas,GRE,"MF,DF",St. Pauli,27,1996,25.7,59,2.29,43,10,1,2,3,0,5,0.19,4,0,0,0,1,0
Roland Sallai,HUN,"FW,MF",Freiburg,27,1997,0.5,3,5.87,2,1,0,0,0,0,0,0.0,0,0,0,0,0,0
Diadie Samassékou,MLI,MF,Hoffenheim,28,1996,3.2,4,1.24,3,0,0,0,1,0,0,0.0,0,0,0,0,0,0
Philipp Sander,GER,MF,Gladbach,26,1998,15.6,28,1.8,20,4,1,3,0,0,1,0.06,1,0,0,0,0,0
James Sands,USA,"MF,DF",St. Pauli,24,2000,5.0,7,1.39,7,0,0,0,0,0,0,0.0,0,0,0,0,0,0
Leroy Sané,GER,FW,Bayern Munich,28,1996,18.2,76,4.18,55,1,8,5,5,2,9,0.49,7,0,1,0,0,1
Kaishu Sano,JPN,MF,Mainz 05,23,2000,33.8,62,1.83,50,0,3,2,4,3,5,0.15,4,0,0,0,0,1
Kauã Santos,BRA,GK,Eint Frankfurt,21,2003,8.5,3,0.35,2,1,0,0,0,0,0,0.0,0,0,0,0,0,0
Joe Scally,USA,DF,Gladbach,21,2002,28.6,28,0.98,21,2,1,2,1,1,2,0.07,2,0,0,0,0,0
András Schäfer,HUN,MF,Union Berlin,25,1999,17.0,29,1.7,21,0,1,1,5,1,3,0.18,2,0,1,0,0,0
Patrik Schick,CZE,FW,Leverkusen,28,1996,18.7,34,1.82,22,0,4,3,5,0,3,0.16,1,0,0,1,1,0
Stefan Schimmer,GER,"FW,MF",Heidenheim,30,1994,2.7,4,1.45,3,0,0,0,1,0,0,0.0,0,0,0,0,0,0
Xaver Schlager,AUT,MF,RB Leipzig,26,1997,2.0,2,0.99,2,0,0,0,0,0,0,0.0,0,0,0,0,0,0
Keven Schlotterbeck,GER,DF,Augsburg,27,1997,14.4,24,1.67,20,0,1,2,0,1,2,0.14,2,0,0,0,0,0
Nico Schlotterbeck,GER,DF,Dortmund,24,1999,22.0,50,2.27,41,4,1,2,1,1,6,0.27,4,2,0,0,0,0
Romano Schmid,AUT,MF,Werder Bremen,24,2000,31.5,151,4.8,111,16,5,11,7,1,13,0.41,10,1,0,1,1,0
Jan Schöppner,GER,MF,Heidenheim,25,1999,29.8,56,1.88,44,1,3,6,1,1,4,0.13,3,0,0,1,0,0
Marvin Schulz,GER,"MF,DF",Holstein Kiel,29,1995,3.4,8,2.34,5,3,0,0,0,0,0,0.0,0,0,0,0,0,0
Alexander Schwolow,GER,GK,Union Berlin,32,1992,6.0,0,0.0,0,0,0,0,0,0,0,0.0,0,0,0,0,0,0
Léo Scienza,BRA,"FW,MF",Heidenheim,25,1998,12.8,82,6.39,31,20,10,3,18,0,7,0.55,3,2,0,0,2,0
Nicolas Seiwald,AUT,"MF,DF",RB Leipzig,23,2001,23.2,49,2.12,39,10,0,0,0,0,3,0.13,3,0,0,0,0,0
Benjamin Šeško,SVN,"FW,MF",RB Leipzig,21,2003,26.4,51,1.93,31,0,11,7,2,0,9,0.34,4,0,2,2,1,0
Armindo Sieb,GER,"FW,MF",Mainz 05,21,2003,8.5,17,2.0,10,0,2,4,1,0,4,0.47,3,0,0,1,0,0
Tim Siersleben,GER,DF,Heidenheim,24,2000,13.1,15,1.14,14,1,0,0,0,0,0,0.0,0,0,0,0,0,0
Kiliann Sildillia,FRA,DF,Freiburg,22,2002,8.9,16,1.8,9,6,0,1,0,0,1,0.11,1,0,0,0,0,0
André Silva,POR,FW,Werder Bremen,28,1995,4.2,15,3.6,11,0,1,2,1,0,1,0.24,1,0,0,0,0,0
André Silva,POR,"FW,MF",RB Leipzig,28,1995,1.5,7,4.81,5,0,0,1,1,0,2,1.37,2,0,0,0,0,0
Mohamed Simakan,FRA,DF,RB Leipzig,24,2000,0.6,3,5.0,3,0,0,0,0,0,0,0.0,0,0,0,0,0,0
Xavi Simons,NED,MF,RB Leipzig,21,2003,23.9,108,4.52,77,13,3,3,11,1,12,0.5,8,1,1,2,0,0
Danel Sinani,LUX,"FW,MF",St. Pauli,27,1997,13.9,60,4.32,32,18,1,5,3,1,4,0.29,3,0,0,1,0,0
Tobias Sippel,GER,GK,Gladbach,36,1988,0.7,0,0.0,0,0,0,0,0,0,0,0.0,0,0,0,0,0,0
Ibrahima Sissoko,MLI,MF,Bochum,26,1997,29.0,65,2.24,53,0,3,1,4,4,3,0.1,2,0,0,0,1,0
Tim Skarke,GER,"FW,MF",Union Berlin,27,1996,12.9,34,2.63,26,0,2,3,3,0,4,0.31,3,0,0,1,0,0
Ellyes Skhiri,TUN,MF,Eint Frankfurt,29,1995,24.8,49,1.98,42,0,0,2,1,4,5,0.2,3,0,0,1,0,1
Steven Skrzybski,GER,"MF,FW",Holstein Kiel,31,1992,14.7,51,3.47,34,2,2,8,4,1,5,0.34,4,1,0,0,0,0
Anton Stach,GER,"MF,DF",Hoffenheim,25,1998,28.7,63,2.19,50,1,4,4,3,1,5,0.17,5,0,0,0,0,0
Jens Stage,DEN,MF,Werder Bremen,27,1996,24.5,63,2.57,52,0,1,3,4,3,15,0.61,12,0,1,0,1,1
Josip Stanišić,CRO,DF,Bayern Munich,24,2000,9.7,23,2.36,22,0,1,0,0,0,4,0.41,3,0,1,0,0,0
Niklas Stark,GER,DF,Werder Bremen,29,1995,23.4,11,0.47,9,1,0,0,1,0,2,0.09,2,0,0,0,0,0
Pascal Stenzel,GER,DF,Stuttgart,28,1996,3.2,13,4.03,5,5,0,3,0,0,0,0.0,0,0,0,0,0,0
Leonidas Stergiou,SUI,DF,Stuttgart,22,2002,9.5,12,1.27,9,1,2,0,0,0,6,0.63,4,0,2,0,0,0
Finley Stevens,WAL,DF,St. Pauli,21,2003,0.0,0,0.0,0,0,0,0,0,0,0,0.0,0,0,0,0,0,0
Angelo Stiller,GER,MF,Stuttgart,23,2001,30.5,111,3.64,88,17,2,0,3,1,10,0.33,8,2,0,0,0,0
Kevin Stöger,AUT,MF,Gladbach,30,1993,17.2,106,6.15,60,30,5,2,9,0,8,0.46,7,1,0,0,0,0
Niklas Süle,GER,DF,Dortmund,28,1995,11.7,15,1.28,14,0,0,0,1,0,1,0.09,1,0,0,0,0,0
Mattias Svanberg,SWE,MF,Wolfsburg,25,1999,13.5,29,2.14,13,9,1,1,4,1,5,0.37,1,0,1,0,2,1
Haris Tabakovic,BIH,FW,Hoffenheim,30,1994,9.1,16,1.76,12,0,0,4,0,0,3,0.33,2,0,0,1,0,0
Jonathan Tah,GER,DF,Leverkusen,28,1996,33.0,30,0.91,25,0,2,2,1,0,5,0.15,4,0,0,1,0,0
Edmond Tapsoba,BFA,DF,Leverkusen,25,1999,27.9,34,1.22,29,1,1,2,1,0,6,0.22,6,0,0,0,0,0
Mathys Tel,FRA,"FW,MF",Bayern Munich,19,2005,2.8,4,1.41,3,1,0,0,0,0,2,0.7,2,0,0,0,0,0
Nathan Tella,NGA,"MF,FW",Leverkusen,25,1999,15.1,32,2.12,23,0,3,4,2,0,7,0.46,6,0,1,0,0,0
Martin Terrier,FRA,"MF,FW",Leverkusen,27,1997,6.5,21,3.24,16,1,0,2,2,0,3,0.46,3,0,0,0,0,0
Arthur Theate,BEL,DF,Eint Frankfurt,24,2000,30.0,47,1.56,35,1,0,6,3,2,7,0.23,6,0,0,1,0,0
Norman Theuerkauf,GER,MF,Heidenheim,37,1987,0.2,1,4.09,1,0,0,0,0,0,0,0.0,0,0,0,0,0,0
Denis Thomalla,GER,MF,Heidenheim,31,1992,0.0,0,0.0,0,0,0,0,0,0,0,0.0,0,0,0,0,0,0
Phillip Tietz,GER,FW,Augsburg,27,1997,18.7,48,2.56,35,1,3,7,2,0,5,0.27,2,0,1,2,0,0
Umut Tohumcu,GER,"MF,FW",Hoffenheim,19,2004,4.2,6,1.44,2,2,0,1,1,0,1,0.24,1,0,0,0,0,0
Tiago Tomás,POR,"FW,MF",Wolfsburg,22,2002,20.9,55,2.63,33,0,7,8,6,1,8,0.38,4,0,1,2,1,0
Bazoumana Touré,CIV,"FW,MF",Hoffenheim,18,2006,6.8,25,3.7,17,0,3,3,1,1,4,0.59,3,0,0,0,0,1
Lucas Tousart,FRA,MF,Union Berlin,27,1997,6.2,12,1.93,8,0,0,2,1,1,2,0.32,1,0,0,1,0,0
Omar Traoré,GER,DF,Heidenheim,26,1998,29.1,54,1.86,42,3,4,2,3,0,2,0.07,2,0,0,0,0,0
Kevin Trapp,GER,GK,Eint Frankfurt,34,1990,25.5,1,0.04,1,0,0,0,0,0,1,0.04,1,0,0,0,0,0
Philipp Treu,GER,"MF,DF",St. Pauli,23,2000,32.0,69,2.16,50,5,5,4,4,1,5,0.16,3,1,1,0,0,0
Lukas Ullrich,GER,DF,Gladbach,20,2004,21.1,28,1.32,24,1,1,1,1,0,5,0.24,5,0,0,0,0,0
Sven Ulreich,GER,GK,Bayern Munich,35,1988,1.0,0,0.0,0,0,0,0,0,0,0,0.0,0,0,0,0,0,0
Deniz Undav,GER,"FW,MF",Stuttgart,28,1996,19.2,58,3.02,44,0,0,11,0,3,8,0.42,4,0,0,3,0,1
Dayot Upamecano,FRA,DF,Bayern Munich,25,1998,19.5,20,1.02,20,0,0,0,0,0,0,0.0,0,0,0,0,0,0
Jonas Urbig,GER,GK,Bayern Munich,20,2003,8.0,1,0.12,1,0,0,0,0,0,0,0.0,0,0,0,0,0,0
Can Uzun,TUR,"MF,FW",Eint Frankfurt,18,2005,7.5,38,5.06,24,2,6,3,1,2,3,0.4,2,0,0,0,0,1
Maarten Vandevoordt,BEL,GK,RB Leipzig,22,2002,4.8,0,0.0,0,0,0,0,0,0,0,0.0,0,0,0,0,0,0
Ruben Vargas,SUI,"MF,FW",Augsburg,25,1998,3.4,17,5.0,8,5,1,2,1,0,0,0.0,0,0,0,0,0,0
Nikola Vasilj,BIH,GK,St. Pauli,28,1995,33.0,1,0.03,1,0,0,0,0,0,0,0.0,0,0,0,0,0,0
Denis Vavro,SVK,DF,Wolfsburg,28,1996,27.3,27,0.99,19,0,1,5,1,1,5,0.18,2,0,0,3,0,0
Miloš Veljković,SRB,DF,Werder Bremen,28,1995,11.4,14,1.22,14,0,0,0,0,0,1,0.09,1,0,0,0,0,0
Arthur Vermeeren,BEL,MF,RB Leipzig,19,2005,17.5,28,1.6,27,0,0,0,0,1,2,0.11,2,0,0,0,0,0
Yorbe Vertessen,BEL,"MF,FW",Union Berlin,23,2001,8.0,32,4.0,17,6,6,0,3,0,0,0.0,0,0,0,0,0,0
Gabriel Vidovic,CRO,MF,Bayern Munich,20,2003,0.3,0,0.0,0,0,0,0,0,0,0,0.0,0,0,0,0,0,0
Gabriel Vidovic,CRO,MF,Mainz 05,20,2003,0.0,0,0.0,0,0,0,0,0,0,0,0.0,0,0,0,0,0,0
Kevin Vogt,GER,DF,Union Berlin,32,1991,15.2,17,1.12,15,2,0,0,0,0,0,0.0,0,0,0,0,0,0
Kevin Volland,GER,"FW,MF",Union Berlin,32,1992,0.7,1,1.48,1,0,0,0,0,0,0,0.0,0,0,0,0,0,0
Aster Vranckx,BEL,MF,Wolfsburg,21,2002,6.2,6,0.97,5,0,0,0,1,0,1,0.16,1,0,0,0,0,0
Robert Wagner,GER,MF,St. Pauli,21,2003,4.5,3,0.67,3,0,0,0,0,0,0,0.0,0,0,0,0,0,0
Elye Wahi,FRA,"FW,MF",Eint Frankfurt,21,2003,2.2,4,1.83,2,0,1,1,0,0,0,0.0,0,0,0,0,0,0
Hauke Wahl,GER,DF,St. Pauli,30,1994,33.0,26,0.79,22,0,0,2,1,1,0,0.0,0,0,0,0,0,0
Paul Wanner,GER,"MF,FW",Heidenheim,18,2005,19.7,51,2.59,30,9,1,6,5,0,7,0.36,5,0,0,2,0,0
Kjell-Arik Wätjen,GER,MF,Dortmund,18,2006,0.2,0,0.0,0,0,0,0,0,0,0,0.0,0,0,0,0,0,0
Julian Weigl,GER,MF,Gladbach,28,1995,32.0,51,1.59,45,0,0,5,1,0,6,0.19,6,0,0,0,0,0
Timon Weiner,GER,GK,Holstein Kiel,25,1999,25.0,5,0.2,5,0,0,0,0,0,0,0.0,0,0,0,0,0,0
Nelson Weiper,GER,"FW,MF",Mainz 05,19,2005,7.8,16,2.05,11,0,2,3,0,0,2,0.26,2,0,0,0,0,0
Noah Weißhaupt,GER,"FW,MF",St. Pauli,22,2001,12.9,42,3.26,19,8,4,2,9,0,1,0.08,1,0,0,0,0,0
Noah Weißhaupt,GER,FW,Freiburg,22,2001,0.9,4,4.5,3,0,1,0,0,0,0,0.0,0,0,0,0,0,0
Silvan Widmer,SUI,DF,Mainz 05,31,1993,5.6,10,1.78,7,2,0,1,0,0,2,0.36,1,1,0,0,0,0
Patrick Wimmer,AUT,"MF,FW",Wolfsburg,23,2001,19.7,71,3.61,45,8,8,2,5,3,12,0.61,7,1,1,1,1,1
Jonas Wind,DEN,"FW,MF",Wolfsburg,25,1999,21.8,65,2.97,56,0,0,4,5,0,6,0.27,5,0,0,1,0,0
Florian Wirtz,GER,"MF,FW",Leverkusen,21,2003,26.1,148,5.66,107,7,23,6,4,1,26,0.99,18,0,4,3,1,0
Maximilian Wittek,GER,DF,Bochum,28,1995,30.1,100,3.33,62,28,1,5,4,0,6,0.2,3,1,0,1,1,0
Marius Wolf,GER,DF,Augsburg,29,1995,23.8,80,3.36,53,17,6,1,3,0,6,0.25,3,2,1,0,0,0
Nick Woltemade,GER,"FW,MF",Stuttgart,22,2002,18.0,79,4.38,55,0,8,12,3,1,10,0.55,5,0,4,1,0,0
Jeong Woo-yeong,KOR,"MF,FW",Union Berlin,24,1999,14.0,49,3.49,40,2,1,4,1,1,5,0.36,3,1,1,0,0,0
Granit Xhaka,SUI,MF,Leverkusen,31,1992,32.1,120,3.74,113,4,0,1,2,0,18,0.56,17,1,0,0,0,0
Erencan Yardimci,TUR,"FW,MF",Hoffenheim,22,2002,3.5,5,1.44,2,0,0,3,0,0,2,0.58,0,0,0,2,0,0
David Zec,SVN,DF,Holstein Kiel,24,2000,17.1,13,0.76,13,0,0,0,0,0,0,0.0,0,0,0,0,0,0
Robin Zentner,GER,GK,Mainz 05,29,1994,32.0,8,0.25,8,0,0,0,0,0,0,0.0,0,0,0,0,0,0
Cedric Zesiger,SUI,DF,Augsburg,26,1998,13.6,13,0.96,11,1,0,1,0,0,3,0.22,3,0,0,0,0,0
Cedric Zesiger,SUI,DF,Wolfsburg,26,1998,5.8,5,0.86,5,0,0,0,0,0,0,0.0,0,0,0,0,0,0
Michael Zetterer,GER,GK,Werder Bremen,29,1995,34.0,5,0.15,5,0,0,0,0,0,1,0.03,1,0,0,0,0,0
Budu Zivzivadze,GEO,FW,Heidenheim,30,1994,10.6,26,2.45,22,0,1,1,1,1,4,0.38,3,0,0,1,0,0
Keyliane Abdallah,FRA,FW,Marseille,18,2006,0.0,0,0.0,0,0,0,0,0,0,0,0.0,0,0,0,0,0,0
Yunis Abdelhamid,MAR,DF,Saint-Étienne,36,1987,11.5,6,0.55,5,1,0,0,0,0,0,0.0,0,0,0,0,0,0
Himad Abdelli,ALG,"MF,FW",Angers,24,1999,31.6,94,2.98,80,2,5,1,3,3,5,0.16,3,0,2,0,0,0
Mohamed Abdelmoneim,EGY,DF,Nice,25,1999,9.5,8,0.84,8,0,0,0,0,0,0,0.0,0,0,0,0,0,0
Matthis Abline,FRA,FW,Nantes,21,2003,30.8,61,1.98,43,0,8,6,3,1,9,0.29,6,0,2,1,0,0
Abner,BRA,DF,Lyon,24,2000,12.1,25,2.06,21,3,0,1,0,0,1,0.08,1,0,0,0,0,0
Zakaria Aboukhlal,MAR,"MF,FW",Toulouse,24,2000,21.1,34,1.61,19,0,4,6,4,1,7,0.33,3,0,1,0,3,0
Akor Adams,NGA,FW,Montpellier,24,2000,11.9,25,2.09,18,0,4,1,2,0,5,0.42,2,0,1,0,2,0
Martin Adeline,FRA,MF,Reims,20,2003,0.3,0,0.0,0,0,0,0,0,0,0,0.0,0,0,0,0,0,0
Adryelson,BRA,DF,Lyon,26,1998,0.0,0,0.0,0,0,0,0,0,0,0,0.0,0,0,0,0,0,0
Emmanuel Agbadou,CIV,DF,Reims,27,1997,14.0,21,1.5,19,0,1,1,0,0,1,0.07,1,0,0,0,0,0
Jeremy Agbonifo,SWE,"FW,MF",Lens,18,2005,3.3,8,2.4,7,1,0,0,0,0,0,0.0,0,0,0,0,0,0
Naouirou Ahamada,FRA,"MF,FW",Rennes,22,2002,0.6,2,3.1,2,0,0,0,0,0,0,0.0,0,0,0,0,0,0
Jean-Eudes Aholou,CIV,MF,Angers,30,1994,21.8,33,1.52,21,0,2,4,3,3,1,0.05,0,0,0,0,1,0
Ayman Aiki,FRA,"FW,MF",Saint-Étienne,19,2005,1.4,1,0.71,1,0,0,0,0,0,0,0.0,0,0,0,0,0,0
Ludovic Ajorque,FRA,FW,Brest,30,1994,27.7,60,2.17,49,0,2,5,2,2,8,0.29,3,0,1,3,1,0
Ümit Akdag,ROU,DF,Toulouse,20,2003,5.6,5,0.9,5,0,0,0,0,0,0,0.0,0,0,0,0,0,0
Sergio Akieme,ESP,DF,Reims,26,1997,28.0,37,1.32,29,4,0,2,2,0,3,0.11,3,0,0,0,0,0
Maghnes Akliouche,FRA,"FW,MF",Monaco,22,2002,26.7,119,4.45,87,3,12,6,8,3,19,0.71,17,0,0,2,0,0
Paul Akouokou,CIV,MF,Lyon,26,1997,0.2,0,0.0,0,0,0,0,0,0,0,0.0,0,0,0,0,0,0
Clément Akpa,CIV,DF,Auxerre,22,2001,27.6,22,0.8,15,3,0,0,2,2,4,0.14,2,0,0,0,2,0
Chuba Akpom,ENG,FW,Lille,28,1995,7.1,17,2.39,8,0,2,5,2,0,3,0.42,1,0,0,1,1,0
Jim Allevinah,GAB,FW,Angers,29,1995,19.4,39,2.0,25,1,3,6,3,1,7,0.36,4,0,0,2,1,0
Thiago Almada,ARG,"MF,FW",Lyon,23,2001,10.6,52,4.92,39,8,1,3,1,0,11,1.04,10,0,0,0,1,0
Jordan Amavi,FRA,DF,Brest,30,1994,8.8,14,1.59,13,0,0,1,0,0,1,0.11,1,0,0,0,0,0
Kelvin Amian,FRA,DF,Nantes,26,1998,24.1,38,1.58,26,7,1,1,2,1,1,0.04,1,0,0,0,0,0
Mathis Amougou,FRA,MF,Saint-Étienne,18,2006,9.5,17,1.78,14,0,2,1,0,0,0,0.0,0,0,0,0,0,0
Benjamin André,FRA,MF,Lille,33,1990,29.9,53,1.77,46,0,0,2,4,1,9,0.3,6,0,0,2,1,0
Dennis Appiah,FRA,DF,Saint-Étienne,32,1992,23.6,38,1.61,32,3,2,0,0,1,3,0.13,2,1,0,0,0,0
Carlens Arcus,HAI,DF,Angers,28,1996,22.7,37,1.63,32,1,1,0,1,2,3,0.13,2,0,0,0,1,0
Marco Asensio,ESP,"FW,MF",Paris S-G,28,1996,6.9,37,5.39,27,2,2,6,0,0,7,1.02,7,0,0,0,0,0
Dehmaine Assoumani,FRA,"MF,FW",Nantes,19,2005,1.1,7,6.36,5,2,0,0,0,0,0,0.0,0,0,0,0,0,0
Florian Ayé,FRA,FW,Auxerre,27,1997,6.4,5,0.78,4,0,0,1,0,0,2,0.31,1,0,0,1,0,0
André Ayew,GHA,FW,Le Havre,34,1989,16.1,20,1.24,15,0,1,2,2,0,1,0.06,1,0,0,0,0,0
Shavy Babicka,GAB,"MF,FW",Toulouse,24,2000,13.2,29,2.2,20,1,3,0,3,2,5,0.38,3,0,1,0,1,0
Juma Bah,SLE,DF,Lens,18,2006,7.6,7,0.92,6,0,1,0,0,0,0,0.0,0,0,0,0,0,0
Theo Bair,CAN,FW,Auxerre,24,1999,10.4,17,1.63,14,0,1,2,0,0,2,0.19,1,0,0,1,0,0
Mitchel Bakker,NED,"FW,DF",Lille,24,2000,12.7,40,3.13,28,8,2,1,1,0,4,0.31,2,1,0,0,1,0
Dilane Bakwa,FRA,"MF,DF",Strasbourg,21,2002,27.7,110,3.97,67,21,10,3,7,2,16,0.58,13,1,1,0,1,0
Leonardo Balerdi,ARG,DF,Marseille,25,1999,25.3,27,1.07,22,0,3,2,0,0,3,0.12,3,0,0,0,0,0
Folarin Balogun,USA,FW,Monaco,23,2001,6.8,19,2.78,13,0,1,4,1,0,2,0.29,0,0,1,1,0,0
Abdoulaye Bamba,CIV,DF,Angers,34,1990,16.8,10,0.6,8,0,0,0,0,2,0,0.0,0,0,0,0,0,0
Mohamed Bamba,CIV,MF,Reims,19,2004,0.1,0,0.0,0,0,0,0,0,0,0,0.0,0,0,0,0,0,0
Valentín Barco,ARG,"MF,DF",Strasbourg,20,2004,12.9,20,1.56,17,0,1,1,1,0,6,0.47,6,0,0,0,0,0
Bradley Barcola,FRA,FW,Paris S-G,21,2002,24.2,101,4.17,87,1,5,4,2,2,20,0.83,17,0,1,2,0,0
Gabriel Bares,SUI,"MF,DF",Montpellier,23,2000,0.6,0,0.0,0,0,0,0,0,0,0,0.0,0,0,0,0,0,0
Téo Barisic,FRA,DF,Lyon,19,2004,0.0,0,0.0,0,0,0,0,0,0,0,0.0,0,0,0,0,0,0
Dylan Batubinsika,COD,DF,Saint-Étienne,28,1996,22.4,9,0.4,8,0,1,0,0,0,0,0.0,0,0,0,0,0,0
Haris Belkebla,ALG,MF,Angers,30,1994,19.9,14,0.7,14,0,0,0,0,0,4,0.2,4,0,0,0,0,0
Yassin Belkhdim,FRA,MF,Angers,22,2002,16.9,12,0.71,10,0,0,2,0,0,1,0.06,1,0,0,0,0,0
Ismaël Bennacer,ALG,MF,Marseille,26,1997,7.2,25,3.48,17,4,2,1,0,1,4,0.56,2,1,0,0,0,1
Saïd Benrahma,ALG,"FW,MF",Lyon,28,1995,8.2,27,3.31,17,7,3,0,0,0,6,0.74,5,0,1,0,0,0
Nabil Bentaleb,ALG,MF,Lille,29,1994,3.7,4,1.09,4,0,0,0,0,0,0,0.0,0,0,0,0,0,0
Lucas Beraldo,BRA,DF,Paris S-G,20,2003,22.3,22,0.98,22,0,0,0,0,0,3,0.13,3,0,0,0,0,0
Maxime Bernauer,FRA,DF,Saint-Étienne,26,1998,8.5,8,1.0,7,0,0,0,0,1,0,0.0,0,0,0,0,0,0
Dimitry Bertaud,COD,GK,Montpellier,26,1998,4.0,0,0.0,0,0,0,0,0,0,0,0.0,0,0,0,0,0,0
Mika Biereth,DEN,FW,Monaco,21,2003,13.6,38,2.78,32,0,0,3,2,1,4,0.29,3,0,0,0,1,0
Emmanuel Biumla,FRA,DF,Angers,19,2005,14.8,4,0.27,4,0,0,0,0,0,0,0.0,0,0,0,0,0,0
Marco Bizot,NED,GK,Brest,33,1991,32.0,2,0.06,2,0,0,0,0,0,0,0.0,0,0,0,0,0,0
Ludovic Blas,FRA,"MF,FW",Rennes,26,1997,25.5,107,4.2,60,24,6,7,4,6,16,0.63,7,4,1,1,2,1
Augustine Boakye,GHA,"FW,MF",Saint-Étienne,23,2000,8.1,35,4.3,24,1,5,3,2,0,1,0.12,0,0,0,1,0,0
Mathéo Bodmer,FRA,MF,Le Havre,20,2004,0.1,0,0.0,0,0,0,0,0,0,0,0.0,0,0,0,0,0,0
Jeremie Boga,CIV,"MF,FW",Nice,27,1997,11.7,51,4.36,32,5,4,6,4,0,3,0.26,2,0,0,1,0,0
Moïse Bombito,CAN,DF,Nice,24,2000,24.4,18,0.74,17,0,0,0,0,1,4,0.16,4,0,0,0,0,0
Saïmon Bouabré,FRA,"MF,FW",Monaco,18,2006,1.1,1,0.93,1,0,0,0,0,0,1,0.93,1,0,0,0,0,0
Ayyoub Bouaddi,FRA,MF,Lille,16,2007,12.8,14,1.1,12,0,1,0,1,0,2,0.16,1,0,1,0,0,0
Badredine Bouanani,ALG,"MF,FW",Nice,19,2004,12.2,47,3.85,34,3,3,3,2,2,9,0.74,5,1,1,1,1,0
Benjamin Bouchouari,MAR,MF,Saint-Étienne,22,2001,19.7,52,2.71,44,0,2,3,2,1,3,0.16,3,0,0,0,0,0
Hicham Boudaoui,ALG,MF,Nice,24,1999,27.1,65,2.4,53,1,1,5,3,2,7,0.26,6,0,0,0,1,0
Justin Bourgault,FRA,DF,Brest,18,2005,1.4,2,1.49,2,0,0,0,0,0,1,0.74,1,0,0,0,0,0
Benjamin Bourigeaud,FRA,MF,Rennes,30,1994,0.9,2,2.25,1,1,0,0,0,0,0,0.0,0,0,0,0,0,0
Bilal Brahimi,ALG,MF,Nice,24,2000,0.8,1,1.18,0,1,0,0,0,0,0,0.0,0,0,0,0,0,0
Lilian Brassier,FRA,DF,Marseille,24,1999,8.7,3,0.35,3,0,0,0,0,0,0,0.0,0,0,0,0,0,0
Lilian Brassier,FRA,DF,Rennes,24,1999,13.7,22,1.6,16,1,0,3,2,0,1,0.07,1,0,0,0,0,0
Anthony Briançon,FRA,DF,Saint-Étienne,29,1994,0.0,0,0.0,0,0,0,0,0,0,0,0.0,0,0,0,0,0,0
Aurélio Buta,POR,DF,Reims,27,1997,21.9,31,1.42,23,5,0,2,0,1,4,0.18,3,1,0,0,0,0
Marcin Bułka,POL,GK,Nice,24,1999,34.0,3,0.09,3,0,0,0,0,0,1,0.03,1,0,0,0,0,0
Rémy Cabella,FRA,"FW,MF",Lille,34,1990,11.2,60,5.33,36,11,2,6,4,1,6,0.53,2,1,0,1,2,0
Mathieu Cafaro,FRA,"MF,FW",Saint-Étienne,27,1997,8.1,25,3.07,17,5,1,1,1,0,2,0.25,2,0,0,0,0,0
Duje Ćaleta-Car,CRO,DF,Lyon,27,1996,17.6,5,0.28,5,0,0,0,0,0,0,0.0,0,0,0,0,0,0
Issiaga Camara,GUI,MF,Nice,19,2005,0.2,2,9.0,2,0,0,0,0,0,0,0.0,0,0,0,0,0,0
Lamine Camara,SEN,MF,Monaco,20,2004,22.8,82,3.59,43,30,0,4,2,3,13,0.57,7,5,0,1,0,0
Mahdi Camara,FRA,"MF,FW",Brest,26,1998,29.5,71,2.4,49,0,4,6,8,4,7,0.24,4,0,1,1,1,0
Ousmane Camara,FRA,DF,Angers,21,2003,2.8,5,1.79,4,0,0,0,0,1,0,0.0,0,0,0,0,0,0
Axel Camblan,FRA,"MF,FW",Brest,20,2003,0.3,0,0.0,0,0,0,0,0,0,0,0.0,0,0,0,0,0,0
Pierrick Capelle,FRA,MF,Angers,37,1987,5.4,15,2.8,10,0,0,2,0,3,1,0.19,1,0,0,0,0,0
Gabin Capuano,FRA,FW,Lens,18,2006,0.1,1,8.18,1,0,0,0,0,0,0,0.0,0,0,0,0,0,0
Maxence Caqueret,FRA,MF,Lyon,24,2000,6.4,14,2.2,12,0,1,1,0,0,1,0.16,1,0,0,0,0,0
Simon Cara,FRA,"MF,FW",Montpellier,19,2005,0.1,0,0.0,0,0,0,0,0,0,0,0.0,0,0,0,0,0,0
Valentin Carboni,ARG,"MF,FW",Marseille,19,2005,1.1,5,4.37,4,0,0,1,0,0,0,0.0,0,0,0,0,0,0
Irvin Cardona,FRA,FW,Saint-Étienne,26,1997,11.8,25,2.31,20,0,1,4,0,0,3,0.28,2,0,0,1,0,0
Patrik Carlgren,SWE,GK,Nantes,32,1992,4.6,0,0.0,0,0,0,0,0,0,0,0.0,0,0,0,0,0,0
Josué Casimir,FRA,"FW,MF",Le Havre,22,2001,22.2,60,2.7,36,2,6,5,9,2,8,0.36,3,0,1,1,3,0
Enzo Caumont,FRA,MF,Angers,20,2004,0.4,0,0.0,0,0,0,0,0,0,0,0.0,0,0,0,0,0,0
Fabien Centonze,FRA,DF,Nantes,28,1996,2.9,8,2.72,6,1,0,0,1,0,0,0.0,0,0,0,0,0,0
Brendan Chardonnet,FRA,DF,Brest,29,1994,26.8,24,0.89,21,0,0,2,1,0,4,0.15,3,0,0,1,0,0
Théo Chennahi,FRA,DF,Montpellier,19,2005,2.0,1,0.5,1,0,0,0,0,0,0,0.0,0,0,0,0,0,0
Sidiki Cherif,FRA,FW,Angers,17,2006,3.6,4,1.11,3,0,1,0,0,0,0,0.0,0,0,0,0,0,0
Rayan Cherki,FRA,"FW,MF",Lyon,20,2003,22.7,146,6.44,101,21,11,9,4,0,20,0.88,15,2,1,2,0,0
Lucas Chevalier,FRA,GK,Lille,22,2001,34.0,6,0.18,5,1,0,0,0,0,1,0.03,1,0,0,0,0,0
Pedro Chirivella,ESP,MF,Nantes,27,1997,26.1,55,2.11,54,1,0,0,0,0,6,0.23,6,0,0,0,0,0
Joris Chotard,FRA,MF,Montpellier,22,2001,21.0,24,1.2,21,0,0,1,0,2,0,0.0,0,0,0,0,0,0
Djaoui Cissé,FRA,MF,Rennes,20,2004,12.5,27,2.17,22,0,3,1,1,0,1,0.08,1,0,0,0,0,0
Yoann Cissé,FRA,MF,Auxerre,19,2004,0.1,0,0.0,0,0,0,0,0,0,0,0.0,0,0,0,0,0,0
Marcus Coco,FRA,DF,Nantes,28,1996,10.6,20,1.89,17,3,0,0,0,0,1,0.09,1,0,0,0,0,0
Alois Confais,FRA,MF,Le Havre,27,1996,0.0,0,0.0,0,0,0,0,0,0,0,0.0,0,0,0,0,0,0
Francis Coquelin,FRA,MF,Nantes,33,1991,2.5,13,5.27,7,0,0,4,0,2,2,0.81,1,0,0,1,0,0
Derek Cornelius,CAN,DF,Marseille,26,1997,15.8,9,0.57,9,0,0,0,0,0,0,0.0,0,0,0,0,0,0
Pierre Cornud,FRA,DF,Saint-Étienne,27,1996,6.4,5,0.78,5,0,0,0,0,0,0,0.0,0,0,0,0,0,0
David Costa,POR,"MF,FW",Lens,23,2001,3.9,8,2.05,5,1,0,1,1,0,1,0.26,0,0,0,0,1,0
Logan Costa,CPV,DF,Toulouse,23,2001,1.0,1,1.0,1,0,0,0,0,0,0,0.0,0,0,0,0,0,0
Grégoire Coudert,FRA,GK,Brest,25,1999,2.0,1,0.5,1,0,0,0,0,0,0,0.0,0,0,0,0,0,0
Lasso Coulibaly,CIV,"FW,MF",Auxerre,21,2002,0.5,1,2.05,0,1,0,0,0,0,0,0.0,0,0,0,0,0,0
Mamadou Coulibaly,FRA,MF,Monaco,20,2004,0.1,0,0.0,0,0,0,0,0,0,0,0.0,0,0,0,0,0,0
Soumaïla Coulibaly,FRA,DF,Brest,20,2003,4.9,8,1.64,5,0,0,2,1,0,3,0.62,0,0,0,2,1,0
Tanguy Coulibaly,FRA,"FW,MF",Montpellier,23,2001,16.5,45,2.9,26,1,3,6,7,2,3,0.19,1,0,1,1,0,0
Marius Courcoul,FRA,"MF,DF",Angers,17,2007,3.4,3,0.87,2,1,0,0,0,0,0,0.0,0,0,0,0,0,0
Charlie Cresswell,ENG,DF,Toulouse,21,2002,28.8,24,0.83,18,0,0,5,1,0,3,0.1,2,0,0,1,0,0
Kévin Danois,FRA,MF,Auxerre,20,2004,16.2,54,3.33,45,0,5,2,1,1,6,0.37,5,0,0,1,0,0
Kevin Danso,AUT,DF,Lens,25,1998,12.0,12,1.0,12,0,0,0,0,0,1,0.08,1,0,0,0,0,0
Dante,BRA,DF,Nice,40,1983,21.8,21,0.96,19,0,0,1,0,1,0,0.0,0,0,0,0,0,0
Mohamed Daramy,DEN,FW,Reims,22,2002,0.2,2,11.25,1,0,0,1,0,0,1,5.63,0,0,0,1,0,0
Jonathan David,CAN,FW,Lille,24,2000,28.4,74,2.61,59,0,4,6,5,0,8,0.28,5,0,1,1,1,0
Zuriko Davitashvili,GEO,"FW,MF",Saint-Étienne,23,2001,30.9,115,3.85,55,23,16,13,8,0,15,0.5,8,1,4,0,2,0
Amar Dedić,BIH,DF,Marseille,21,2002,3.5,14,4.01,11,0,2,1,0,0,1,0.29,1,0,0,0,0,0
Thomas Delaine,FRA,DF,Strasbourg,32,1992,0.1,0,0.0,0,0,0,0,0,0,0,0.0,0,0,0,0,0,0
Andy Delort,ALG,FW,Montpellier,32,1991,6.7,12,2.09,9,0,1,1,1,0,1,0.17,1,0,0,0,0,0
Ousmane Dembélé,FRA,FW,Paris S-G,27,1997,19.2,110,5.72,75,16,9,6,3,1,15,0.78,11,0,1,2,1,0
Rémy Descamps,FRA,GK,Lyon,28,1996,1.0,0,0.0,0,0,0,0,0,0,0,0.0,0,0,0,0,0,0
Arthur Desmas,FRA,GK,Le Havre,30,1994,18.0,3,0.17,2,1,0,0,0,0,0,0.0,0,0,0,0,0,0
Mamadou Diakhon,FRA,"FW,MF",Reims,18,2005,9.5,37,3.88,20,1,4,5,6,1,2,0.21,1,0,0,1,0,0
Bafodé Diakité,FRA,DF,Lille,23,2001,30.7,19,0.62,17,0,0,1,1,0,3,0.1,2,0,0,0,1,0
Oumar Diakité,CIV,FW,Reims,20,2003,18.1,39,2.16,29,0,2,5,3,0,4,0.22,4,0,0,0,0,0
Habib Diarra,SEN,"MF,FW",Strasbourg,20,2004,26.1,57,2.18,47,1,0,3,6,0,8,0.31,6,0,0,0,2,0
Kandet Diawara,GUI,FW,Le Havre,24,2000,0.0,0,0.0,0,0,0,0,0,0,0,0.0,0,0,0,0,0,0
Mahamadou Diawara,FRA,MF,Le Havre,19,2005,6.5,14,2.16,13,0,0,1,0,0,1,0.15,1,0,0,0,0,0
Mahamadou Diawara,FRA,MF,Lyon,19,2005,0.2,0,0.0,0,0,0,0,0,0,0,0.0,0,0,0,0,0,0
Bamba Dieng,SEN,FW,Angers,24,2000,5.9,6,1.02,4,0,1,0,1,0,1,0.17,0,0,0,0,1,0
Kembo Diliwidi,FRA,DF,Lens,18,2006,0.0,0,0.0,0,0,0,0,0,0,0,0.0,0,0,0,0,0,0
Sinaly Diomande,CIV,DF,Auxerre,23,2001,21.6,21,0.97,19,0,0,2,0,0,5,0.23,3,0,0,2,0,0
Lois Diony,FRA,FW,Angers,31,1992,0.2,0,0.0,0,0,0,0,0,0,0,0.0,0,0,0,0,0,0
Sérigné Diop,SEN,FW,Brest,19,2005,0.0,0,0.0,0,0,0,0,0,0,0,0.0,0,0,0,0,0,0
Sofiane Diop,FRA,"MF,FW",Nice,24,2000,11.8,47,3.98,37,4,0,2,4,0,9,0.76,7,1,0,0,1,0
Andy Diouf,FRA,MF,Lens,21,2003,24.7,85,3.44,63,1,11,7,2,1,3,0.12,3,0,0,0,0,0
Yehvann Diouf,SEN,GK,Reims,24,1999,34.0,7,0.21,6,1,0,0,0,0,0,0.0,0,0,0,0,0,0
Assane Dioussé,SEN,MF,Auxerre,26,1997,7.4,13,1.76,11,0,0,1,0,1,1,0.14,1,0,0,0,0,0
Álex Domínguez,ESP,GK,Toulouse,26,1998,0.2,0,0.0,0,0,0,0,0,0,0,0.0,0,0,0,0,0,0
Gianluigi Donnarumma,ITA,GK,Paris S-G,25,1999,23.2,2,0.09,1,1,0,0,0,0,0,0.0,0,0,0,0,0,0
Sékou Doucoure,FRA,DF,Nantes,19,2005,0.1,0,0.0,0,0,0,0,0,0,0,0.0,0,0,0,0,0,0
Désiré Doué,FRA,"FW,MF",Paris S-G,19,2005,19.2,109,5.66,84,1,14,4,5,1,24,1.25,15,0,4,1,3,1
Guela Doué,CIV,DF,Strasbourg,21,2002,30.2,44,1.46,31,2,4,4,1,2,5,0.17,5,0,0,0,0,0
Douglas,BRA,MF,Nantes,27,1997,25.6,34,1.33,26,2,1,3,1,1,3,0.12,2,0,0,1,0,0
Kamory Doumbia,MLI,"MF,FW",Brest,21,2003,14.7,58,3.95,36,11,2,1,4,4,7,0.48,2,1,1,1,0,2
Amidou Doumbouya,FRA,DF,Nice,16,2007,0.5,0,0.0,0,0,0,0,0,0,0,0.0,0,0,0,0,0,0
Jean-Kevin Duverne,HAI,DF,Nantes,27,1997,6.0,5,0.84,3,0,1,0,1,0,0,0.0,0,0,0,0,0,0
Noah Edjouma,FRA,"MF,FW",Toulouse,18,2005,1.9,5,2.62,3,0,0,1,1,0,0,0.0,0,0,0,0,0,0
Meschak Elia,COD,FW,Nantes,26,1997,1.9,6,3.18,3,2,0,1,0,0,0,0.0,0,0,0,0,0,0
Breel Embolo,SUI,"FW,MF",Monaco,27,1997,20.5,54,2.64,42,0,2,4,4,2,10,0.49,6,0,1,2,1,0
Emanuel Emegha,NED,FW,Strasbourg,21,2003,25.5,32,1.26,25,0,3,1,3,0,4,0.16,3,0,1,0,0,0
Romain Faivre,FRA,"MF,FW",Brest,26,1998,10.0,33,3.3,19,5,3,1,4,1,4,0.4,3,0,0,1,0,0
Khalil Fayad,FRA,"MF,FW",Montpellier,20,2004,11.4,19,1.66,15,1,0,1,2,0,1,0.09,1,0,0,0,0,0
Luiz Felipe,ITA,DF,Marseille,27,1997,1.4,0,0.0,0,0,0,0,0,0,0,0.0,0,0,0,0,0,0
Zinedine Ferhat,ALG,"FW,MF",Angers,31,1993,9.4,32,3.39,20,10,1,1,0,0,1,0.11,1,0,0,0,0,0
Edimilson Fernandes,SUI,"MF,DF",Brest,28,1996,12.3,16,1.3,11,1,0,1,2,1,1,0.08,1,0,0,0,0,0
Matias Fernandez-Pardo,BEL,"FW,MF",Lille,19,2005,11.8,30,2.54,17,7,2,1,1,2,6,0.51,3,0,1,0,1,1
Jordan Ferri,FRA,MF,Montpellier,32,1992,19.7,47,2.39,40,0,0,2,4,1,5,0.25,4,0,0,1,0,0
Karol Fila,POL,MF,Strasbourg,26,1998,0.1,0,0.0,0,0,0,0,0,0,0,0.0,0,0,0,0,0,0
Malick Fofana,BEL,FW,Lyon,19,2005,17.7,55,3.12,41,0,6,3,5,0,11,0.62,8,0,2,1,0,0
Rayan Fofana,FRA,"FW,MF",Lens,18,2006,0.3,0,0.0,0,0,0,0,0,0,0,0.0,0,0,0,0,0,0
Seko Fofana,CIV,MF,Rennes,29,1995,9.4,32,3.41,27,0,1,3,1,0,2,0.21,1,0,1,0,0,0
Yahia Fofana,CIV,GK,Angers,23,2000,33.0,4,0.12,3,1,0,0,0,0,0,0.0,0,0,0,0,0,0
Lamine Fomba,FRA,MF,Saint-Étienne,26,1998,2.4,4,1.66,3,0,0,0,0,1,0,0.0,0,0,0,0,0,0
Przemysław Frankowski,POL,DF,Lens,29,1995,15.4,46,2.99,38,6,0,1,1,0,5,0.32,5,0,0,0,0,0
Angelo Fulgini,FRA,"MF,FW",Lens,27,1996,11.6,54,4.65,42,9,0,2,1,0,2,0.17,2,0,0,0,0,0
Kyogo Furuhashi,JPN,FW,Rennes,29,1995,1.4,0,0.0,0,0,0,0,0,0,0,0.0,0,0,0,0,0,0
Gauthier Gallon,FRA,GK,Rennes,31,1993,0.5,0,0.0,0,0,0,0,0,0,0,0.0,0,0,0,0,0,0
Ignatius Ganago,CMR,"FW,MF",Nantes,25,1999,2.7,7,2.62,5,0,1,1,0,0,1,0.37,1,0,0,0,0,0
Ulisses Garcia,SUI,DF,Marseille,28,1996,10.3,20,1.93,15,0,2,0,2,1,7,0.68,5,0,1,0,1,0
Jean-Philippe Gbamin,CIV,MF,Nantes,28,1995,2.4,4,1.67,3,0,0,0,1,0,0,0.0,0,0,0,0,0,0
Yann Gboho,FRA,"MF,FW",Toulouse,23,2001,25.9,87,3.36,63,0,12,5,6,1,7,0.27,5,0,0,2,0,0
Denis Genreau,AUS,MF,Toulouse,25,1999,2.5,8,3.24,6,1,0,1,0,0,0,0.0,0,0,0,0,0,0
Aleksandr Golovin,RUS,"MF,FW",Monaco,28,1996,12.8,48,3.74,36,3,4,4,1,0,1,0.08,1,0,0,0,0,0
André Gomes,POR,MF,Lille,31,1993,14.2,26,1.83,24,0,2,0,0,0,1,0.07,1,0,0,0,0,0
Angel Gomes,ENG,MF,Lille,23,2000,8.2,28,3.42,24,2,0,0,2,0,3,0.37,3,0,0,0,0,0
Carlos Gómez,COL,"MF,DF",Rennes,21,2002,4.2,12,2.83,10,0,1,0,1,0,0,0.0,0,0,0,0,0,0
Mathieu Gorgelin,FRA,GK,Le Havre,33,1990,16.0,2,0.12,1,1,0,0,0,0,0,0.0,0,0,0,0,0,0
Amine Gouiri,ALG,"FW,MF",Marseille,24,2000,11.6,56,4.81,24,18,3,10,1,0,7,0.6,3,1,1,2,0,0
Amine Gouiri,ALG,"MF,FW",Rennes,24,2000,11.5,29,2.52,21,1,5,2,0,0,4,0.35,3,0,1,0,0,0
Jonathan Gradit,FRA,DF,Lens,31,1992,23.5,25,1.07,23,0,1,1,0,0,0,0.0,0,0,0,0,0,0
Samuel Grandsir,FRA,"MF,FW",Le Havre,27,1996,0.9,4,4.29,2,1,0,0,0,1,0,0.0,0,0,0,0,0,0
Mason Greenwood,ENG,"FW,MF",Marseille,22,2001,31.2,123,3.95,78,13,12,12,7,1,19,0.61,15,0,1,2,1,0
Albert Grønbaek,DEN,"MF,FW",Rennes,23,2001,9.0,29,3.21,17,5,3,2,2,0,5,0.55,1,1,2,0,1,0
Gabriel Gudmundsson,SWE,DF,Lille,25,1999,19.8,30,1.51,23,2,1,2,2,0,0,0.0,0,0,0,0,0,0
Axel Gueguin,FRA,FW,Montpellier,19,2005,0.3,0,0.0,0,0,0,0,0,0,0,0.0,0,0,0,0,0,0
Evann Guessand,CIV,"FW,MF",Nice,23,2001,28.5,91,3.19,56,0,16,7,8,4,17,0.6,10,0,3,2,1,1
Bahereba Guirassy,FRA,"FW,MF",Nantes,17,2006,3.9,10,2.59,7,0,2,0,1,0,2,0.52,0,0,2,0,0,0
Massadio Haïdara,MLI,DF,Brest,31,1992,18.6,31,1.66,18,1,2,1,7,2,1,0.05,1,0,0,0,0,0
Achraf Hakimi,MAR,DF,Paris S-G,25,1998,23.0,104,4.53,91,3,4,1,3,2,11,0.48,10,0,1,0,0,0
Florent Hanin,ALG,DF,Angers,34,1990,29.7,60,2.02,48,6,0,1,3,2,9,0.3,9,0,0,0,0,0
Amine Harit,MAR,MF,Marseille,27,1997,5.8,33,5.72,27,2,1,0,2,1,8,1.39,7,0,0,0,1,0
Hans Hateboer,NED,DF,Rennes,30,1994,18.7,30,1.6,28,1,0,1,0,0,2,0.11,2,0,0,0,0,0
Kjetil Haug,NOR,GK,Toulouse,26,1998,5.5,0,0.0,0,0,0,0,0,0,0,0.0,0,0,0,0,0,0
Lucas Hernández,FRA,DF,Paris S-G,28,1996,9.7,11,1.13,9,1,1,0,0,0,0,0.0,0,0,0,0,0,0
Ki-Jana Hoever,NED,DF,Auxerre,22,2002,23.6,49,2.08,44,1,3,0,1,0,4,0.17,4,0,0,0,0,0
Cédric Hountondji,BEN,DF,Angers,30,1994,3.0,1,0.33,1,0,0,0,0,0,0,0.0,0,0,0,0,0,0
Ilyes Housni,FRA,"FW,MF",Le Havre,19,2005,2.6,6,2.34,4,0,0,0,2,0,0,0.0,0,0,0,0,0,0
Pierre Højbjerg,DEN,MF,Marseille,28,1995,29.6,100,3.38,80,11,0,4,2,3,10,0.34,8,1,0,0,0,1
Hafiz Ibrahim,NGA,FW,Reims,18,2005,4.3,4,0.92,4,0,0,0,0,0,1,0.23,1,0,0,0,0,0
George Ilenikhena,NGA,FW,Monaco,17,2006,8.0,17,2.14,11,0,2,2,2,0,3,0.38,2,0,0,0,1,0
Rareş Ilie,ROU,MF,Nice,21,2003,0.1,7,48.46,2,2,3,0,0,0,0,0.0,0,0,0,0,0,0
Ismaily,BRA,DF,Lille,34,1990,10.0,24,2.39,18,1,1,4,0,0,1,0.1,0,0,0,1,0,0
Yanis Issoufou,FRA,"MF,FW",Montpellier,17,2006,0.9,0,0.0,0,0,0,0,0,0,0,0.0,0,0,0,0,0,0
Junya Ito,JPN,"FW,MF",Reims,31,1993,29.9,129,4.32,82,31,9,5,1,1,9,0.3,7,1,0,1,0,0
Jérémy Jacquet,FRA,DF,Rennes,19,2005,10.3,9,0.87,9,0,0,0,0,0,1,0.1,1,0,0,0,0,0
Ismail Jakobs,SEN,DF,Monaco,24,1999,2.0,8,4.0,6,2,0,0,0,0,1,0.5,1,0,0,0,0,0
Jordan James,WAL,MF,Rennes,20,2004,13.1,44,3.36,26,11,2,4,1,0,6,0.46,5,0,0,1,0,0
Malcolm Jeng,SWE,DF,Reims,19,2005,1.2,0,0.0,0,0,0,0,0,0,0,0.0,0,0,0,0,0,0
John Joe,IRL,MF,Reims,20,2003,6.1,9,1.48,6,0,0,1,1,1,0,0.0,0,0,0,0,0,0
Karl-Johan Johnsson,SWE,GK,Strasbourg,34,1990,3.0,0,0.0,0,0,0,0,0,0,0,0.0,0,0,0,0,0,0
Paul Joly,FRA,DF,Auxerre,24,2000,11.2,32,2.85,27,2,1,1,1,0,3,0.27,2,1,0,0,0,0
Jota,POR,"FW,MF",Rennes,25,1999,3.7,7,1.89,6,0,1,0,0,0,1,0.27,1,0,0,0,0,0
Antoine Joujou,FRA,"MF,FW",Le Havre,21,2003,10.5,37,3.53,23,0,7,4,2,1,3,0.29,2,0,1,0,0,0
Jubal,BRA,DF,Auxerre,30,1993,29.3,15,0.51,9,1,0,2,1,2,1,0.03,0,0,0,0,1,0
Tino Kadewere,ZIM,"MF,FW",Nantes,28,1996,5.7,19,3.34,14,1,0,2,0,2,2,0.35,2,0,0,0,0,0
Arnaud Kalimuendo,FRA,"FW,MF",Rennes,22,2002,28.6,49,1.71,37,0,3,6,2,1,6,0.21,4,0,0,2,0,0
Justin-Noël Kalumba,FRA,"FW,MF",Angers,19,2004,0.3,0,0.0,0,0,0,0,0,0,0,0.0,0,0,0,0,0,0
Glen Kamara,FIN,MF,Rennes,28,1995,7.4,20,2.72,19,0,0,0,0,1,2,0.27,2,0,0,0,0,0
Noham Kamara,FRA,DF,Paris S-G,17,2007,0.8,1,1.18,1,0,0,0,0,0,0,0.0,0,0,0,0,0,0
Nordine Kandil,FRA,MF,Strasbourg,22,2001,0.1,0,0.0,0,0,0,0,0,0,0,0.0,0,0,0,0,0,0
Lee Kang-in,KOR,"FW,MF",Paris S-G,23,2001,18.5,97,5.26,70,21,3,3,0,0,6,0.33,5,1,0,0,0,0
Yassine Kechta,MAR,"MF,FW",Le Havre,22,2002,23.3,48,2.06,27,2,3,3,10,3,4,0.17,1,0,1,0,2,0
Thilo Kehrer,GER,DF,Monaco,27,1996,26.5,26,0.98,22,2,0,2,0,0,3,0.11,2,0,0,1,0,0
Reda Khadra,GER,"MF,FW",Reims,23,2001,0.9,2,2.25,2,0,0,0,0,0,0,0.0,0,0,0,0,0,0
Wahbi Khazri,TUN,"FW,MF",Montpellier,33,1991,12.4,39,3.27,23,5,3,3,4,1,2,0.17,1,0,1,0,0,0
Abdukodir Khusanov,UZB,DF,Lens,20,2004,10.8,11,1.02,9,0,0,2,0,0,0,0.0,0,0,0,0,0,0
Presnel Kimpembe,FRA,DF,Paris S-G,28,1995,0.3,0,0.0,0,0,0,0,0,0,0,0.0,0,0,0,0,0,0
Joshua King,NOR,"FW,MF",Toulouse,32,1992,18.6,31,1.67,21,0,3,3,2,2,4,0.22,3,0,0,0,1,0
Cédric Kipré,CIV,DF,Reims,27,1996,24.3,31,1.27,27,1,1,1,0,1,3,0.12,3,0,0,0,0,0
Hervé Koffi,BFA,GK,Lens,27,1996,5.0,0,0.0,0,0,0,0,0,0,0,0.0,0,0,0,0,0,0
Philipp Köhn,SUI,GK,Monaco,26,1998,19.0,4,0.21,2,2,0,0,0,0,1,0.05,1,0,0,0,0,0
Koka,EGY,FW,Le,Havre 31,1993,9.5,11,1.16,8,0,0,2,0,1,3,0.32,2,0,0,1,0,0
Randal Kolo Muani,FRA,FW,Paris S-G,25,1998,4.0,13,3.27,7,0,1,3,1,1,3,0.75,1,0,0,1,1,0
Abdoul Koné,FRA,DF,Reims,19,2005,1.5,1,0.68,1,0,0,0,0,0,0,0.0,0,0,0,0,0,0
Amadou Koné,MLI,MF,Reims,19,2005,14.4,28,1.95,19,1,2,2,1,3,2,0.14,1,0,0,1,0,0
Ismaël Koné,CAN,"MF,FW",Marseille,22,2002,4.0,6,1.5,3,1,0,1,1,0,0,0.0,0,0,0,0,0,0
Ismaël Koné,CAN,MF,Rennes,22,2002,5.2,10,1.92,10,0,0,0,0,0,1,0.19,1,0,0,0,0,0
Boubakar Kouyaté,MLI,DF,Montpellier,27,1997,8.4,3,0.41,2,0,0,1,0,0,0,0.0,0,0,0,0,0,0
Goduine Koyalipou,CTA,FW,Lens,24,2000,9.8,26,2.64,12,0,4,9,1,0,1,0.1,1,0,0,0,0,0
Sael Kumbedi,FRA,DF,Lyon,19,2005,10.6,15,1.42,13,0,0,1,1,0,4,0.38,4,0,0,0,0,0
Daler Kuzyaev,RUS,MF,Le Havre,31,1993,6.3,4,0.63,2,1,1,0,0,0,0,0.0,0,0,0,0,0,0
Khvicha Kvaratskhelia,GEO,FW,Paris S-G,23,2001,10.2,60,5.89,39,3,9,3,3,3,8,0.79,5,0,2,1,0,0
Gaëtan Laborde,FRA,FW,Nice,30,1994,20.3,63,3.1,48,0,4,9,2,0,7,0.34,6,0,0,0,1,0
Alexandre Lacazette,FRA,FW,Lyon,33,1991,22.8,56,2.46,41,0,4,7,3,1,5,0.22,2,0,0,3,0,0
Younes Lachaab,FRA,"MF,FW",Lille,19,2005,0.1,2,20.0,0,0,1,1,0,0,0,0.0,0,0,0,0,0,0
Alban Lafont,FRA,GK,Nantes,25,1999,12.0,2,0.17,1,1,0,0,0,0,0,0.0,0,0,0,0,0,0
Kenny Lala,MAD,DF,Brest,32,1991,29.8,80,2.68,56,19,1,3,0,1,6,0.2,3,1,0,2,0,0
Gautier Larsonneur,FRA,GK,Saint-Étienne,27,1997,34.0,3,0.09,2,1,0,0,0,0,1,0.03,1,0,0,0,0,0
Benjamin Lecomte,FRA,GK,Montpellier,33,1991,30.0,10,0.34,10,0,0,0,0,0,0,0.0,0,0,0,0,0,0
Pierre Lees-Melou,FRA,MF,Brest,31,1993,17.0,52,3.07,44,1,0,4,3,0,4,0.24,3,0,0,1,0,0
Jordan Lefort,FRA,DF,Angers,30,1993,34.0,26,0.76,23,0,0,1,1,1,1,0.03,1,0,0,0,0,0
Félix Lemaréchal,FRA,"MF,FW",Strasbourg,20,2003,19.8,56,2.83,48,3,3,2,0,0,6,0.3,6,0,0,0,0,0
Donovan Léon,GUF,GK,Auxerre,31,1992,32.0,12,0.37,9,3,0,0,0,0,2,0.06,0,2,0,0,0,0
Esteban Lepaul,FRA,FW,Angers,24,2000,18.1,22,1.22,11,0,2,7,2,0,1,0.06,1,0,0,0,0,0
Johann Lepenant,FRA,MF,Nantes,21,2002,22.8,37,1.63,32,0,2,1,1,1,6,0.26,5,0,1,0,0,0
Louis Leroux,FRA,"MF,DF",Nantes,18,2006,9.1,30,3.31,22,0,3,1,1,3,3,0.33,3,0,0,0,0,0
Pol Lirola,ESP,DF,Marseille,26,1997,7.6,16,2.12,13,2,0,1,0,0,2,0.26,2,0,0,0,0,0
Gautier Lloris,FRA,DF,Le Havre,29,1995,30.8,21,0.68,17,0,0,4,0,0,3,0.1,2,0,0,1,0,0
Bradley Locko,FRA,DF,Brest,22,2002,1.1,1,0.93,1,0,0,0,0,0,0,0.0,0,0,0,0,0,0
Elysée Logbo,FRA,FW,Le Havre,20,2004,0.3,0,0.0,0,0,0,0,0,0,0,0.0,0,0,0,0,0,0
Anthony Lopes,POR,GK,Nantes,33,1990,17.4,1,0.06,1,0,0,0,0,0,0,0.0,0,0,0,0,0,0
Jordan Lotomba,SUI,"MF,DF",Nice,25,1998,0.4,2,5.14,2,0,0,0,0,0,0,0.0,0,0,0,0,0,0
Milos Lukovic,SRB,"FW,MF",Strasbourg,18,2005,0.1,0,0.0,0,0,0,0,0,0,0,0.0,0,0,0,0,0,0
Othmane Maamma,MAR,"FW,MF",Montpellier,18,2005,4.0,4,1.33,2,0,1,0,1,0,1,0.33,1,0,0,0,0,0
Lanroy Machine,FRA,FW,Angers,18,2005,0.1,0,0.0,0,0,0,0,0,0,0,0.0,0,0,0,0,0,0
Yvann Macon,FRA,DF,Saint-Étienne,25,1998,8.8,10,1.29,9,0,1,0,0,0,0,0.0,0,0,0,0,0,0
Eros Maddy,NED,DF,Auxerre,23,2001,0.2,1,6.0,1,0,0,0,0,0,0,0.0,0,0,0,0,0,0
Soungoutou Magassa,FRA,MF,Monaco,20,2003,11.4,19,1.67,19,0,0,0,0,0,1,0.09,1,0,0,0,0,0
Hugo Magnetti,FRA,MF,Brest,26,1998,25.8,28,1.08,24,2,0,1,1,0,4,0.15,3,0,0,0,1,0
Frank Magri,CMR,"FW,MF",Toulouse,24,1999,16.8,29,1.72,14,0,2,6,7,0,3,0.18,1,0,1,0,1,0
Ainsley Maitland-Niles,ENG,DF,Lyon,26,1997,22.1,55,2.49,47,1,1,5,0,1,6,0.27,6,0,0,0,0,0
Radosław Majecki,POL,GK,Monaco,24,1999,15.0,1,0.07,1,0,0,0,0,0,0,0.0,0,0,0,0,0,0
Hamidou Makalou,MLI,"FW,MF",Brest,18,2006,0.4,0,0.0,0,0,0,0,0,0,0,0.0,0,0,0,0,0,0
Nikola Maksimović,SRB,DF,Montpellier,32,1991,6.5,8,1.24,6,2,0,0,0,0,0,0.0,0,0,0,0,0,0
Aaron Malouda,FRA,FW,Lille,18,2005,0.0,0,0.0,0,0,0,0,0,0,0,0.0,0,0,0,0,0,0
Steve Mandanda,FRA,GK,Rennes,39,1985,16.5,4,0.24,3,1,0,0,0,0,0,0.0,0,0,0,0,0,0
Aïssa Mandi,ALG,DF,Lille,32,1991,19.3,23,1.19,20,2,0,1,0,0,2,0.1,1,1,0,0,0,0
Orel Mangala,BEL,MF,Lyon,26,1998,0.7,3,4.03,3,0,0,0,0,0,0,0.0,0,0,0,0,0,0
Sekou Mara,FRA,"FW,MF",Strasbourg,22,2002,8.5,10,1.17,5,0,2,3,0,0,2,0.23,0,0,0,2,0,0
Marquinhos,BRA,DF,Paris,S-G 30,1994,19.2,31,1.62,28,0,1,0,0,2,1,0.05,0,0,0,0,0,1
Jonas Martin,FRA,MF,Brest,34,1990,5.5,8,1.45,8,0,0,0,0,0,2,0.36,2,0,0,0,0,0
Han-Noah Massengo,FRA,MF,Auxerre,23,2001,11.6,12,1.03,9,0,0,0,2,1,1,0.09,0,0,0,0,0,1
Clinton Mata,ANG,DF,Lyon,31,1992,26.3,25,0.95,22,1,1,0,1,0,6,0.23,5,0,1,0,0,0
Eliot Matazo,BEL,MF,Monaco,22,2002,0.8,1,1.3,1,0,0,0,0,0,0,0.0,0,0,0,0,0,0
Nemanja Matić,SRB,MF,Lyon,35,1988,22.3,49,2.2,48,0,0,1,0,0,4,0.18,4,0,0,0,0,0
Rudy Matondo,FRA,MF,Auxerre,16,2008,0.7,0,0.0,0,0,0,0,0,0,0,0.0,0,0,0,0,0,0
Azor Matusiwa,NED,MF,Rennes,26,1998,23.1,46,1.99,38,2,0,2,2,2,6,0.26,4,0,0,1,0,1
Neal Maupay,FRA,FW,Marseille,27,1996,11.6,22,1.9,20,0,2,0,0,0,5,0.43,5,0,0,0,0,0
Christian Mawissa,FRA,DF,Monaco,19,2005,16.7,7,0.42,6,0,0,0,1,0,0,0.0,0,0,0,0,0,0
Senny Mayulu,FRA,MF,Paris S-G,18,2006,9.0,38,4.23,28,0,0,5,2,3,6,0.67,6,0,0,0,0,0
Ethan Mbappé,FRA,"MF,FW",Lille,17,2006,2.5,19,7.74,10,4,1,3,0,1,2,0.81,0,0,0,2,0,0
Ibrahim Mbaye,FRA,"FW,MF",Paris S-G,16,2008,3.8,8,2.12,6,0,1,0,0,1,2,0.53,2,0,0,0,0,0
Mark McKenzie,USA,DF,Toulouse,25,1999,27.7,14,0.5,12,0,0,2,0,0,1,0.04,1,0,0,0,0,0
Facundo Medina,ARG,DF,Lens,25,1999,28.3,68,2.41,62,1,1,3,0,1,3,0.11,3,0,0,0,0,0
Henrik Meister,DEN,FW,Rennes,20,2003,0.7,3,4.29,3,0,0,0,0,0,1,1.43,1,0,0,0,0,0
Bamo Meïté,CIV,DF,Montpellier,22,2001,4.7,2,0.42,2,0,0,0,0,0,0,0.0,0,0,0,0,0,0
Bamo Meïté,CIV,DF,Marseille,22,2001,0.3,0,0.0,0,0,0,0,0,0,0,0.0,0,0,0,0,0,0
Mohamed Meité,FRA,FW,Rennes,16,2007,6.0,13,2.17,11,0,0,1,1,0,1,0.17,1,0,0,0,0,0
Nuno Mendes,POR,DF,Paris S-G,22,2002,18.6,72,3.87,53,6,5,4,3,1,6,0.32,5,1,0,0,0,0
Antoine Mendy,SEN,DF,Nice,20,2004,9.2,13,1.42,10,0,1,1,1,0,2,0.22,2,0,0,0,0,0
Nampalys Mendy,SEN,MF,Lens,32,1992,6.5,11,1.68,8,0,0,1,1,1,2,0.31,1,0,0,0,0,1
Gideon Mensah,GHA,DF,Auxerre,26,1998,25.3,51,2.01,47,2,0,0,0,2,5,0.2,5,0,0,0,0,0
Quentin Merlin,FRA,DF,Marseille,22,2002,17.7,59,3.34,43,9,1,5,1,0,9,0.51,7,0,0,2,0,0
Rafik Messali,FRA,DF,Toulouse,21,2003,5.1,16,3.16,16,0,0,0,0,0,2,0.39,2,0,0,0,0,0
Thomas Meunier,BEL,DF,Lille,32,1991,21.4,37,1.73,32,0,1,3,1,0,7,0.33,4,0,1,2,0,0
Lucas Michal,FRA,"FW,MF",Monaco,19,2005,1.3,7,5.38,6,0,0,0,0,1,1,0.77,1,0,0,0,0,0
Georges Mikautadze,GEO,FW,Lyon,23,2000,16.1,49,3.05,39,0,3,4,3,0,12,0.75,8,0,2,0,2,0
Igor Miladinović,SRB,"FW,MF",Saint-Étienne,21,2003,0.3,0,0.0,0,0,0,0,0,0,0,0.0,0,0,0,0,0,0
Takumi Minamino,JPN,"MF,FW",Monaco,29,1995,24.8,80,3.23,67,0,6,6,0,1,7,0.28,5,0,1,1,0,0
Lucas Mincarelli,FRA,DF,Montpellier,20,2004,7.9,6,0.75,4,1,1,0,0,0,0,0.0,0,0,0,0,0,0
Terem Moffi,NGA,FW,Nice,25,1999,0.6,5,7.63,1,0,1,3,0,0,2,3.05,0,0,1,1,0,0
Mostafa Mohamed,EGY,FW,Nantes,26,1997,13.9,17,1.22,9,0,4,3,1,0,2,0.14,0,0,1,0,1,0
Florent Mollet,FRA,"MF,FW",Nantes,32,1991,2.7,10,3.7,5,3,0,1,0,1,0,0.0,0,0,0,0,0,0
Gabriel Moscardo,BRA,"MF,DF",Reims,18,2005,0.9,0,0.0,0,0,0,0,0,0,0,0.0,0,0,0,0,0,0
Yael Mouanga,FRA,DF,Montpellier,19,2005,10.5,6,0.57,4,1,0,1,0,0,0,0.0,0,0,0,0,0,0
Aimen Moueffek,FRA,MF,Saint-Étienne,23,2001,11.5,21,1.82,17,0,3,1,0,0,3,0.26,3,0,0,0,0,0
Youssoufa Moukoko,GER,"FW,MF",Nice,19,2004,2.3,6,2.62,5,0,0,1,0,0,1,0.44,1,0,0,0,0,0
Louis Mouton,FRA,MF,Saint-Étienne,22,2002,11.6,28,2.41,22,3,2,0,0,1,2,0.17,2,0,0,0,0,0
Ngal'Ayel Mukau,COD,MF,Lille,19,2004,13.2,20,1.51,19,0,0,1,0,0,1,0.08,1,0,0,0,0,0
Marshall Munetsi,ZIM,MF,Reims,28,1996,18.8,41,2.18,31,0,2,3,4,1,4,0.21,3,0,0,1,0,0
Junior Mwanga,FRA,MF,Le Havre,21,2003,10.6,24,2.27,17,4,0,3,0,0,5,0.47,4,0,0,1,0,0
Junior Mwanga,FRA,MF,Strasbourg,21,2003,3.3,2,0.61,2,0,0,0,0,0,0,0.0,0,0,0,0,0,0
Loïc N'Gatta,FRA,DF,Auxerre,20,2003,0.1,0,0.0,0,0,0,0,0,0,0,0.0,0,0,0,0,0,0
Djylian N'Guessan,FRA,FW,Saint-Étienne,15,2008,2.0,3,1.49,3,0,0,0,0,0,1,0.5,1,0,0,0,0,0
Mickael Nade,FRA,DF,Saint-Étienne,25,1999,25.6,16,0.65,11,1,0,1,1,2,5,0.2,3,0,0,1,1,0
Bilal Nadir,MAR,MF,Marseille,20,2003,4.3,17,3.99,11,1,1,1,2,1,1,0.23,0,0,0,0,1,0
Mahamadou Nagida,CMR,DF,Rennes,19,2005,4.8,10,2.06,6,1,1,0,1,1,0,0.0,0,0,0,0,0,0
Keito Nakamura,JPN,"FW,MF",Reims,24,2000,29.4,68,2.31,51,1,7,9,0,0,7,0.24,4,0,1,2,0,0
Sebastian Nanasi,SWE,"MF,FW",Strasbourg,22,2002,23.4,85,3.63,61,16,2,4,1,1,17,0.73,11,4,0,2,0,0
Yael Nandjou,FRA,DF,Nice,19,2005,1.7,4,2.34,4,0,0,0,0,0,0,0.0,0,0,0,0,0,0
Youssouf Ndayishimiye,BDI,DF,Nice,25,1998,21.5,30,1.4,23,0,1,1,3,2,2,0.09,1,0,0,0,1,0
Junior Ndiaye,FRA,FW,Montpellier,19,2005,4.9,9,1.84,7,0,1,1,0,0,0,0.0,0,0,0,0,0,0
Rassoul Ndiaye,SEN,MF,Le Havre,22,2001,11.8,22,1.87,16,2,0,2,1,1,2,0.17,1,0,0,0,1,0
Wilfried Ndollo,CMR,DF,Montpellier,19,2005,4.5,4,0.9,2,1,0,0,1,0,0,0.0,0,0,0,0,0,0
Tanguy Ndombele,FRA,MF,Nice,27,1996,12.6,31,2.46,23,1,2,2,2,1,4,0.32,4,0,0,0,0,0
João Neves,POR,"MF,DF",Paris S-G,19,2004,20.5,68,3.32,56,1,3,2,3,3,14,0.68,14,0,0,0,0,0
Steve Ngoura,FRA,FW,Le Havre,19,2005,3.2,6,1.87,1,0,2,2,1,0,0,0.0,0,0,0,0,0,0
Bernard Nguene,CMR,FW,Nice,17,2006,0.1,0,0.0,0,0,0,0,0,0,0,0.0,0,0,0,0,0,0
Moussa Niakhate,SEN,DF,Lyon,28,1996,30.3,21,0.69,20,0,0,1,0,0,2,0.07,2,0,0,0,0,0
Ibrahima Niane,SEN,FW,Angers,25,1999,10.5,21,2.0,11,0,1,4,5,0,4,0.38,1,0,0,2,1,0
Rasmus Nicolaisen,DEN,DF,Toulouse,27,1997,6.9,9,1.3,8,0,0,1,0,0,1,0.14,1,0,0,0,0,0
Arnaud Nordin,FRA,FW,Montpellier,26,1998,13.0,30,2.32,21,0,3,3,2,1,3,0.23,3,0,0,0,0,0
Ernest Nuamah,GHA,"FW,MF",Lyon,20,2003,11.7,35,2.99,27,3,0,4,1,0,2,0.17,2,0,0,0,0,0
Rabby Nzingoula,CGO,MF,Montpellier,18,2005,18.8,35,1.92,22,0,2,1,6,4,0,0.0,0,0,0,0,0,0
M'Bala Nzola,ANG,FW,Lens,27,1996,16.2,39,2.4,28,0,3,6,1,1,5,0.31,3,0,1,1,0,0
Marwann Nzuzi,FRA,DF,Saint-Étienne,20,2004,1.4,1,0.72,1,0,0,0,0,0,0,0.0,0,0,0,0,0,0
Hamzat Ojediran,NGA,"MF,FW",Lens,20,2003,4.6,9,1.96,6,0,0,3,0,0,2,0.44,0,0,0,2,0,0
Joseph Okumu,KEN,DF,Reims,27,1997,18.8,25,1.33,24,1,0,0,0,0,3,0.16,3,0,0,0,0,0
Kazeem Olaigbe,BEL,"MF,FW",Rennes,21,2003,3.3,25,7.53,21,1,2,1,0,0,4,1.2,4,0,0,0,0,0
Ben Old,NZL,"FW,MF",Saint-Étienne,21,2002,5.9,16,2.73,11,0,2,1,1,1,1,0.17,1,0,0,0,0,0
Warmed Omari,COM,DF,Lyon,24,2000,0.1,0,0.0,0,0,0,0,0,0,0,0.0,0,0,0,0,0,0
Becir Omeragic,SUI,DF,Montpellier,22,2002,20.0,9,0.45,7,0,1,1,0,0,0,0.0,0,0,0,0,0,0
Andrew Omobamidele,IRL,DF,Strasbourg,22,2002,6.0,1,0.17,1,0,0,0,0,0,0,0.0,0,0,0,0,0,0
Ado Onaiwu,JPN,"MF,FW",Auxerre,28,1995,10.6,28,2.63,23,0,0,2,2,1,1,0.09,1,0,0,0,0,0
Fredrik Oppegard,NOR,DF,Auxerre,21,2002,3.0,8,2.64,6,0,0,1,0,1,0,0.0,0,0,0,0,0,0
Victor Orakpo,NGA,FW,Nice,18,2006,0.4,1,2.5,1,0,0,0,0,0,0,0.0,0,0,0,0,0,0
Ike Orazi,IRL,MF,Reims,17,2007,0.0,0,0.0,0,0,0,0,0,0,0,0.0,0,0,0,0,0,0
Gift Orban,NGA,"FW,DF",Lyon,22,2002,2.1,2,0.97,1,1,0,0,0,0,0,0.0,0,0,0,0,0,0
Gabriel Osho,NGA,DF,Auxerre,25,1998,18.4,3,0.16,2,0,0,0,0,1,0,0.0,0,0,0,0,0,0
Jibril Othman,TUN,FW,Saint-Étienne,20,2004,0.1,0,0.0,0,0,0,0,0,0,0,0.0,0,0,0,0,0,0
Beres Owusu,FRA,DF,Saint-Étienne,20,2003,1.0,2,2.0,1,1,0,0,0,0,0,0.0,0,0,0,0,0,0
Elisha Owusu,GHA,MF,Auxerre,26,1997,26.0,33,1.27,31,0,0,0,0,2,5,0.19,5,0,0,0,0,0
Willian Pacho,ECU,DF,Paris S-G,22,2001,23.7,13,0.55,11,0,0,1,0,1,3,0.13,2,0,0,1,0,0
Nicolas Pallois,FRA,DF,Nantes,36,1987,22.4,11,0.49,11,0,0,0,0,0,1,0.04,1,0,0,0,0,0
Nicolas Pays,FRA,"FW,MF",Montpellier,20,2003,5.0,11,2.21,7,0,0,2,1,1,1,0.2,1,0,0,0,0,0
Kévin Pedro,FRA,DF,Saint-Étienne,18,2006,0.1,0,0.0,0,0,0,0,0,0,0,0.0,0,0,0,0,0,0
Jordan Pefok,USA,FW,Reims,28,1996,4.2,9,2.13,5,0,1,2,1,0,0,0.0,0,0,0,0,0,0
Théo Pellenard,FRA,DF,Auxerre,30,1994,0.5,1,2.0,1,0,0,0,0,0,0,0.0,0,0,0,0,0,0
Timothee Pembele,FRA,DF,Le Havre,21,2002,12.4,12,0.97,9,0,1,0,2,0,1,0.08,1,0,0,0,0,0
Óscar Perea,COL,"MF,DF",Strasbourg,18,2005,0.2,1,6.43,0,0,1,0,0,0,0,0.0,0,0,0,0,0,0
Lucas Perri,BRA,GK,Lyon,26,1997,33.0,4,0.12,2,2,0,0,0,0,0,0.0,0,0,0,0,0,0
Gaëtan Perrin,FRA,"MF,FW",Auxerre,28,1996,29.9,125,4.18,69,38,8,3,3,4,18,0.6,8,7,2,0,1,0
Prosper Peter,NGA,"MF,FW",Angers,16,2007,0.3,0,0.0,0,0,0,0,0,0,0,0.0,0,0,0,0,0,0
Léo Pétrot,FRA,DF,Saint-Étienne,27,1997,29.3,40,1.42,36,2,1,1,0,0,6,0.21,6,0,0,0,0,0
Đorđe Petrović,SRB,GK,Strasbourg,24,1999,31.0,2,0.06,2,0,0,0,0,0,0,0.0,0,0,0,0,0,0
Adrien Rabiot,FRA,MF,Marseille,29,1995,27.6,66,2.39,53,0,5,6,2,0,11,0.4,8,0,2,0,1,0
Gonçalo Ramos,POR,FW,Paris S-G,23,2001,11.8,30,2.54,23,0,0,5,2,0,6,0.51,4,0,0,1,1,0
Rayan Raveloson,MAD,"MF,DF",Auxerre,27,1997,8.0,17,2.11,12,2,0,2,1,0,0,0.0,0,0,0,0,0,0
Guillaume Restes,FRA,GK,Toulouse,19,2005,28.3,3,0.11,3,0,0,0,0,0,1,0.04,1,0,0,0,0,0
Alexsandro Ribeiro,BRA,DF,Lille,24,1999,30.0,40,1.33,32,2,0,4,0,2,4,0.13,4,0,0,0,0,0
Alejandro Rodriguez,POR,MF,Lyon,16,2008,0.2,0,0.0,0,0,0,0,0,0,0,0.0,0,0,0,0,0,0
Valentin Rongier,FRA,"MF,DF",Marseille,29,1994,17.4,35,2.02,29,0,0,3,1,2,6,0.35,5,0,0,0,1,0
Pablo Rosario,DOM,"MF,DF",Nice,27,1997,19.7,35,1.78,30,0,1,1,0,3,2,0.1,2,0,0,0,0,0
Anthony Rouault,FRA,DF,Rennes,23,2001,10.8,10,0.93,9,0,0,0,0,1,0,0.0,0,0,0,0,0,0
Jon Rowe,ENG,"FW,MF",Marseille,21,2003,9.0,38,4.24,20,2,8,6,2,0,7,0.78,4,0,1,2,0,0
Fabián Ruiz Peña,ESP,MF,Paris S-G,28,1996,21.4,89,4.16,79,0,2,6,0,2,14,0.65,12,0,0,1,0,1
Gerónimo Rulli,ARG,GK,Marseille,32,1992,34.0,8,0.24,7,0,0,0,0,1,2,0.06,1,0,0,0,0,1
Mathew Ryan,AUS,GK,Lens,32,1992,14.0,4,0.29,3,1,0,0,0,0,0,0.0,0,0,0,0,0,0
Emmanuel Sabbi,USA,"FW,MF",Le Havre,26,1997,7.3,20,2.76,10,0,4,2,3,1,2,0.28,1,0,0,1,0,0
Falaye Sacko,MLI,DF,Montpellier,29,1995,13.7,20,1.57,19,1,0,0,0,0,1,0.08,1,0,0,0,0,0
Matvei Safonov,RUS,GK,Paris S-G,25,1999,9.8,0,0.0,0,0,0,0,0,0,0,0.0,0,0,0,0,0,0
Modibo Sagnan,MLI,DF,Montpellier,25,1999,23.8,15,0.66,12,0,2,0,1,0,2,0.09,1,0,1,0,0,0
Osame Sahraoui,MAR,"FW,MF",Lille,23,2001,14.4,67,4.66,57,1,5,3,1,0,6,0.42,5,0,0,1,0,0
Wesley Saïd,FRA,FW,Lens,29,1995,10.1,27,2.69,18,0,5,1,2,1,0,0.0,0,0,0,0,0,0
Théo Sainte-Luce,FRA,DF,Montpellier,25,1998,11.3,12,1.11,11,0,0,0,0,1,0,0.0,0,0,0,0,0,0
Ibrahim Salah,MAR,FW,Brest,22,2001,4.0,11,2.76,8,0,2,1,0,0,2,0.5,1,0,0,1,0,0
Amine Salama,FRA,FW,Reims,24,2000,4.1,8,1.93,5,0,0,2,0,1,0,0.0,0,0,0,0,0,0
Mohammed Salisu,GHA,DF,Monaco,25,1999,11.4,14,1.23,11,0,0,2,0,1,1,0.09,1,0,0,0,0,0
Yoann Salmier,GUF,DF,Le Havre,31,1992,8.9,3,0.34,3,0,0,0,0,0,1,0.11,1,0,0,0,0,0
Brice Samba,FRA,GK,Rennes,30,1994,17.0,0,0.0,0,0,0,0,0,0,0,0.0,0,0,0,0,0,0
Brice Samba,FRA,GK,Lens,30,1994,15.0,4,0.27,4,0,0,0,0,0,0,0.0,0,0,0,0,0,0
Arouna Sangante,SEN,DF,Le Havre,22,2002,13.8,12,0.87,10,2,0,0,0,0,0,0.0,0,0,0,0,0,0
Morgan Sanson,FRA,MF,Nice,29,1994,2.6,6,2.29,4,0,1,1,0,0,0,0.0,0,0,0,0,0,0
Baptiste Santamaria,FRA,MF,Nice,29,1995,10.3,21,2.04,15,1,1,3,1,0,1,0.1,1,0,0,0,0,0
Baptiste Santamaria,FRA,MF,Rennes,29,1995,5.4,10,1.87,8,1,0,0,1,0,2,0.37,1,0,0,0,1,0
Andrey Santos,BRA,MF,Strasbourg,20,2004,31.7,56,1.77,47,0,1,1,2,5,6,0.19,4,0,0,0,1,1
Tiago Santos,POR,DF,Lille,22,2002,4.5,16,3.56,14,0,1,0,1,0,3,0.67,2,0,0,0,1,0
Malang Sarr,FRA,DF,Lens,25,1999,15.4,21,1.36,20,1,0,0,0,0,2,0.13,2,0,0,0,0,0
Mamadou Sarr,FRA,DF,Strasbourg,18,2005,26.3,12,0.46,10,0,0,2,0,0,2,0.08,1,0,0,1,0,0
Martin Satriano,URU,"FW,DF",Lens,23,2001,1.0,2,2.02,2,0,0,0,0,0,0,0.0,0,0,0,0,0,0
Téji Savanier,FRA,MF,Montpellier,32,1991,26.3,122,4.83,71,33,3,4,7,4,7,0.28,4,2,0,0,1,0
Niklas Schmidt,GER,MF,Toulouse,26,1998,2.3,12,5.27,6,4,0,2,0,0,1,0.44,1,0,0,0,0,0
Jérémy Sebas,MTQ,"FW,MF",Strasbourg,21,2003,2.1,4,1.91,2,0,2,0,0,0,0,0.0,0,0,0,0,0,0
Alidu Seidu,GHA,DF,Rennes,24,2000,8.9,12,1.34,8,2,1,0,1,0,0,0.0,0,0,0,0,0,0
Hiroki Sekine,JPN,DF,Reims,21,2002,9.9,19,1.93,17,0,0,1,1,0,1,0.1,1,0,0,0,0,0
Marvin Senaya,TOG,DF,Strasbourg,23,2001,2.5,3,1.19,2,0,0,1,0,0,0,0.0,0,0,0,0,0,0
Djibril Sidibé,FRA,DF,Toulouse,32,1992,23.3,35,1.5,34,0,0,0,1,0,7,0.3,7,0,0,0,0,0
Vincent Sierro,SUI,MF,Toulouse,28,1995,26.7,63,2.36,39,16,1,4,2,1,4,0.15,4,0,0,0,0,0
Abdallah Sima,SEN,"FW,MF",Brest,23,2001,13.8,28,2.04,20,0,1,4,3,0,3,0.22,2,0,0,0,1,0
Moses Simon,NGA,"FW,MF",Nantes,29,1995,29.0,108,3.73,55,20,20,6,6,1,15,0.52,9,1,2,2,1,0
Lassine Sinayoko,MLI,"FW,MF",Auxerre,24,1999,25.5,96,3.76,68,1,12,9,5,1,20,0.78,11,0,4,1,4,0
Wilfried Singo,CIV,DF,Monaco,23,2000,23.3,19,0.82,14,1,0,2,0,2,2,0.09,1,0,0,0,0,1
Ayanda Sishuba,BEL,FW,Rennes,19,2005,0.0,0,0.0,0,0,0,0,0,0,0,0.0,0,0,0,0,0,0
Ibrahim Sissoko,MLI,FW,Saint-Étienne,28,1995,9.1,21,2.31,10,0,1,4,4,2,1,0.11,1,0,0,0,0,0
Niama Sissoko,MLI,"FW,MF",Reims,18,2005,0.5,1,1.91,0,0,0,1,0,0,0,0.0,0,0,0,0,0,0
Milan Škriniar,SVK,DF,Paris S-G,29,1995,4.2,6,1.41,5,0,0,1,0,0,0,0.0,0,0,0,0,0,0
Naatan Skyttä,FIN,FW,Toulouse,22,2002,0.1,0,0.0,0,0,0,0,0,0,0,0.0,0,0,0,0,0,0
Eduard Sobol,UKR,DF,Strasbourg,29,1995,1.1,0,0.0,0,0,0,0,0,0,0,0.0,0,0,0,0,0,0
Florian Sotoca,FRA,"FW,MF",Lens,33,1990,19.9,53,2.66,44,0,4,2,3,0,3,0.15,3,0,0,0,0,0
Issa Soumaré,SEN,"FW,MF",Le Havre,23,2000,21.1,52,2.46,36,0,3,5,7,1,9,0.43,6,0,1,1,1,0
Saidou Sow,GUI,DF,Strasbourg,22,2002,11.3,6,0.53,6,0,0,0,0,0,1,0.09,1,0,0,0,0,0
Saidou Sow,GUI,DF,Nantes,22,2002,8.9,9,1.01,8,0,0,1,0,0,0,0.0,0,0,0,0,0,0
Lucas Stassin,BEL,FW,Saint-Étienne,19,2004,21.0,34,1.7,27,0,3,2,2,0,8,0.4,4,0,2,1,1,0
Enzo Sternal,FRA,"FW,MF",Marseille,17,2007,0.3,1,3.75,1,0,0,0,0,0,0,0.0,0,0,0,0,0,0
Gabriel Suazo,CHI,DF,Toulouse,26,1997,24.0,82,3.41,60,18,1,0,2,1,11,0.46,8,2,1,0,0,0
Abakar Sylla,CIV,DF,Strasbourg,21,2002,10.6,4,0.38,3,0,0,1,0,0,1,0.09,0,0,0,1,0,0
Issiaga Sylla,GUI,DF,Montpellier,30,1994,12.8,20,1.62,12,6,1,1,0,0,2,0.16,0,2,0,0,0,0
Musa Al-Taamari,JOR,"FW,MF",Montpellier,27,1997,12.4,35,2.82,21,0,5,4,5,0,5,0.4,2,0,1,1,1,0
Musa Al-Taamari,JOR,"FW,MF",Rennes,27,1997,6.3,22,3.5,16,0,2,1,2,1,1,0.16,1,0,0,0,0,0
Nicolás Tagliafico,ARG,DF,Lyon,31,1992,21.1,28,1.32,24,0,0,2,2,0,6,0.28,3,0,0,1,2,0
Florian Tardieu,FRA,MF,Saint-Étienne,32,1992,13.9,45,3.48,39,2,0,1,2,1,5,0.39,4,1,0,0,0,0
Oussama Targhalline,MAR,MF,Le Havre,22,2002,11.0,20,1.82,18,1,0,0,0,1,2,0.18,2,0,0,0,0,0
Enzo Tchato,CMR,DF,Montpellier,21,2002,21.1,33,1.56,27,5,1,0,0,0,0,0.0,0,0,0,0,0,0
Arnau Tenas,ESP,GK,Paris S-G,23,2001,1.0,2,2.0,2,0,0,0,0,0,1,1.0,1,0,0,0,0,0
Tanner Tessmann,USA,MF,Lyon,22,2001,13.7,18,1.31,10,2,2,1,2,1,1,0.07,0,0,0,0,1,0
Teddy Teuma,MLT,MF,Reims,30,1993,8.3,28,3.36,21,3,1,2,1,0,0,0.0,0,0,0,0,0,0
Jordan Teze,NED,DF,Monaco,24,1999,6.3,19,3.01,19,0,0,0,0,0,0,0.0,0,0,0,0,0,0
Sorba Thomas,WAL,"FW,MF",Nantes,24,1999,14.7,54,3.68,36,16,0,1,1,0,6,0.41,6,0,0,0,0,0
Adrien Thomasson,FRA,MF,Lens,30,1993,29.1,109,3.75,85,9,0,8,3,4,11,0.38,8,0,0,3,0,0
Corentin Tolisso,FRA,MF,Lyon,29,1994,25.9,81,3.13,74,0,1,5,1,0,15,0.58,14,0,0,1,0,0
Abdoulaye Touré,GUI,MF,Le Havre,30,1994,25.8,49,1.9,35,0,1,5,7,1,5,0.19,3,0,0,1,1,0
Birama Touré,MLI,"MF,DF",Montpellier,32,1992,3.3,6,1.79,5,0,0,0,0,1,0,0.0,0,0,0,0,0,0
Ousmane Toure,FRA,DF,Lille,19,2005,0.1,0,0.0,0,0,0,0,0,0,0,0.0,0,0,0,0,0,0
Vanderson,BRA,DF,Monaco,23,2001,22.9,58,2.53,49,0,5,2,1,1,8,0.35,6,0,1,1,0,0
Robinio Vaz,FRA,FW,Marseille,17,2007,0.8,3,3.6,0,0,0,0,2,1,2,2.4,0,0,0,0,1,1
Jordan Veretout,FRA,MF,Lyon,31,1993,17.3,36,2.09,30,3,0,2,0,1,1,0.06,0,0,0,1,0,0
Ben Viadere,FRA,MF,Auxerre,18,2005,0.1,1,18.0,0,1,0,0,0,0,0,0.0,0,0,0,0,0,0
Vitinha,POR,MF,Paris,S-G 24,2000,22.7,73,3.22,66,2,3,2,0,0,4,0.18,2,1,1,0,0,0
Ibrahima Wadji,SEN,"FW,MF",Saint-Étienne,29,1995,3.9,8,2.09,4,0,2,2,0,0,1,0.26,0,0,0,1,0,0
Elye Wahi,FRA,FW,Marseille,21,2003,6.4,16,2.5,12,0,2,2,0,0,4,0.63,3,0,1,0,0,0
Christopher Wooh,CMR,DF,Rennes,22,2001,16.2,16,0.99,10,1,0,2,3,0,1,0.06,1,0,0,0,0,0
Etienne Youte Kinkoue,FRA,DF,Le Havre,22,2002,25.8,14,0.54,12,0,0,2,0,0,1,0.04,1,0,0,0,0,0
Wilfried Zaha,CIV,FW,Lyon,31,1992,0.8,0,0.0,0,0,0,0,0,0,0,0.0,0,0,0,0,0,0
Warren Zaïre-Emery,FRA,"MF,DF",Paris S-G,18,2006,22.8,52,2.28,47,1,1,3,0,0,4,0.18,2,1,1,0,0,0
Miha Zajc,SVN,MF,Toulouse,30,1994,2.9,6,2.05,4,1,0,0,1,0,0,0.0,0,0,0,0,0,0
Denis Zakaria,SUI,MF,Monaco,27,1996,23.8,52,2.18,41,0,2,5,1,3,10,0.42,8,0,0,1,0,1
Anass Zaroury,MAR,"FW,MF",Lens,23,2000,15.6,72,4.61,49,14,2,4,3,0,4,0.26,3,0,0,0,1,0
Nathan Zeze,FRA,DF,Nantes,19,2005,16.8,10,0.6,9,0,0,0,1,0,0,0.0,0,0,0,0,0,0
Edon Zhegrova,KVX,"FW,MF",Lille,25,1999,10.9,38,3.5,21,9,5,1,2,0,3,0.28,2,0,0,1,0,0
Melvin Zinga,FRA,GK,Angers,22,2002,1.0,0,0.0,0,0,0,0,0,0,0,0.0,0,0,0,0,0,0
Luck Zogbé,CIV,DF,Brest,19,2005,7.1,15,2.11,8,0,0,2,2,3,1,0.14,1,0,0,0,0,0
Aristide Zossou,CIV,MF,Auxerre,19,2005,0.2,0,0.0,0,0,0,0,0,0,0,0.0,0,0,0,0,0,0
Edhy Zuliani,FRA,DF,Toulouse,19,2004,0.1,0,0.0,0,0,0,0,0,0,0,0.0,0,0,0,0,0,0
